# Blender 4.2.0
# www.blender.org
mtllib untitled.mtl
o Shorts_ShortsMat2_0
v 0.066472 1.159692 -0.577057
v 0.065635 1.159820 -0.558542
v 0.070393 1.146406 -0.569146
v -0.077194 1.145319 -0.575177
v -0.075619 1.145566 -0.566280
v -0.070409 1.160601 -0.566880
v 0.070471 1.146339 -0.576868
v 0.066472 1.159692 -0.577057
v 0.070393 1.146406 -0.569146
v -0.074045 1.160329 -0.585696
v -0.077194 1.145319 -0.575177
v -0.070409 1.160601 -0.566880
v 0.116345 1.416313 -0.404176
v 0.119032 1.442440 -0.403505
v 0.146591 1.436827 -0.406387
v 0.147904 1.412719 -0.404824
v 0.130738 1.390680 -0.403747
v 0.110423 1.387172 -0.407607
v 0.093303 1.408611 -0.412430
v 0.152859 1.393571 -0.404226
v 0.073133 1.405319 -0.738622
v 0.043088 1.430743 -0.732339
v 0.036658 1.420439 -0.717156
v 0.056663 1.399230 -0.720120
v 0.072974 1.428926 -0.754872
v 0.045556 1.445791 -0.748624
v 0.105287 1.400568 -0.755830
v 0.100372 1.422303 -0.767336
v 0.089302 1.378786 -0.733170
v 0.113771 1.379437 -0.747187
v 0.071313 1.378002 -0.720403
v -0.068695 1.407548 -0.721148
v -0.080804 1.382827 -0.717848
v -0.063239 1.381999 -0.704291
v -0.052187 1.400784 -0.702010
v -0.068795 1.429954 -0.733822
v -0.092531 1.422377 -0.744153
v -0.096154 1.402875 -0.736968
v -0.101434 1.382226 -0.731078
v -0.064020 1.421664 -0.425174
v -0.100730 1.417005 -0.409050
v -0.094381 1.437787 -0.409937
v -0.062777 1.442865 -0.422860
v -0.035622 1.453986 -0.435950
v -0.034246 1.439378 -0.442985
v -0.029286 1.425776 -0.453468
v -0.048142 1.412147 -0.442418
v -0.066049 1.387621 -0.431558
v -0.085761 1.391117 -0.417976
v -0.079612 1.362790 -0.429493
v -0.098846 1.365834 -0.417395
v -0.121029 1.367890 -0.409586
v -0.112178 1.391885 -0.408287
v -0.143766 1.369842 -0.405817
v -0.136367 1.393157 -0.404268
v -0.128780 1.416515 -0.403567
v -0.159388 1.394618 -0.402796
v -0.152733 1.417380 -0.401413
v -0.147146 1.439577 -0.400876
v -0.122135 1.438730 -0.404146
v -0.142728 1.460665 -0.401093
v -0.117192 1.459488 -0.405254
v -0.090740 1.458822 -0.411582
v -0.063305 1.461694 -0.421569
v -0.113357 1.479778 -0.405816
v -0.087753 1.479102 -0.412215
v -0.062391 1.481805 -0.419475
v -0.034885 1.486926 -0.423932
v -0.036001 1.469865 -0.430063
v -0.084547 1.498708 -0.409431
v -0.060182 1.500137 -0.414365
v -0.032845 1.503814 -0.416721
v -0.003195 1.505574 -0.416133
v -0.005129 1.489888 -0.423265
v -0.057027 1.518141 -0.406572
v -0.030820 1.520000 -0.408418
v -0.001434 1.520861 -0.407822
v -0.001434 1.520861 -0.407822
v 0.029013 1.516887 -0.406181
v 0.026618 1.501343 -0.413484
v -0.003195 1.505574 -0.416133
v -0.028320 1.536513 -0.399280
v 0.000404 1.535943 -0.399283
v 0.000404 1.535943 -0.399283
v 0.030571 1.532144 -0.398446
v 0.060618 1.524890 -0.398477
v 0.059526 1.507789 -0.403475
v 0.002848 1.552538 -0.393089
v 0.031922 1.548759 -0.392961
v 0.060737 1.543665 -0.394481
v 0.088013 1.539370 -0.398241
v 0.089685 1.517754 -0.400236
v 0.033165 1.567610 -0.391058
v 0.060597 1.563965 -0.392521
v 0.086791 1.560792 -0.395697
v 0.111306 1.559097 -0.399610
v 0.113363 1.536975 -0.401527
v 0.060607 1.584834 -0.391895
v 0.085897 1.582819 -0.395081
v 0.109905 1.581907 -0.398951
v 0.133540 1.581804 -0.402680
v 0.135355 1.558640 -0.402922
v 0.085132 1.605425 -0.396074
v 0.108808 1.605291 -0.400024
v 0.131959 1.605655 -0.404016
v 0.154998 1.606580 -0.408899
v 0.157101 1.582356 -0.406550
v 0.107655 1.628630 -0.402408
v 0.130359 1.629765 -0.407407
v 0.152761 1.631177 -0.413563
v 0.174931 1.632175 -0.421366
v 0.177628 1.607399 -0.415578
v 0.128793 1.652823 -0.411184
v 0.150820 1.654791 -0.418272
v 0.172580 1.656086 -0.426405
v 0.194096 1.656232 -0.434265
v 0.196793 1.632386 -0.428948
v 0.150007 1.674232 -0.418924
v 0.171364 1.676033 -0.427457
v 0.192249 1.676658 -0.436029
v 0.212929 1.675997 -0.444602
v 0.215182 1.655183 -0.442316
v 0.168355 1.689196 -0.431681
v 0.188874 1.689948 -0.440425
v 0.208982 1.689768 -0.449225
v 0.228239 1.688942 -0.458853
v 0.232601 1.674225 -0.454602
v 0.280618 1.148922 -0.462324
v 0.264161 1.149377 -0.454628
v 0.262664 1.171530 -0.452296
v 0.279504 1.171493 -0.460030
v 0.294849 1.171832 -0.468707
v 0.295392 1.148988 -0.471339
v 0.308064 1.172870 -0.478731
v 0.308242 1.149777 -0.481345
v 0.276983 1.195339 -0.455531
v 0.293295 1.196063 -0.463729
v 0.307875 1.197098 -0.473066
v 0.320653 1.198359 -0.484866
v 0.319812 1.174284 -0.490302
v 0.292434 1.219682 -0.456060
v 0.308198 1.220912 -0.465745
v 0.321894 1.222203 -0.478491
v 0.333740 1.223829 -0.494130
v 0.332096 1.199884 -0.499654
v 0.306789 1.243553 -0.462100
v 0.321093 1.245073 -0.475457
v 0.332871 1.246801 -0.490676
v 0.340738 1.249019 -0.508295
v 0.342303 1.225936 -0.511269
v 0.318509 1.267051 -0.474559
v 0.330255 1.268952 -0.489446
v 0.337230 1.271184 -0.506945
v 0.339050 1.272898 -0.526422
v 0.343389 1.250700 -0.527280
v 0.327612 1.291107 -0.488219
v 0.333584 1.293261 -0.505957
v 0.335467 1.294593 -0.525668
v 0.336752 1.295049 -0.546085
v 0.339383 1.273451 -0.546536
v 0.330196 1.315012 -0.505164
v 0.335110 1.316052 -0.524293
v 0.338134 1.316607 -0.544843
v 0.338367 1.316859 -0.567266
v 0.338810 1.295216 -0.567137
v 0.335572 1.337407 -0.522543
v 0.342308 1.338112 -0.543243
v 0.340685 1.338518 -0.567299
v 0.340685 1.338518 -0.567299
v 0.336726 1.337130 -0.590162
v 0.336585 1.315773 -0.589091
v 0.338367 1.316859 -0.567266
v 0.342484 1.359440 -0.543371
v 0.338279 1.359110 -0.567701
v 0.338279 1.359110 -0.567701
v 0.333908 1.357812 -0.591282
v 0.325099 1.355620 -0.613523
v 0.328489 1.334840 -0.611745
v 0.336410 1.379412 -0.569095
v 0.329099 1.377949 -0.592906
v 0.321804 1.376095 -0.615524
v 0.319357 1.374356 -0.637121
v 0.322838 1.353784 -0.634561
v 0.323925 1.397843 -0.594918
v 0.318789 1.396281 -0.617689
v 0.315458 1.394691 -0.639730
v 0.307607 1.391922 -0.659853
v 0.312178 1.371452 -0.656675
v 0.315888 1.416330 -0.619680
v 0.311451 1.414655 -0.642092
v 0.302914 1.412239 -0.662731
v 0.289879 1.409115 -0.680520
v 0.294670 1.388393 -0.676828
v 0.307827 1.434663 -0.644303
v 0.298615 1.432469 -0.665285
v 0.285385 1.429612 -0.683913
v 0.270822 1.426386 -0.701444
v 0.274628 1.405668 -0.696644
v 0.295005 1.452609 -0.667949
v 0.281813 1.450006 -0.687365
v 0.267882 1.447016 -0.706069
v 0.252745 1.443708 -0.723957
v 0.255016 1.422943 -0.717891
v 0.279582 1.470396 -0.690984
v 0.265747 1.467604 -0.710381
v 0.251006 1.464434 -0.729248
v 0.234500 1.460971 -0.746758
v 0.235781 1.440139 -0.740113
v 0.264222 1.488221 -0.714350
v 0.249456 1.485271 -0.733670
v 0.232947 1.482022 -0.751747
v 0.214226 1.478545 -0.767561
v 0.215605 1.457293 -0.761796
v 0.247949 1.506224 -0.737350
v 0.231564 1.503225 -0.755812
v 0.212912 1.500069 -0.772086
v 0.191963 1.496930 -0.785108
v 0.193611 1.475090 -0.780598
v 0.229298 1.524761 -0.758079
v 0.210877 1.521931 -0.774311
v 0.189802 1.519212 -0.787183
v 0.166974 1.516764 -0.796307
v 0.169169 1.494089 -0.794542
v 0.207621 1.544063 -0.774471
v 0.187155 1.541637 -0.787205
v 0.164495 1.539511 -0.796234
v 0.140766 1.537750 -0.801401
v 0.142920 1.514830 -0.801489
v 0.183443 1.563993 -0.785332
v 0.161547 1.561958 -0.794055
v 0.138179 1.560380 -0.799225
v 0.114558 1.559452 -0.801496
v 0.116705 1.536622 -0.803192
v 0.158030 1.584288 -0.791060
v 0.135487 1.582944 -0.795778
v 0.112194 1.582262 -0.797937
v 0.088843 1.582017 -0.798203
v 0.090938 1.559183 -0.801541
v 0.132481 1.605375 -0.791211
v 0.109762 1.604687 -0.793290
v 0.086723 1.604410 -0.793577
v 0.063692 1.604261 -0.792513
v 0.065422 1.582037 -0.796956
v 0.107585 1.627037 -0.791198
v 0.084765 1.626340 -0.789851
v 0.062020 1.625910 -0.787657
v 0.039216 1.625848 -0.786626
v 0.040375 1.604318 -0.791211
v 0.082694 1.647266 -0.786524
v 0.060229 1.646835 -0.783173
v 0.037945 1.646694 -0.782319
v 0.015524 1.646514 -0.782739
v 0.016330 1.625875 -0.786579
v 0.058345 1.665714 -0.779164
v 0.036422 1.665835 -0.779400
v 0.014501 1.665422 -0.780287
v -0.007419 1.664734 -0.781438
v -0.006988 1.646207 -0.783852
v -0.051166 1.663291 -0.783381
v -0.072825 1.662812 -0.783188
v -0.073431 1.646250 -0.786656
v -0.051563 1.645803 -0.786499
v -0.029351 1.645898 -0.785265
v -0.029289 1.663965 -0.782621
v -0.052156 1.626160 -0.790710
v -0.029442 1.625742 -0.789181
v -0.029351 1.645898 -0.785265
v -0.029442 1.625742 -0.789181
v -0.006600 1.625802 -0.787543
v -0.029289 1.663965 -0.782621
v -0.029674 1.605082 -0.793113
v -0.006355 1.604684 -0.791462
v 0.016993 1.604468 -0.790726
v -0.006323 1.583464 -0.794508
v 0.017655 1.582873 -0.794039
v 0.041637 1.582383 -0.795085
v 0.018283 1.561359 -0.796012
v 0.042891 1.560369 -0.797661
v 0.067088 1.559565 -0.800079
v 0.044153 1.538557 -0.798030
v 0.068794 1.537165 -0.800903
v 0.092798 1.536431 -0.802831
v 0.070469 1.514993 -0.798335
v 0.094334 1.513623 -0.801205
v 0.118401 1.513673 -0.802718
v 0.095706 1.490629 -0.796330
v 0.119752 1.490462 -0.799715
v 0.144830 1.491828 -0.799488
v 0.121216 1.467346 -0.794049
v 0.146783 1.469094 -0.795274
v 0.171198 1.471817 -0.790354
v 0.149125 1.446842 -0.789272
v 0.173295 1.449992 -0.784231
v 0.195292 1.453584 -0.774516
v 0.175574 1.428946 -0.775351
v 0.197047 1.432630 -0.766327
v 0.217029 1.436386 -0.754308
v 0.199448 1.411840 -0.757000
v 0.219094 1.415619 -0.745907
v 0.237661 1.419354 -0.732760
v 0.222073 1.394729 -0.737549
v 0.240620 1.398468 -0.725456
v 0.258153 1.402126 -0.711655
v 0.244375 1.377575 -0.718613
v 0.262098 1.381281 -0.705756
v 0.279097 1.384878 -0.691939
v 0.266581 1.360493 -0.700532
v 0.283708 1.364136 -0.687510
v 0.299289 1.367768 -0.673101
v 0.288144 1.343423 -0.683429
v 0.303342 1.347072 -0.669326
v 0.316081 1.350815 -0.653495
v 0.307103 1.326274 -0.665752
v 0.319686 1.329892 -0.650427
v 0.326268 1.332858 -0.632154
v 0.323458 1.308657 -0.647908
v 0.329988 1.311614 -0.630035
v 0.331984 1.313771 -0.610113
v 0.334304 1.290118 -0.628152
v 0.337635 1.292786 -0.608619
v 0.339704 1.294573 -0.588104
v 0.341680 1.271232 -0.606922
v 0.342408 1.272839 -0.587044
v 0.340816 1.273344 -0.566751
v 0.338810 1.295216 -0.567137
v 0.344589 1.250366 -0.585785
v 0.344359 1.250998 -0.566313
v 0.340816 1.273344 -0.566751
v 0.344359 1.250998 -0.566313
v 0.344046 1.251207 -0.546743
v 0.348193 1.228012 -0.566362
v 0.347526 1.228080 -0.547746
v 0.346182 1.227548 -0.529198
v 0.348756 1.204228 -0.549646
v 0.346003 1.203207 -0.532820
v 0.340829 1.201594 -0.516208
v 0.344172 1.178837 -0.536029
v 0.338529 1.177247 -0.520223
v 0.330009 1.175818 -0.504279
v 0.335588 1.154265 -0.522124
v 0.327843 1.152663 -0.506831
v 0.319068 1.151070 -0.493009
v 0.257702 1.685848 -0.487854
v 0.267312 1.684706 -0.506649
v 0.273230 1.667300 -0.504155
v 0.261664 1.668573 -0.485494
v 0.249189 1.671417 -0.468370
v 0.244990 1.687524 -0.471538
v 0.264594 1.647740 -0.482739
v 0.251324 1.650365 -0.465712
v 0.234883 1.653241 -0.452188
v 0.255086 1.628252 -0.460724
v 0.238459 1.630363 -0.446438
v 0.218396 1.631824 -0.436443
v 0.241557 1.606751 -0.441382
v 0.221771 1.607667 -0.430214
v 0.199975 1.607844 -0.422398
v 0.224956 1.583810 -0.425737
v 0.203308 1.583676 -0.416982
v 0.180368 1.583061 -0.411289
v 0.206326 1.560617 -0.414329
v 0.182887 1.559762 -0.409274
v 0.159180 1.559017 -0.405817
v 0.185018 1.537143 -0.409862
v 0.161165 1.536370 -0.406741
v 0.137423 1.536204 -0.404078
v 0.162976 1.513580 -0.409169
v 0.139706 1.513460 -0.405735
v 0.116227 1.514375 -0.402748
v 0.142564 1.488990 -0.407095
v 0.119345 1.490230 -0.403561
v 0.090483 1.496734 -0.401414
v 0.120340 1.466021 -0.403752
v 0.088671 1.477836 -0.403477
v 0.056845 1.491431 -0.408575
v 0.084743 1.460238 -0.407553
v 0.052749 1.475367 -0.414209
v 0.023734 1.485920 -0.419623
v 0.047472 1.459994 -0.420835
v 0.020239 1.470071 -0.425743
v -0.007344 1.473899 -0.429865
v -0.005129 1.489888 -0.423265
v 0.015524 1.455078 -0.433361
v -0.009761 1.458448 -0.437076
v -0.007344 1.473899 -0.429865
v -0.009761 1.458448 -0.437076
v 0.009373 1.441308 -0.443171
v -0.011963 1.443820 -0.445509
v -0.011963 1.443820 -0.445509
v 0.002839 1.428630 -0.454743
v -0.012996 1.429820 -0.455826
v -0.012996 1.429820 -0.455826
v -0.002283 1.416092 -0.467272
v -0.013498 1.416238 -0.467661
v -0.013498 1.416238 -0.467661
v -0.025279 1.412303 -0.466013
v -0.014187 1.403331 -0.480453
v -0.023334 1.399497 -0.479453
v -0.032224 1.391362 -0.476147
v -0.037776 1.401883 -0.459659
v -0.041490 1.376559 -0.470102
v -0.050453 1.382057 -0.449625
v -0.050492 1.354864 -0.462457
v -0.062902 1.358725 -0.444155
v -0.058015 1.333480 -0.459868
v -0.072612 1.337355 -0.444428
v -0.089230 1.340525 -0.430391
v -0.080217 1.316364 -0.444523
v -0.096399 1.318890 -0.430356
v -0.114598 1.320902 -0.418947
v -0.107452 1.342962 -0.418360
v -0.135659 1.322796 -0.411903
v -0.128539 1.345036 -0.411049
v -0.157990 1.324740 -0.408325
v -0.150998 1.347043 -0.407325
v -0.179832 1.326460 -0.407719
v -0.173332 1.348938 -0.406458
v -0.166452 1.371696 -0.404753
v -0.195044 1.350662 -0.408730
v -0.188709 1.373361 -0.406592
v -0.182400 1.396096 -0.404211
v -0.210353 1.375034 -0.412339
v -0.205034 1.397579 -0.408996
v -0.200209 1.419939 -0.406195
v -0.176603 1.418640 -0.402152
v -0.196005 1.441936 -0.404455
v -0.171755 1.440695 -0.400912
v -0.192358 1.463313 -0.403490
v -0.167798 1.462012 -0.400370
v -0.188978 1.484167 -0.402589
v -0.164140 1.482752 -0.399919
v -0.138866 1.481190 -0.401255
v -0.160694 1.503102 -0.399250
v -0.135172 1.501278 -0.400286
v -0.109722 1.499541 -0.404096
v -0.131662 1.521269 -0.398976
v -0.106069 1.519162 -0.400762
v -0.081186 1.517780 -0.403486
v -0.102733 1.538982 -0.398351
v -0.077838 1.537104 -0.397772
v -0.053773 1.536298 -0.398387
v -0.074950 1.556983 -0.394954
v -0.050486 1.555439 -0.393472
v -0.025029 1.554354 -0.393162
v 0.002848 1.552538 -0.393089
v -0.047334 1.575197 -0.392801
v -0.021746 1.573269 -0.391455
v 0.005390 1.570834 -0.390808
v 0.005390 1.570834 -0.390808
v -0.019006 1.592927 -0.392009
v 0.007414 1.590440 -0.390788
v 0.007414 1.590440 -0.390788
v 0.034166 1.587669 -0.390693
v 0.009113 1.610407 -0.391885
v 0.035078 1.608052 -0.391492
v 0.060595 1.606234 -0.392787
v 0.035594 1.628917 -0.392614
v 0.060432 1.628027 -0.394298
v 0.084411 1.628043 -0.397916
v 0.060079 1.649301 -0.395641
v 0.083589 1.649872 -0.399832
v 0.106417 1.650983 -0.405174
v 0.082844 1.669321 -0.399990
v 0.105576 1.670051 -0.405715
v 0.128107 1.671898 -0.411486
v 0.104282 1.683984 -0.406891
v 0.126376 1.685759 -0.413443
v 0.147605 1.687690 -0.422207
v 0.134055 1.147415 -0.456153
v 0.118044 1.148093 -0.465180
v 0.113560 1.165473 -0.461841
v 0.129228 1.164748 -0.451823
v 0.148172 1.164923 -0.445526
v 0.152391 1.147102 -0.449937
v 0.167698 1.166057 -0.441288
v 0.171164 1.146962 -0.445064
v 0.125207 1.184298 -0.448858
v 0.142953 1.184202 -0.441351
v 0.162212 1.185606 -0.436628
v 0.182025 1.187531 -0.434276
v 0.187059 1.167187 -0.439710
v 0.137488 1.204450 -0.435644
v 0.156468 1.205594 -0.431060
v 0.176309 1.207709 -0.428681
v 0.196275 1.210172 -0.429055
v 0.201870 1.189343 -0.435310
v 0.151146 1.226308 -0.424905
v 0.170871 1.228197 -0.423225
v 0.190914 1.230762 -0.423691
v 0.210973 1.233543 -0.426502
v 0.216204 1.212560 -0.432126
v 0.166038 1.248717 -0.417808
v 0.186254 1.251168 -0.419428
v 0.206601 1.253944 -0.423780
v 0.227445 1.256587 -0.428280
v 0.231114 1.236110 -0.431498
v 0.182270 1.271480 -0.416374
v 0.202783 1.274258 -0.421536
v 0.223375 1.277075 -0.427811
v 0.244786 1.279663 -0.432277
v 0.247569 1.259082 -0.435612
v 0.198769 1.294821 -0.419483
v 0.219525 1.297688 -0.425963
v 0.241025 1.300353 -0.431030
v 0.261053 1.303069 -0.439940
v 0.264076 1.282247 -0.442240
v 0.215818 1.318301 -0.422866
v 0.237218 1.321139 -0.429305
v 0.257830 1.323931 -0.437628
v 0.277703 1.326584 -0.446534
v 0.280092 1.305613 -0.449654
v 0.233734 1.341867 -0.426304
v 0.255010 1.344749 -0.434020
v 0.275429 1.347539 -0.442722
v 0.293748 1.350291 -0.453520
v 0.295580 1.329204 -0.457113
v 0.252068 1.365555 -0.430569
v 0.272913 1.368480 -0.439155
v 0.291746 1.371365 -0.450066
v 0.307414 1.374249 -0.463969
v 0.308825 1.353091 -0.467078
v 0.270078 1.389460 -0.436502
v 0.289383 1.392443 -0.447317
v 0.305503 1.395397 -0.461604
v 0.316714 1.397895 -0.479932
v 0.318634 1.376920 -0.481272
v 0.286537 1.413649 -0.445913
v 0.302952 1.416531 -0.460518
v 0.314635 1.418676 -0.479543
v 0.319805 1.419557 -0.502012
v 0.321847 1.399226 -0.501563
v 0.299985 1.437483 -0.460846
v 0.312436 1.439288 -0.480149
v 0.318053 1.439874 -0.502939
v 0.321666 1.440104 -0.526514
v 0.324443 1.420044 -0.524978
v 0.310111 1.459870 -0.481171
v 0.316323 1.460371 -0.504062
v 0.318981 1.460208 -0.527938
v 0.319459 1.459649 -0.552148
v 0.325320 1.440109 -0.550488
v 0.313959 1.480791 -0.505353
v 0.316127 1.480377 -0.529437
v 0.315746 1.479558 -0.553736
v 0.314494 1.478768 -0.572419
v 0.317964 1.458878 -0.571066
v 0.312565 1.500595 -0.531175
v 0.312293 1.499652 -0.555396
v 0.311088 1.498794 -0.574123
v 0.311088 1.498794 -0.574123
v 0.307946 1.497413 -0.603219
v 0.311266 1.477416 -0.601554
v 0.314494 1.478768 -0.572419
v 0.307723 1.519655 -0.557278
v 0.306699 1.518838 -0.574331
v 0.306699 1.518838 -0.574331
v 0.303991 1.517401 -0.604836
v 0.300451 1.516239 -0.628598
v 0.304238 1.496216 -0.626954
v 0.301190 1.538716 -0.576280
v 0.298917 1.537396 -0.606388
v 0.295389 1.536343 -0.629842
v 0.290130 1.535199 -0.653467
v 0.295098 1.514936 -0.652337
v 0.292060 1.557320 -0.607658
v 0.288715 1.556491 -0.630640
v 0.284087 1.555659 -0.653949
v 0.276751 1.554580 -0.677139
v 0.282886 1.533903 -0.676806
v 0.281266 1.576719 -0.630932
v 0.276475 1.576140 -0.653724
v 0.269387 1.575292 -0.676597
v 0.259517 1.574006 -0.698611
v 0.266107 1.552963 -0.699067
v 0.270509 1.597591 -0.653815
v 0.262031 1.596405 -0.675765
v 0.252639 1.595229 -0.697576
v 0.241694 1.593858 -0.718329
v 0.248229 1.572422 -0.719656
v 0.258398 1.619274 -0.676565
v 0.247246 1.617283 -0.696981
v 0.235707 1.615639 -0.716810
v 0.223036 1.614038 -0.735400
v 0.229176 1.592242 -0.737676
v 0.247251 1.640932 -0.699352
v 0.234997 1.638961 -0.718305
v 0.221996 1.637487 -0.736598
v 0.208498 1.636518 -0.754460
v 0.209345 1.612623 -0.752857
v 0.234539 1.659776 -0.719465
v 0.220531 1.657761 -0.736614
v 0.205854 1.655842 -0.753053
v 0.188484 1.653117 -0.766359
v 0.191796 1.634553 -0.768866
v 0.214714 1.671671 -0.732589
v 0.199477 1.669343 -0.747298
v 0.182263 1.666329 -0.759402
v 0.162992 1.663870 -0.768214
v 0.168294 1.650281 -0.775107
v 0.123978 1.664265 -0.782004
v 0.102787 1.665132 -0.783622
v 0.105392 1.647823 -0.789662
v 0.127070 1.648121 -0.787626
v 0.147739 1.648648 -0.781785
v 0.143681 1.663455 -0.775789
v 0.129724 1.627857 -0.788921
v 0.150988 1.629387 -0.784365
v 0.171920 1.631780 -0.778336
v 0.154160 1.606774 -0.787005
v 0.174391 1.608611 -0.779095
v 0.193048 1.610790 -0.767600
v 0.178952 1.586232 -0.782402
v 0.197896 1.588350 -0.770245
v 0.214666 1.590382 -0.755191
v 0.203192 1.566244 -0.773016
v 0.220495 1.568473 -0.757505
v 0.235326 1.570555 -0.739410
v 0.225429 1.546550 -0.758496
v 0.240679 1.548905 -0.740035
v 0.254098 1.551068 -0.720108
v 0.245091 1.527437 -0.739504
v 0.259117 1.529886 -0.719603
v 0.271912 1.532088 -0.698739
v 0.262547 1.508943 -0.717700
v 0.276034 1.511376 -0.697238
v 0.287465 1.513388 -0.675586
v 0.278072 1.490844 -0.694424
v 0.290177 1.493056 -0.673364
v 0.298788 1.494817 -0.650616
v 0.292444 1.472796 -0.670750
v 0.301826 1.474722 -0.648633
v 0.307552 1.476193 -0.625202
v 0.304663 1.454657 -0.646470
v 0.310218 1.456193 -0.623382
v 0.313812 1.457427 -0.599879
v 0.312879 1.436237 -0.621535
v 0.316553 1.437524 -0.598302
v 0.323632 1.439340 -0.570072
v 0.317964 1.458878 -0.571066
v 0.319757 1.417672 -0.596766
v 0.328391 1.419485 -0.571581
v 0.323632 1.439340 -0.570072
v 0.328391 1.419485 -0.571581
v 0.331178 1.420493 -0.548663
v 0.333656 1.399603 -0.571046
v 0.336399 1.400740 -0.546887
v 0.327376 1.400004 -0.523498
v 0.339955 1.380432 -0.545080
v 0.330449 1.379639 -0.522505
v 0.323581 1.378620 -0.501979
v 0.333824 1.358680 -0.521916
v 0.325500 1.357757 -0.502933
v 0.320195 1.355854 -0.483360
v 0.327578 1.336516 -0.504108
v 0.322018 1.334594 -0.485462
v 0.310469 1.331901 -0.470157
v 0.324594 1.313030 -0.487069
v 0.312832 1.310528 -0.472387
v 0.297807 1.308057 -0.459912
v 0.315688 1.288904 -0.473680
v 0.300708 1.286775 -0.461335
v 0.283156 1.284576 -0.451190
v 0.303919 1.265236 -0.461809
v 0.286672 1.263364 -0.451471
v 0.267503 1.261341 -0.443135
v 0.289972 1.241980 -0.451820
v 0.271198 1.240219 -0.444250
v 0.251374 1.238268 -0.437671
v 0.274787 1.218475 -0.448466
v 0.255646 1.216921 -0.441895
v 0.235994 1.214858 -0.436498
v 0.259579 1.194608 -0.447548
v 0.241038 1.193034 -0.441676
v 0.221614 1.191135 -0.437900
v 0.244916 1.171028 -0.445944
v 0.225849 1.169646 -0.442699
v 0.206476 1.168342 -0.440668
v 0.227815 1.148637 -0.445643
v 0.208942 1.147718 -0.443596
v 0.190034 1.147141 -0.443126
v 0.246527 1.149491 -0.448840
v 0.336410 1.379412 -0.569095
v 0.333656 1.399603 -0.571046
v 0.080449 1.665386 -0.781157
v -0.114728 1.663800 -0.778013
v -0.135215 1.665690 -0.774339
v -0.137419 1.652264 -0.779432
v -0.116167 1.649222 -0.782550
v -0.094896 1.647394 -0.785081
v -0.093994 1.662856 -0.781070
v -0.117660 1.632589 -0.786965
v -0.096151 1.629654 -0.789869
v -0.074375 1.627403 -0.791172
v -0.097825 1.610374 -0.794965
v -0.075607 1.607768 -0.795936
v -0.052866 1.605922 -0.795072
v -0.077090 1.587527 -0.799883
v -0.053821 1.585545 -0.798507
v -0.030167 1.584279 -0.796227
v -0.029674 1.605082 -0.793113
v -0.054975 1.565160 -0.800289
v -0.030910 1.563649 -0.797794
v -0.030167 1.584279 -0.796227
v -0.030910 1.563649 -0.797794
v -0.006457 1.562437 -0.796081
v -0.031961 1.543444 -0.796915
v -0.006828 1.542031 -0.795269
v 0.018785 1.540329 -0.795642
v -0.007571 1.522422 -0.791629
v 0.018996 1.520300 -0.792183
v 0.045228 1.517557 -0.795049
v 0.018756 1.501571 -0.785158
v 0.046149 1.497533 -0.787923
v 0.071805 1.493342 -0.792082
v 0.046213 1.478833 -0.777853
v 0.072799 1.472111 -0.782440
v 0.096136 1.467850 -0.788086
v 0.072798 1.450414 -0.769991
v 0.096841 1.444499 -0.778891
v 0.123089 1.444674 -0.787623
v 0.126838 1.423034 -0.777486
v 0.152134 1.425692 -0.779645
v 0.132143 1.401958 -0.765943
v 0.156091 1.404816 -0.768426
v 0.178580 1.408151 -0.765068
v 0.160500 1.383975 -0.757589
v 0.182243 1.387268 -0.754873
v 0.202673 1.390962 -0.747671
v 0.186204 1.366387 -0.745889
v 0.206447 1.370046 -0.739336
v 0.225795 1.373825 -0.729956
v 0.210428 1.349226 -0.732189
v 0.229838 1.353007 -0.723230
v 0.248515 1.356786 -0.712451
v 0.233897 1.332405 -0.717496
v 0.252751 1.336135 -0.707178
v 0.271016 1.339794 -0.695891
v 0.256648 1.315671 -0.702448
v 0.274936 1.319209 -0.691534
v 0.292015 1.322709 -0.679463
v 0.278662 1.298688 -0.687844
v 0.295851 1.301970 -0.676195
v 0.310986 1.305293 -0.662866
v 0.299836 1.281122 -0.673890
v 0.314747 1.284038 -0.660619
v 0.327042 1.287031 -0.645656
v 0.318090 1.262563 -0.658509
v 0.330018 1.265240 -0.643295
v 0.338176 1.268380 -0.626053
v 0.332924 1.243434 -0.641082
v 0.341154 1.246432 -0.623715
v 0.344186 1.248934 -0.605081
v 0.343680 1.224173 -0.621716
v 0.347246 1.226166 -0.603449
v 0.348217 1.227379 -0.584960
v 0.348700 1.202952 -0.602609
v 0.349994 1.203834 -0.585013
v 0.350058 1.204340 -0.567294
v 0.348193 1.228012 -0.566362
v 0.351402 1.180338 -0.585213
v 0.350782 1.180675 -0.568031
v 0.350058 1.204340 -0.567294
v 0.350782 1.180675 -0.568031
v 0.347740 1.180185 -0.551737
v 0.349471 1.157884 -0.568106
v 0.345306 1.157259 -0.552496
v 0.341089 1.155890 -0.537409
v 0.279686 1.684695 -0.549017
v 0.280796 1.685405 -0.570753
v 0.290638 1.670178 -0.569584
v 0.289104 1.668643 -0.547235
v 0.283201 1.667316 -0.524682
v 0.274664 1.684108 -0.527201
v 0.291877 1.647370 -0.545485
v 0.287474 1.646858 -0.522318
v 0.277083 1.646800 -0.501544
v 0.287447 1.624650 -0.520797
v 0.278584 1.624945 -0.499099
v 0.267846 1.626175 -0.478982
v 0.281168 1.603449 -0.496411
v 0.271822 1.604556 -0.475122
v 0.258505 1.605650 -0.456419
v 0.276043 1.583338 -0.471873
v 0.261600 1.583528 -0.453491
v 0.244347 1.583639 -0.438149
v 0.264786 1.562153 -0.451758
v 0.247029 1.561648 -0.436944
v 0.227691 1.561180 -0.424186
v 0.249813 1.540110 -0.436713
v 0.229976 1.539137 -0.424809
v 0.208556 1.538178 -0.415118
v 0.232052 1.517189 -0.426346
v 0.210107 1.515724 -0.417894
v 0.186588 1.514420 -0.412796
v 0.211877 1.493046 -0.419989
v 0.188438 1.491206 -0.414699
v 0.164960 1.489815 -0.411188
v 0.191214 1.467432 -0.413089
v 0.167565 1.464812 -0.411092
v 0.145618 1.463123 -0.407601
v 0.170070 1.439474 -0.411042
v 0.193469 1.443767 -0.414468
v 0.196353 1.421416 -0.414992
v 0.173212 1.416611 -0.409480
v 0.200022 1.400534 -0.414316
v 0.177041 1.396880 -0.408402
v 0.204048 1.379935 -0.414640
v 0.181569 1.376511 -0.408468
v 0.158933 1.373062 -0.404357
v 0.186170 1.356082 -0.410003
v 0.164267 1.352706 -0.405716
v 0.143105 1.349360 -0.405180
v 0.137873 1.369839 -0.403986
v 0.123147 1.346067 -0.408908
v 0.118172 1.366588 -0.407770
v 0.104370 1.342679 -0.416598
v 0.099184 1.362664 -0.416095
v 0.090366 1.382387 -0.418069
v 0.081481 1.358799 -0.429437
v 0.072130 1.377282 -0.432782
v 0.054636 1.397354 -0.441660
v 0.073614 1.402518 -0.425647
v 0.035829 1.413283 -0.449170
v 0.051520 1.421471 -0.434724
v 0.065738 1.431500 -0.423570
v 0.030138 1.433967 -0.439881
v 0.040078 1.446236 -0.429207
v 0.078529 1.442990 -0.414545
v 0.018881 1.423122 -0.452791
v 0.020724 1.405914 -0.464732
v 0.009061 1.412553 -0.466236
v 0.010043 1.397570 -0.479375
v 0.002497 1.402024 -0.479814
v -0.005722 1.403957 -0.480277
v -0.000891 1.392317 -0.494454
v -0.007537 1.393450 -0.494769
v -0.014834 1.392310 -0.494895
v -0.014187 1.403331 -0.480453
v -0.008122 1.385234 -0.510854
v -0.015032 1.383739 -0.510771
v -0.014834 1.392310 -0.494895
v -0.015032 1.383739 -0.510771
v -0.022141 1.379655 -0.510306
v -0.022625 1.388429 -0.494219
v -0.028571 1.372946 -0.509131
v -0.029960 1.381573 -0.492376
v -0.034373 1.363580 -0.507121
v -0.037067 1.370270 -0.488995
v -0.039510 1.349153 -0.504463
v -0.043368 1.352158 -0.483654
v -0.044291 1.329424 -0.501264
v -0.048847 1.330765 -0.479561
v -0.048770 1.309070 -0.498966
v -0.053911 1.310544 -0.477626
v -0.064614 1.313138 -0.459269
v -0.058562 1.289857 -0.475498
v -0.070127 1.292062 -0.458151
v -0.086497 1.294989 -0.444225
v -0.076471 1.270958 -0.457502
v -0.093963 1.274042 -0.444901
v -0.110396 1.276137 -0.431510
v -0.102987 1.297287 -0.430402
v -0.129068 1.278160 -0.421054
v -0.121711 1.299390 -0.419822
v -0.149308 1.279644 -0.414176
v -0.142751 1.301231 -0.412949
v -0.170296 1.280666 -0.410724
v -0.164466 1.302767 -0.409409
v -0.191413 1.281857 -0.411176
v -0.185898 1.304214 -0.409471
v -0.211906 1.283399 -0.415184
v -0.206712 1.305744 -0.412799
v -0.201128 1.328120 -0.410523
v -0.226778 1.307396 -0.419161
v -0.221539 1.329819 -0.416830
v -0.215963 1.352405 -0.414958
v -0.241228 1.331539 -0.425625
v -0.236006 1.354139 -0.424049
v -0.230987 1.376711 -0.421621
v -0.255391 1.355810 -0.434164
v -0.250708 1.378325 -0.432123
v -0.246678 1.400632 -0.429140
v -0.226539 1.399123 -0.417845
v -0.243455 1.422654 -0.425640
v -0.222622 1.421301 -0.414381
v -0.240704 1.444271 -0.422532
v -0.219215 1.443093 -0.411854
v -0.238066 1.465486 -0.420235
v -0.216037 1.464463 -0.410130
v -0.235275 1.486348 -0.418655
v -0.213015 1.485345 -0.408607
v -0.232693 1.506900 -0.417476
v -0.210242 1.505994 -0.407058
v -0.185866 1.504749 -0.401614
v -0.207763 1.526599 -0.406456
v -0.182934 1.525268 -0.401448
v -0.157489 1.523407 -0.399111
v -0.179953 1.545666 -0.403216
v -0.154320 1.543721 -0.400589
v -0.128446 1.541352 -0.399326
v -0.151218 1.563903 -0.403255
v -0.125464 1.561513 -0.400909
v -0.099923 1.559087 -0.397951
v -0.122721 1.581661 -0.402742
v -0.097439 1.579283 -0.399033
v -0.072380 1.577118 -0.395367
v -0.095055 1.599421 -0.400946
v -0.069889 1.597197 -0.397182
v -0.044626 1.595093 -0.394058
v -0.067719 1.617242 -0.399340
v -0.042365 1.615011 -0.395836
v -0.016797 1.612767 -0.393331
v 0.009113 1.610407 -0.391885
v -0.040819 1.635007 -0.397377
v -0.015365 1.632920 -0.394811
v 0.010177 1.630831 -0.393261
v 0.010177 1.630831 -0.393261
v -0.014743 1.652923 -0.393303
v 0.010684 1.651058 -0.393101
v 0.010684 1.651058 -0.393101
v 0.035754 1.649582 -0.393243
v 0.010481 1.670458 -0.391342
v 0.035407 1.669326 -0.391923
v 0.059576 1.669054 -0.395106
v 0.034646 1.683962 -0.392819
v 0.058664 1.683433 -0.395511
v 0.081753 1.683354 -0.400772
v 0.092623 1.148761 -0.490708
v 0.083459 1.147904 -0.506609
v 0.078890 1.163789 -0.504769
v 0.087822 1.165217 -0.488006
v 0.099603 1.165707 -0.473694
v 0.104001 1.148615 -0.476540
v 0.084159 1.184284 -0.486806
v 0.095899 1.184888 -0.471768
v 0.110258 1.185110 -0.459763
v 0.090368 1.203739 -0.468193
v 0.105167 1.204536 -0.455294
v 0.120317 1.204396 -0.443697
v 0.100387 1.223793 -0.451849
v 0.115776 1.224636 -0.439125
v 0.132517 1.225199 -0.429673
v 0.111267 1.243995 -0.436361
v 0.127894 1.245608 -0.425463
v 0.146383 1.247025 -0.419578
v 0.123662 1.265006 -0.424152
v 0.142347 1.267229 -0.417588
v 0.161874 1.269119 -0.414805
v 0.137671 1.286842 -0.415867
v 0.157542 1.289395 -0.412829
v 0.178075 1.291999 -0.414469
v 0.152844 1.309203 -0.410208
v 0.173680 1.312257 -0.411651
v 0.194730 1.315296 -0.416392
v 0.169105 1.332427 -0.408495
v 0.190554 1.335683 -0.412792
v 0.212109 1.338845 -0.419199
v 0.208139 1.359375 -0.416353
v 0.230261 1.362529 -0.423180
v 0.226587 1.383234 -0.421197
v 0.248910 1.386406 -0.428085
v 0.222928 1.404087 -0.420359
v 0.245547 1.407437 -0.426972
v 0.267044 1.410603 -0.435112
v 0.242382 1.428774 -0.426760
v 0.263945 1.431972 -0.434984
v 0.283366 1.434901 -0.446004
v 0.260885 1.453495 -0.435666
v 0.280086 1.456121 -0.447076
v 0.297098 1.458323 -0.461834
v 0.277211 1.477401 -0.448118
v 0.294495 1.479240 -0.462877
v 0.307405 1.480485 -0.482378
v 0.291528 1.500183 -0.464212
v 0.303810 1.501096 -0.484136
v 0.310298 1.501168 -0.507134
v 0.299611 1.521627 -0.486210
v 0.305876 1.521463 -0.509253
v 0.308143 1.520741 -0.533215
v 0.300748 1.541645 -0.511638
v 0.302501 1.540704 -0.535463
v 0.301898 1.539505 -0.559302
v 0.301190 1.538716 -0.576280
v 0.295610 1.560408 -0.537837
v 0.295251 1.559182 -0.561427
v 0.294780 1.558532 -0.577110
v 0.294780 1.558532 -0.577110
v 0.290876 1.579474 -0.563646
v 0.290395 1.578883 -0.579294
v 0.290395 1.578883 -0.579294
v 0.285328 1.577390 -0.608617
v 0.287712 1.600157 -0.580215
v 0.281505 1.598662 -0.609695
v 0.277357 1.598405 -0.631795
v 0.289748 1.624756 -0.611955
v 0.286444 1.625233 -0.635465
v 0.273234 1.622649 -0.656720
v 0.287331 1.650274 -0.637381
v 0.272037 1.647037 -0.659022
v 0.258381 1.643354 -0.679439
v 0.266715 1.667250 -0.659913
v 0.257424 1.664325 -0.680915
v 0.247217 1.661957 -0.700985
v 0.251928 1.678297 -0.678775
v 0.241874 1.676131 -0.698696
v 0.229247 1.673925 -0.716764
v 0.301571 1.151437 -0.679438
v 0.316135 1.153118 -0.667028
v 0.314343 1.175028 -0.667824
v 0.299577 1.173177 -0.680431
v 0.283042 1.171506 -0.689655
v 0.285137 1.149994 -0.688651
v 0.265055 1.170040 -0.695684
v 0.267285 1.148795 -0.694763
v 0.296263 1.194577 -0.679807
v 0.279393 1.192720 -0.689235
v 0.261624 1.190969 -0.695986
v 0.243087 1.189229 -0.700545
v 0.246640 1.168663 -0.699792
v 0.276110 1.213568 -0.690361
v 0.257853 1.211477 -0.697622
v 0.238871 1.209285 -0.702787
v 0.219277 1.207076 -0.706176
v 0.223836 1.187501 -0.703216
v 0.253641 1.231675 -0.699628
v 0.234293 1.229070 -0.705649
v 0.214432 1.226420 -0.710011
v 0.194050 1.223828 -0.712520
v 0.199112 1.204903 -0.708028
v 0.229796 1.248754 -0.708959
v 0.209691 1.245744 -0.714212
v 0.189144 1.242816 -0.717368
v 0.168405 1.240157 -0.717798
v 0.173367 1.221408 -0.712877
v 0.205393 1.265201 -0.718270
v 0.184683 1.262026 -0.721929
v 0.163953 1.259241 -0.721976
v 0.180692 1.281604 -0.725688
v 0.159953 1.278726 -0.725548
v 0.139852 1.276402 -0.721522
v 0.143883 1.256965 -0.718113
v 0.120776 1.274621 -0.714153
v 0.124942 1.255188 -0.710773
v 0.156009 1.298602 -0.729757
v 0.135714 1.296281 -0.725504
v 0.116484 1.294553 -0.717745
v 0.098683 1.293421 -0.707096
v 0.103095 1.273370 -0.703750
v 0.131346 1.316637 -0.729589
v 0.111823 1.315033 -0.721326
v 0.094116 1.314125 -0.710005
v 0.078137 1.313677 -0.696798
v 0.082542 1.292844 -0.694081
v 0.106506 1.336022 -0.724935
v 0.088766 1.335290 -0.712825
v 0.072849 1.334765 -0.699785
v 0.058557 1.334471 -0.685747
v 0.063674 1.313455 -0.682350
v 0.081458 1.356691 -0.716272
v 0.065918 1.356064 -0.703880
v 0.052436 1.355587 -0.689698
v 0.041669 1.354679 -0.672197
v 0.046624 1.334545 -0.670166
v 0.056941 1.376884 -0.706792
v 0.045053 1.374133 -0.689561
v 0.036770 1.371056 -0.670868
v 0.031447 1.367635 -0.650790
v 0.035781 1.353709 -0.651651
v 0.036545 1.389453 -0.687281
v 0.029589 1.383774 -0.668604
v 0.025193 1.378498 -0.648956
v 0.022664 1.374599 -0.628516
v 0.028278 1.364756 -0.630054
v 0.018888 1.393270 -0.666745
v 0.016140 1.386896 -0.647467
v 0.014543 1.382260 -0.627359
v 0.013076 1.378659 -0.607091
v 0.020416 1.371875 -0.607923
v 0.004476 1.391501 -0.646604
v 0.003974 1.386396 -0.626742
v 0.003629 1.382511 -0.606651
v 0.003414 1.379812 -0.586581
v 0.012011 1.376491 -0.586855
v -0.007473 1.386876 -0.626516
v -0.006923 1.382958 -0.606565
v -0.006465 1.380263 -0.586556
v -0.006465 1.380263 -0.586556
v -0.005940 1.378647 -0.566675
v 0.002943 1.378481 -0.566780
v 0.003414 1.379812 -0.586581
v -0.017207 1.380041 -0.606809
v -0.016279 1.377487 -0.586770
v -0.016279 1.377487 -0.586770
v -0.015269 1.376171 -0.566723
v -0.014733 1.376188 -0.546961
v -0.006558 1.378524 -0.547089
v -0.015269 1.376171 -0.566723
v -0.016279 1.377487 -0.586770
v -0.024862 1.372069 -0.587092
v -0.023697 1.370949 -0.566864
v -0.022687 1.371325 -0.546919
v -0.014733 1.376188 -0.546961
v -0.030170 1.363395 -0.567023
v -0.029203 1.364213 -0.546645
v -0.028711 1.367256 -0.527085
v -0.022136 1.374267 -0.527815
v -0.014944 1.378760 -0.528279
v -0.014944 1.378760 -0.528279
v -0.007616 1.380647 -0.528457
v -0.002022 1.384513 -0.510732
v -0.000967 1.380271 -0.528454
v 0.001048 1.378287 -0.547222
v 0.004392 1.377649 -0.528469
v 0.007268 1.375643 -0.547394
v 0.010323 1.375556 -0.566956
v 0.011736 1.370819 -0.547463
v 0.015699 1.370215 -0.567203
v 0.018363 1.370551 -0.587369
v 0.012011 1.376491 -0.586855
v 0.019083 1.362848 -0.567558
v 0.022480 1.362436 -0.588103
v 0.018363 1.370551 -0.587369
v 0.022480 1.362436 -0.588103
v 0.025411 1.362943 -0.609003
v 0.025249 1.352448 -0.588724
v 0.028629 1.352188 -0.609867
v 0.031998 1.352788 -0.631091
v 0.031742 1.336549 -0.609474
v 0.035453 1.335328 -0.630492
v 0.039596 1.334869 -0.650894
v 0.038875 1.314911 -0.628448
v 0.043395 1.314136 -0.648441
v 0.051223 1.313476 -0.666599
v 0.046576 1.293715 -0.645633
v 0.055107 1.292783 -0.663838
v 0.067729 1.292581 -0.679796
v 0.058562 1.272454 -0.660954
v 0.071675 1.272166 -0.676816
v 0.086912 1.272627 -0.690900
v 0.076168 1.252562 -0.673423
v 0.091463 1.253197 -0.687485
v 0.107431 1.253965 -0.700389
v 0.096140 1.234411 -0.684362
v 0.111782 1.235092 -0.697418
v 0.129107 1.236261 -0.707819
v 0.116163 1.216573 -0.694729
v 0.133617 1.217666 -0.704365
v 0.152926 1.219298 -0.710428
v 0.148137 1.237940 -0.714713
v 0.138392 1.199368 -0.700719
v 0.157942 1.200921 -0.706174
v 0.178535 1.202822 -0.708218
v 0.163082 1.182707 -0.702661
v 0.183548 1.184189 -0.704836
v 0.203938 1.185794 -0.704710
v 0.187866 1.164967 -0.703682
v 0.207947 1.166064 -0.703866
v 0.227601 1.167354 -0.702275
v 0.210706 1.146095 -0.702211
v 0.230072 1.146838 -0.701258
v 0.248968 1.147756 -0.698835
v -0.174935 1.671473 -0.760898
v -0.191283 1.673379 -0.747945
v -0.194469 1.660939 -0.751475
v -0.178266 1.659245 -0.765852
v -0.158828 1.656165 -0.775021
v -0.155739 1.669053 -0.769369
v -0.180121 1.643928 -0.768192
v -0.160484 1.640554 -0.777740
v -0.139140 1.636275 -0.783084
v -0.161721 1.620885 -0.778862
v -0.140976 1.617083 -0.786327
v -0.119609 1.613463 -0.791662
v -0.144049 1.596204 -0.791602
v -0.122138 1.592873 -0.796522
v -0.099815 1.589990 -0.799381
v -0.124751 1.571679 -0.800208
v -0.101892 1.569044 -0.802319
v -0.078679 1.566896 -0.802409
v -0.103914 1.547751 -0.803145
v -0.080373 1.546030 -0.802241
v -0.056454 1.544708 -0.799864
v -0.082145 1.525248 -0.798877
v -0.058323 1.524523 -0.796199
v -0.033522 1.523720 -0.793241
v -0.031961 1.543444 -0.796915
v -0.060826 1.505026 -0.788114
v -0.035704 1.505027 -0.785653
v -0.033522 1.523720 -0.793241
v -0.035704 1.505027 -0.785653
v -0.008807 1.504049 -0.784587
v -0.038394 1.487926 -0.774223
v -0.010286 1.487487 -0.774086
v 0.018194 1.484650 -0.774846
v -0.011939 1.473221 -0.760615
v 0.017504 1.469936 -0.761848
v 0.046369 1.461904 -0.764398
v 0.016499 1.456386 -0.747402
v -0.013126 1.459972 -0.746062
v -0.013440 1.447052 -0.731176
v 0.014750 1.443292 -0.732130
v -0.013052 1.433751 -0.715315
v 0.012438 1.430995 -0.716349
v -0.011756 1.420926 -0.699561
v 0.009718 1.419169 -0.700286
v 0.029924 1.410814 -0.701499
v 0.023402 1.401453 -0.684898
v 0.046271 1.395047 -0.704787
v 0.007255 1.408003 -0.683631
v 0.005535 1.398616 -0.665684
v -0.010266 1.408890 -0.683141
v -0.008959 1.399225 -0.665298
v -0.007990 1.391959 -0.646279
v -0.027623 1.404275 -0.683147
v -0.022944 1.395123 -0.665455
v -0.020047 1.388524 -0.646474
v -0.018401 1.383718 -0.626723
v -0.020047 1.388524 -0.646474
v -0.022944 1.395123 -0.665455
v -0.034021 1.386391 -0.666600
v -0.029684 1.381025 -0.647337
v -0.027570 1.377141 -0.627372
v -0.018401 1.383718 -0.626723
v -0.025917 1.373951 -0.607297
v -0.017207 1.380041 -0.606809
v -0.036296 1.370996 -0.648649
v -0.033974 1.367919 -0.628436
v -0.032309 1.365413 -0.607988
v -0.038103 1.356875 -0.629415
v -0.036425 1.355024 -0.608813
v -0.035447 1.354071 -0.588004
v -0.031232 1.364002 -0.587506
v -0.024862 1.372069 -0.587092
v -0.031232 1.364002 -0.587506
v -0.035447 1.354071 -0.588004
v -0.034655 1.354111 -0.567060
v -0.038762 1.342617 -0.587936
v -0.038096 1.343146 -0.566785
v -0.037558 1.344034 -0.545543
v -0.034011 1.355193 -0.546167
v -0.037845 1.346020 -0.524646
v -0.033762 1.358132 -0.526023
v -0.041206 1.326941 -0.543832
v -0.041836 1.328135 -0.522564
v -0.043894 1.306479 -0.541251
v -0.044942 1.307561 -0.519980
v -0.046887 1.286199 -0.538304
v -0.049151 1.287466 -0.517590
v -0.053069 1.288748 -0.496622
v -0.053332 1.266962 -0.515347
v -0.058059 1.267995 -0.494719
v -0.063699 1.268692 -0.473737
v -0.063064 1.247065 -0.492822
v -0.068294 1.247181 -0.471276
v -0.082047 1.249670 -0.456198
v -0.075515 1.227031 -0.471966
v -0.089762 1.229568 -0.457857
v -0.107386 1.232610 -0.446547
v -0.100948 1.253305 -0.445244
v -0.122558 1.233468 -0.434110
v -0.117181 1.255231 -0.432351
v -0.140017 1.233989 -0.425530
v -0.135071 1.256517 -0.422078
v -0.159568 1.234697 -0.420963
v -0.154714 1.257229 -0.415607
v -0.180010 1.235920 -0.419299
v -0.175315 1.258078 -0.412857
v -0.200401 1.237607 -0.420115
v -0.196108 1.259510 -0.414094
v -0.220314 1.239373 -0.423420
v -0.216312 1.261253 -0.418487
v -0.239748 1.240984 -0.428828
v -0.236001 1.263007 -0.424766
v -0.231677 1.285092 -0.421737
v -0.255285 1.264676 -0.432404
v -0.250886 1.286813 -0.430120
v -0.246191 1.309112 -0.427776
v -0.269610 1.288502 -0.439723
v -0.265100 1.310822 -0.437689
v -0.260391 1.333261 -0.435680
v -0.283087 1.312535 -0.449071
v -0.278759 1.334982 -0.446900
v -0.274069 1.357478 -0.445216
v -0.295078 1.336713 -0.460374
v -0.290967 1.359132 -0.458364
v -0.286901 1.381403 -0.456494
v -0.269694 1.379889 -0.443295
v -0.283843 1.403461 -0.453896
v -0.266346 1.402083 -0.440449
v -0.280546 1.425173 -0.452538
v -0.262699 1.423951 -0.438524
v -0.277180 1.446345 -0.451946
v -0.259957 1.445392 -0.436223
v -0.274743 1.467129 -0.450941
v -0.257440 1.466430 -0.434485
v -0.272868 1.487652 -0.449692
v -0.254935 1.487127 -0.433359
v -0.270957 1.507975 -0.448531
v -0.252614 1.507550 -0.432267
v -0.268595 1.528177 -0.447774
v -0.250254 1.527798 -0.431403
v -0.230381 1.527324 -0.416963
v -0.247664 1.548186 -0.431511
v -0.227988 1.547865 -0.417330
v -0.205079 1.547131 -0.407716
v -0.224794 1.568445 -0.419185
v -0.201537 1.567485 -0.411007
v -0.176675 1.565903 -0.406330
v -0.197696 1.587725 -0.415180
v -0.173301 1.586140 -0.409666
v -0.148144 1.584059 -0.405833
v -0.169917 1.606387 -0.413385
v -0.145159 1.604279 -0.408931
v -0.120174 1.601826 -0.404994
v -0.142486 1.624607 -0.412270
v -0.117960 1.622059 -0.407542
v -0.092940 1.619575 -0.403313
v -0.116185 1.641738 -0.409865
v -0.091311 1.639386 -0.405247
v -0.066157 1.637153 -0.400871
v -0.090554 1.658085 -0.405277
v -0.065500 1.656471 -0.400228
v -0.040275 1.654755 -0.395419
v -0.065735 1.673194 -0.398047
v -0.040535 1.672765 -0.392931
v -0.014923 1.671771 -0.390815
v 0.010481 1.670458 -0.391342
v -0.040392 1.686040 -0.396748
v -0.015177 1.685811 -0.394150
v 0.009925 1.685021 -0.393049
v 0.009925 1.685021 -0.393049
v 0.071302 1.146558 -0.540776
v 0.066933 1.160419 -0.540007
v 0.071990 1.161983 -0.522188
v 0.076370 1.146945 -0.523444
v 0.061701 1.179610 -0.539608
v 0.066718 1.181024 -0.521321
v 0.074434 1.182765 -0.503786
v 0.060420 1.200288 -0.521376
v 0.068463 1.201825 -0.503425
v 0.079145 1.203189 -0.485735
v 0.060810 1.220633 -0.503678
v 0.072284 1.221806 -0.485389
v 0.085053 1.222417 -0.466794
v 0.064446 1.240111 -0.485209
v 0.079449 1.241042 -0.466939
v 0.095617 1.242375 -0.450611
v 0.073171 1.259203 -0.466475
v 0.090168 1.260754 -0.449936
v 0.106632 1.262491 -0.435034
v 0.083967 1.279550 -0.448280
v 0.101156 1.281197 -0.433289
v 0.118719 1.283918 -0.422621
v 0.095676 1.300560 -0.431182
v 0.113656 1.303125 -0.420150
v 0.132728 1.306181 -0.413421
v 0.108965 1.322769 -0.417935
v 0.127934 1.325930 -0.410736
v 0.148087 1.329148 -0.407495
v 0.090959 1.320174 -0.429653
v 0.086717 1.339651 -0.429239
v 0.073230 1.318324 -0.445185
v 0.068678 1.337144 -0.445072
v 0.061898 1.356609 -0.446763
v 0.049623 1.337592 -0.463719
v 0.039922 1.359183 -0.468512
v 0.028387 1.377720 -0.474738
v 0.050055 1.376717 -0.453279
v 0.018487 1.390106 -0.478241
v 0.033992 1.394840 -0.461318
v 0.015548 1.374544 -0.492848
v 0.010120 1.383463 -0.493968
v 0.004861 1.388952 -0.494273
v 0.007115 1.377080 -0.510486
v 0.002990 1.381675 -0.510677
v 0.008258 1.372940 -0.528397
v 0.010655 1.369909 -0.509968
v 0.011082 1.366252 -0.528243
v 0.014682 1.364057 -0.547481
v 0.013848 1.356636 -0.527643
v 0.017115 1.354944 -0.547285
v 0.021479 1.353536 -0.567765
v 0.020427 1.340386 -0.546186
v 0.024054 1.339512 -0.567093
v 0.028029 1.337984 -0.588263
v 0.025249 1.352448 -0.588724
v 0.027488 1.319475 -0.565342
v 0.031300 1.317888 -0.586390
v 0.028029 1.337984 -0.588263
v 0.031300 1.317888 -0.586390
v 0.035009 1.316345 -0.607518
v 0.034872 1.297079 -0.584379
v 0.038293 1.295817 -0.605179
v 0.041794 1.294876 -0.625762
v 0.040872 1.276353 -0.603043
v 0.044274 1.275261 -0.623274
v 0.049189 1.273661 -0.642959
v 0.046759 1.255448 -0.620904
v 0.052008 1.253695 -0.640259
v 0.062483 1.252642 -0.657721
v 0.056526 1.234074 -0.637604
v 0.067378 1.233498 -0.654710
v 0.081130 1.233812 -0.670223
v 0.072792 1.214975 -0.652395
v 0.086243 1.215456 -0.667628
v 0.100751 1.215983 -0.681823
v 0.091294 1.197209 -0.665571
v 0.105403 1.197713 -0.679650
v 0.120783 1.198286 -0.691852
v 0.110226 1.179778 -0.677432
v 0.125704 1.180246 -0.689074
v 0.143427 1.181285 -0.697401
v 0.130344 1.162588 -0.687105
v 0.148212 1.163187 -0.695797
v 0.167759 1.164152 -0.700865
v 0.152188 1.145430 -0.693031
v 0.171343 1.145474 -0.697877
v 0.191033 1.145637 -0.701125
v -0.220475 1.677007 -0.718635
v -0.234109 1.679173 -0.702878
v -0.236743 1.666990 -0.703675
v -0.223120 1.664604 -0.719848
v -0.208857 1.662419 -0.735425
v -0.206102 1.675014 -0.733514
v -0.226500 1.649931 -0.721598
v -0.211626 1.647527 -0.737281
v -0.196638 1.645735 -0.753460
v -0.215457 1.629276 -0.740025
v -0.198920 1.626939 -0.754951
v -0.181289 1.624354 -0.768573
v -0.203504 1.606149 -0.759290
v -0.184977 1.603060 -0.772510
v -0.165187 1.599729 -0.783650
v -0.189566 1.581596 -0.777311
v -0.169033 1.578192 -0.788089
v -0.147267 1.574775 -0.795616
v -0.172836 1.556334 -0.791319
v -0.150372 1.553010 -0.798424
v -0.127263 1.550085 -0.802235
v -0.153037 1.530895 -0.799036
v -0.129381 1.528244 -0.801459
v -0.105691 1.526410 -0.800814
v -0.131031 1.506473 -0.797459
v -0.107210 1.505249 -0.795102
v -0.084219 1.504823 -0.791525
v -0.108791 1.484621 -0.785550
v -0.086562 1.485197 -0.780013
v -0.063915 1.486588 -0.776303
v -0.088339 1.464906 -0.767326
v -0.066761 1.468257 -0.762269
v -0.040822 1.472462 -0.759936
v -0.038394 1.487926 -0.774223
v -0.068287 1.449492 -0.747296
v -0.042313 1.457773 -0.744404
v -0.040822 1.472462 -0.759936
v -0.042313 1.457773 -0.744404
v -0.042127 1.442788 -0.729050
v -0.042127 1.442788 -0.729050
v -0.040451 1.428048 -0.714273
v -0.040451 1.428048 -0.714273
v -0.033826 1.415687 -0.699403
v -0.033826 1.415687 -0.699403
v -0.041170 1.393397 -0.684916
v -0.027623 1.404275 -0.683147
v -0.049912 1.378694 -0.687007
v -0.041084 1.374681 -0.668320
v -0.056578 1.361376 -0.687249
v -0.045912 1.359949 -0.669424
v -0.040785 1.358500 -0.649594
v -0.050777 1.340827 -0.668016
v -0.044687 1.341554 -0.649104
v -0.041587 1.342037 -0.629140
v -0.048250 1.321103 -0.646295
v -0.045063 1.322421 -0.626966
v -0.043131 1.323406 -0.606597
v -0.039793 1.342281 -0.608768
v -0.042030 1.324593 -0.586098
v -0.038762 1.342617 -0.587936
v -0.046141 1.303143 -0.603493
v -0.044764 1.304262 -0.583104
v -0.042030 1.324593 -0.586098
v -0.044764 1.304262 -0.583104
v -0.043995 1.305427 -0.562310
v -0.041427 1.325779 -0.565082
v -0.047249 1.283976 -0.579658
v -0.046509 1.285094 -0.559077
v -0.049399 1.263418 -0.576104
v -0.048881 1.264502 -0.555780
v -0.049637 1.265573 -0.535313
v -0.051790 1.243714 -0.552886
v -0.052951 1.244705 -0.532713
v -0.057866 1.246171 -0.513366
v -0.057424 1.224190 -0.530969
v -0.063130 1.225760 -0.512019
v -0.068828 1.226612 -0.491907
v -0.068399 1.205638 -0.511373
v -0.074503 1.206877 -0.492367
v -0.083193 1.207755 -0.474573
v -0.073595 1.184563 -0.488783
v -0.082648 1.185292 -0.472022
v -0.099662 1.187577 -0.462014
v -0.097937 1.209888 -0.461682
v -0.116538 1.188908 -0.452700
v -0.112671 1.211082 -0.449704
v -0.132089 1.188752 -0.443269
v -0.127393 1.211012 -0.438616
v -0.150096 1.189579 -0.437773
v -0.144997 1.211462 -0.431967
v -0.169819 1.191355 -0.435255
v -0.164583 1.212690 -0.428454
v -0.189577 1.192851 -0.434453
v -0.184734 1.214286 -0.427012
v -0.208903 1.193892 -0.435449
v -0.204695 1.215844 -0.427743
v -0.227675 1.194547 -0.438507
v -0.224152 1.217233 -0.430572
v -0.246073 1.195027 -0.443043
v -0.243072 1.218406 -0.435470
v -0.263871 1.195635 -0.449648
v -0.261325 1.219518 -0.442856
v -0.258611 1.242493 -0.436597
v -0.279328 1.220440 -0.451545
v -0.276765 1.243801 -0.445859
v -0.273661 1.266261 -0.441972
v -0.293839 1.244973 -0.456339
v -0.290783 1.267734 -0.453306
v -0.287209 1.290154 -0.451121
v -0.306430 1.269153 -0.465954
v -0.303071 1.291795 -0.464064
v -0.299234 1.314283 -0.462301
v -0.316526 1.293464 -0.478685
v -0.312788 1.316105 -0.477222
v -0.308751 1.338488 -0.475717
v -0.322487 1.317860 -0.494008
v -0.318661 1.340183 -0.492947
v -0.315081 1.362207 -0.491745
v -0.304914 1.360748 -0.473931
v -0.311997 1.384027 -0.490262
v -0.301576 1.382877 -0.471998
v -0.309471 1.405539 -0.489076
v -0.298138 1.404742 -0.470507
v -0.307056 1.426464 -0.488427
v -0.295083 1.426049 -0.469480
v -0.305187 1.447036 -0.488105
v -0.292479 1.446952 -0.468963
v -0.303837 1.467450 -0.487709
v -0.290692 1.467505 -0.468238
v -0.302312 1.487750 -0.487360
v -0.289271 1.487924 -0.467282
v -0.300113 1.507918 -0.487200
v -0.287482 1.508175 -0.466492
v -0.297555 1.528024 -0.487105
v -0.285098 1.528340 -0.466052
v -0.294603 1.548079 -0.487214
v -0.282087 1.548447 -0.466099
v -0.265772 1.548385 -0.447738
v -0.278857 1.568595 -0.466522
v -0.262925 1.568735 -0.448267
v -0.244914 1.568711 -0.432425
v -0.259754 1.589080 -0.449489
v -0.241910 1.589257 -0.434073
v -0.221012 1.588864 -0.422539
v -0.237466 1.609386 -0.437535
v -0.216633 1.608989 -0.427127
v -0.193752 1.607893 -0.419713
v -0.212283 1.629029 -0.431343
v -0.190064 1.628096 -0.423756
v -0.166650 1.626664 -0.417503
v -0.187190 1.648014 -0.426270
v -0.164029 1.646357 -0.420860
v -0.140345 1.644171 -0.415349
v -0.162204 1.662170 -0.423316
v -0.138984 1.660494 -0.417207
v -0.115172 1.659320 -0.410767
v -0.138224 1.673813 -0.418123
v -0.114745 1.673331 -0.411033
v -0.090654 1.673346 -0.403671
v -0.114303 1.684435 -0.412302
v -0.090270 1.684888 -0.405731
v -0.065447 1.685585 -0.400804
v 0.072464 1.145769 -0.595145
v 0.075992 1.145466 -0.613029
v 0.071224 1.159912 -0.613938
v 0.068124 1.159694 -0.595614
v 0.062776 1.178320 -0.596168
v 0.061107 1.178563 -0.577347
v 0.061107 1.178563 -0.577347
v 0.060358 1.178875 -0.558483
v 0.056007 1.198203 -0.577949
v 0.055180 1.198595 -0.558932
v 0.056039 1.199159 -0.539997
v 0.049252 1.218374 -0.559853
v 0.049510 1.218814 -0.540844
v 0.053047 1.219520 -0.522091
v 0.042804 1.238661 -0.541726
v 0.045281 1.238994 -0.522688
v 0.052487 1.239434 -0.504056
v 0.039026 1.258858 -0.522388
v 0.045263 1.258457 -0.502959
v 0.057228 1.258098 -0.483956
v 0.040283 1.277148 -0.500604
v 0.051218 1.277280 -0.481636
v 0.066502 1.278261 -0.464485
v 0.045993 1.296685 -0.480869
v 0.060686 1.297686 -0.462700
v 0.078021 1.298977 -0.446256
v 0.055755 1.316839 -0.462332
v 0.040214 1.317109 -0.481876
v 0.031847 1.340210 -0.485218
v 0.029196 1.318433 -0.502389
v 0.021256 1.341255 -0.505789
v 0.014717 1.358709 -0.508678
v 0.023046 1.360231 -0.489478
v 0.018606 1.340971 -0.525847
v 0.024445 1.319616 -0.523273
v 0.024616 1.320092 -0.544293
v 0.030257 1.297360 -0.521438
v 0.029533 1.298168 -0.542451
v 0.031785 1.297915 -0.563490
v 0.033926 1.277768 -0.541942
v 0.035432 1.277664 -0.562425
v 0.038017 1.277040 -0.582743
v 0.034872 1.297079 -0.584379
v 0.038592 1.258219 -0.561786
v 0.040857 1.257568 -0.581467
v 0.038017 1.277040 -0.582743
v 0.040857 1.257568 -0.581467
v 0.043497 1.256713 -0.601193
v 0.045012 1.237675 -0.580149
v 0.047463 1.236831 -0.599431
v 0.050790 1.235651 -0.618664
v 0.052697 1.217082 -0.598015
v 0.055628 1.216050 -0.616986
v 0.061913 1.215081 -0.635468
v 0.060733 1.196789 -0.615922
v 0.067362 1.196364 -0.634087
v 0.078109 1.196611 -0.650634
v 0.072537 1.178051 -0.632811
v 0.083228 1.178613 -0.649019
v 0.096270 1.179343 -0.663743
v 0.088479 1.161514 -0.647119
v 0.101327 1.162312 -0.661663
v 0.115089 1.162549 -0.675229
v 0.106144 1.146680 -0.659235
v 0.119767 1.146389 -0.672675
v 0.134607 1.145704 -0.684663
v -0.255811 1.683442 -0.667389
v -0.262929 1.685694 -0.647797
v -0.265839 1.673776 -0.647824
v -0.258463 1.671465 -0.667577
v -0.248811 1.669264 -0.686327
v -0.246130 1.681308 -0.685853
v -0.262111 1.656453 -0.668157
v -0.252594 1.654608 -0.687386
v -0.240486 1.652374 -0.705201
v -0.257857 1.635900 -0.689118
v -0.245726 1.633934 -0.707604
v -0.231304 1.631672 -0.724468
v -0.251471 1.613639 -0.710271
v -0.236828 1.611371 -0.727876
v -0.220723 1.608881 -0.744174
v -0.242025 1.590286 -0.730823
v -0.226032 1.587683 -0.747999
v -0.208579 1.584798 -0.763745
v -0.230810 1.566153 -0.750755
v -0.213372 1.563121 -0.767050
v -0.194028 1.559794 -0.780816
v -0.217633 1.541234 -0.768867
v -0.197892 1.537716 -0.782490
v -0.176115 1.534149 -0.792644
v -0.200912 1.515561 -0.782007
v -0.178566 1.511877 -0.791295
v -0.155052 1.508758 -0.796400
v -0.180268 1.489897 -0.787479
v -0.156473 1.486956 -0.791442
v -0.132285 1.485135 -0.790514
v -0.157631 1.465777 -0.784662
v -0.133637 1.464208 -0.782561
v -0.110247 1.463887 -0.775595
v -0.135393 1.443550 -0.774640
v -0.112129 1.442685 -0.766634
v -0.089779 1.443569 -0.754613
v -0.115502 1.422344 -0.757459
v -0.137923 1.423539 -0.765424
v -0.140995 1.403383 -0.756354
v -0.119018 1.402276 -0.749221
v -0.144321 1.383296 -0.747911
v -0.122696 1.382193 -0.741458
v -0.147843 1.363183 -0.740390
v -0.126655 1.361761 -0.734654
v -0.106293 1.361222 -0.725429
v -0.130511 1.341259 -0.729008
v -0.110637 1.340353 -0.720464
v -0.092627 1.340152 -0.709165
v -0.087703 1.361414 -0.713475
v -0.076518 1.340238 -0.696512
v -0.070886 1.361508 -0.701118
v -0.062252 1.340437 -0.683137
v -0.080638 1.319044 -0.692944
v -0.066758 1.319310 -0.679094
v -0.055123 1.319823 -0.664049
v -0.070150 1.298153 -0.675878
v -0.058879 1.298862 -0.660331
v -0.051882 1.300259 -0.642619
v -0.061891 1.278061 -0.656775
v -0.054664 1.279608 -0.638947
v -0.050893 1.281338 -0.619670
v -0.048269 1.301846 -0.623442
v -0.048716 1.282778 -0.599873
v -0.053090 1.260860 -0.615838
v -0.050876 1.262241 -0.596145
v -0.049399 1.263418 -0.576104
v -0.047249 1.283976 -0.579658
v -0.056673 1.240506 -0.612060
v -0.053901 1.241774 -0.592738
v -0.052136 1.242786 -0.572972
v -0.059361 1.221501 -0.589838
v -0.056904 1.222411 -0.570500
v -0.052136 1.242786 -0.572972
v -0.056904 1.222411 -0.570500
v -0.055961 1.223211 -0.550799
v -0.062656 1.202139 -0.568518
v -0.060972 1.202828 -0.549277
v -0.062870 1.203979 -0.530017
v -0.064657 1.181985 -0.548385
v -0.067221 1.183457 -0.529566
v -0.071721 1.184829 -0.510303
v -0.071809 1.163050 -0.529746
v -0.075942 1.164331 -0.510425
v -0.077791 1.163840 -0.489219
v -0.082354 1.147192 -0.512407
v -0.088020 1.147464 -0.494701
v -0.098396 1.148097 -0.480655
v -0.087104 1.164486 -0.473572
v -0.112226 1.148603 -0.469183
v -0.103797 1.166489 -0.463957
v -0.125670 1.147952 -0.457207
v -0.120449 1.167262 -0.454360
v -0.141601 1.147676 -0.448390
v -0.136756 1.167216 -0.445690
v -0.160176 1.148120 -0.443807
v -0.155705 1.168593 -0.441269
v -0.178880 1.148648 -0.442805
v -0.175020 1.170212 -0.439796
v -0.197319 1.148869 -0.443475
v -0.194132 1.171025 -0.439851
v -0.215403 1.148506 -0.444249
v -0.212726 1.171193 -0.440840
v -0.233244 1.148087 -0.446996
v -0.231128 1.171097 -0.443181
v -0.250727 1.147849 -0.451756
v -0.249210 1.171083 -0.447454
v -0.267770 1.147942 -0.458212
v -0.266681 1.171404 -0.453964
v -0.284111 1.148538 -0.466511
v -0.283110 1.172227 -0.462734
v -0.281154 1.196437 -0.457943
v -0.298459 1.173537 -0.472722
v -0.297622 1.197546 -0.467344
v -0.296376 1.221441 -0.461145
v -0.312013 1.198961 -0.478544
v -0.311534 1.222661 -0.472664
v -0.309428 1.246157 -0.468366
v -0.324107 1.224013 -0.486681
v -0.322568 1.247431 -0.482648
v -0.319842 1.270573 -0.480375
v -0.332831 1.248811 -0.499267
v -0.330305 1.272119 -0.496784
v -0.326538 1.295133 -0.495187
v -0.336017 1.273870 -0.515093
v -0.331948 1.296619 -0.513528
v -0.328210 1.319112 -0.512460
v -0.333953 1.297586 -0.533767
v -0.332558 1.320002 -0.533161
v -0.330879 1.341633 -0.532739
v -0.325484 1.341382 -0.511737
v -0.329788 1.363012 -0.532219
v -0.322721 1.363176 -0.511115
v -0.325808 1.384222 -0.532252
v -0.319707 1.384556 -0.510510
v -0.322567 1.404848 -0.532510
v -0.316512 1.405451 -0.510181
v -0.320141 1.425162 -0.532843
v -0.313774 1.425973 -0.510139
v -0.316043 1.445257 -0.533201
v -0.312245 1.446342 -0.510107
v -0.314795 1.465469 -0.533398
v -0.311329 1.466706 -0.509994
v -0.313698 1.485641 -0.533576
v -0.310047 1.486938 -0.509967
v -0.311746 1.505751 -0.533788
v -0.307839 1.507073 -0.510061
v -0.308924 1.525771 -0.534042
v -0.304989 1.527107 -0.510225
v -0.304781 1.545581 -0.534394
v -0.301472 1.547032 -0.510504
v -0.299644 1.565212 -0.534891
v -0.297296 1.566868 -0.511062
v -0.291055 1.568092 -0.487673
v -0.291522 1.586442 -0.512176
v -0.285587 1.587773 -0.489071
v -0.274634 1.588594 -0.467884
v -0.277755 1.606794 -0.492031
v -0.267906 1.607900 -0.471166
v -0.254506 1.608868 -0.452617
v -0.262411 1.627405 -0.474236
v -0.249531 1.628735 -0.455872
v -0.232527 1.629332 -0.441495
v -0.246516 1.648829 -0.457880
v -0.229051 1.649317 -0.443599
v -0.209133 1.649031 -0.433299
v -0.224799 1.666375 -0.447399
v -0.205863 1.665748 -0.436589
v -0.184713 1.664184 -0.429086
v -0.203103 1.678514 -0.439859
v -0.182732 1.676714 -0.431685
v -0.160891 1.674847 -0.425140
v -0.181132 1.687627 -0.433773
v -0.159869 1.685563 -0.426575
v -0.137697 1.684605 -0.418904
v 0.093323 1.146267 -0.644975
v 0.077832 1.160547 -0.631373
v 0.082751 1.145653 -0.629762
v 0.065919 1.178053 -0.614892
v 0.057679 1.197594 -0.596982
v 0.056007 1.198203 -0.577949
v 0.050666 1.217841 -0.578871
v 0.050666 1.217841 -0.578871
v 0.045012 1.237675 -0.580149
v 0.043147 1.238280 -0.560892
v 0.037494 1.258645 -0.542173
v 0.034730 1.277518 -0.521203
v 0.035415 1.296467 -0.500488
v -0.272516 1.690701 -0.589441
v -0.272663 1.691012 -0.584699
v -0.278705 1.679645 -0.584403
v -0.278574 1.679358 -0.589171
v -0.270647 1.689326 -0.606293
v -0.274915 1.677670 -0.606075
v -0.270703 1.675795 -0.627261
v -0.267590 1.687745 -0.627373
v -0.279980 1.661314 -0.605840
v -0.274561 1.659473 -0.627203
v -0.269537 1.658127 -0.648048
v -0.278740 1.639833 -0.627308
v -0.274272 1.638782 -0.648615
v -0.267313 1.637487 -0.669297
v -0.279859 1.618469 -0.649534
v -0.273432 1.617221 -0.670870
v -0.263888 1.615638 -0.691252
v -0.279689 1.596735 -0.672548
v -0.269653 1.594869 -0.693274
v -0.256780 1.592681 -0.712648
v -0.274682 1.573933 -0.694843
v -0.261352 1.571505 -0.714352
v -0.246668 1.568928 -0.733003
v -0.265511 1.550354 -0.715522
v -0.250881 1.547561 -0.734382
v -0.235123 1.544532 -0.752381
v -0.254700 1.526217 -0.734908
v -0.238882 1.522900 -0.752786
v -0.221189 1.519322 -0.769013
v -0.241823 1.501448 -0.751678
v -0.223796 1.497554 -0.767132
v -0.202975 1.493597 -0.779186
v -0.225415 1.476241 -0.763424
v -0.204188 1.472244 -0.774308
v -0.181288 1.468571 -0.781598
v -0.205015 1.451491 -0.768228
v -0.182260 1.447880 -0.774720
v -0.158961 1.445159 -0.777086
v -0.183431 1.427913 -0.766382
v -0.160647 1.425269 -0.768206
v -0.185146 1.408207 -0.757450
v -0.163020 1.405400 -0.759084
v -0.187599 1.388326 -0.748835
v -0.165984 1.385447 -0.750178
v -0.190484 1.368187 -0.741565
v -0.169250 1.365402 -0.742627
v -0.193562 1.347822 -0.735878
v -0.172549 1.345104 -0.736652
v -0.151383 1.342864 -0.734457
v -0.175743 1.324715 -0.732230
v -0.154684 1.322430 -0.730016
v -0.134028 1.320681 -0.724722
v -0.157807 1.302073 -0.726811
v -0.137272 1.300252 -0.721316
v -0.117726 1.298920 -0.713114
v -0.114391 1.319558 -0.716435
v -0.099806 1.298141 -0.702487
v -0.096436 1.319042 -0.705679
v -0.084042 1.297967 -0.689792
v -0.103178 1.277750 -0.699259
v -0.087475 1.277326 -0.686354
v -0.073302 1.277293 -0.672452
v -0.091179 1.257416 -0.682756
v -0.076943 1.257099 -0.668532
v -0.064992 1.257592 -0.652780
v -0.081711 1.237679 -0.664827
v -0.069816 1.237842 -0.648671
v -0.061251 1.238937 -0.631016
v -0.057035 1.259111 -0.635062
v -0.076153 1.218629 -0.645408
v -0.067358 1.219259 -0.627591
v -0.062698 1.220452 -0.608850
v -0.074191 1.199717 -0.625229
v -0.069406 1.200517 -0.606494
v -0.065793 1.201399 -0.587558
v -0.074389 1.180346 -0.605209
v -0.070029 1.180707 -0.586328
v -0.066361 1.181177 -0.567417
v -0.062656 1.202139 -0.568518
v -0.066361 1.181177 -0.567417
v -0.069107 1.161459 -0.548119
v -0.074620 1.145854 -0.547989
v -0.077149 1.146409 -0.530234
v -0.299653 1.149699 -0.475614
v -0.313542 1.151353 -0.485223
v -0.312465 1.175203 -0.483066
v -0.325246 1.153033 -0.496308
v -0.324746 1.176862 -0.494717
v -0.324577 1.200458 -0.491309
v -0.334686 1.177947 -0.508348
v -0.334888 1.201720 -0.506086
v -0.334374 1.225522 -0.502531
v -0.341664 1.202694 -0.522638
v -0.340791 1.227057 -0.520416
v -0.338875 1.250722 -0.517647
v -0.343086 1.227880 -0.538958
v -0.340481 1.251979 -0.536983
v -0.336521 1.274866 -0.535133
v -0.341407 1.251971 -0.556539
v -0.338772 1.275211 -0.555518
v -0.338687 1.298503 -0.555170
v -0.342398 1.298767 -0.571717
v -0.343901 1.275664 -0.571244
v -0.344438 1.275564 -0.576450
v -0.342399 1.298492 -0.577048
v -0.338460 1.319257 -0.577173
v -0.339528 1.319780 -0.571877
v -0.339430 1.320613 -0.555180
v -0.336399 1.339492 -0.576631
v -0.336483 1.339836 -0.571116
v -0.336236 1.340824 -0.554406
v -0.331950 1.360355 -0.576331
v -0.333058 1.360718 -0.570371
v -0.331660 1.361357 -0.553425
v -0.331788 1.381585 -0.577450
v -0.330699 1.381716 -0.571671
v -0.329452 1.382601 -0.553905
v -0.329951 1.402470 -0.578506
v -0.329514 1.402815 -0.572824
v -0.325117 1.403763 -0.555521
v -0.323775 1.422488 -0.579220
v -0.324638 1.422984 -0.573448
v -0.323676 1.424196 -0.556032
v -0.317371 1.442323 -0.580016
v -0.317835 1.442828 -0.574211
v -0.318410 1.444149 -0.556678
v -0.316248 1.462326 -0.580599
v -0.316319 1.462780 -0.574729
v -0.316278 1.464049 -0.557049
v -0.315505 1.482398 -0.581117
v -0.315392 1.482820 -0.575195
v -0.315036 1.484077 -0.557372
v -0.313572 1.502423 -0.581526
v -0.313468 1.502855 -0.575577
v -0.313143 1.504136 -0.557678
v -0.310630 1.522384 -0.581849
v -0.310531 1.522820 -0.575893
v -0.310210 1.524110 -0.557980
v -0.306127 1.542157 -0.582115
v -0.306030 1.542588 -0.576174
v -0.305702 1.543856 -0.558300
v -0.300570 1.561777 -0.582333
v -0.300480 1.562201 -0.576425
v -0.300169 1.563444 -0.558658
v -0.295126 1.581535 -0.582553
v -0.295014 1.581947 -0.576709
v -0.294572 1.583149 -0.559140
v -0.293819 1.584788 -0.535656
v -0.289376 1.602915 -0.559784
v -0.287396 1.604304 -0.536822
v -0.284159 1.605663 -0.514142
v -0.282098 1.624031 -0.538255
v -0.277840 1.625004 -0.516406
v -0.271320 1.626033 -0.495002
v -0.277632 1.645655 -0.517331
v -0.270377 1.646501 -0.496172
v -0.260301 1.647646 -0.475880
v -0.266730 1.665621 -0.498329
v -0.255474 1.665937 -0.479085
v -0.241564 1.666366 -0.461698
v -0.249430 1.680811 -0.482381
v -0.236621 1.680289 -0.465429
v -0.221082 1.679568 -0.451204
v -0.233865 1.691902 -0.467337
v -0.218736 1.690735 -0.453506
v -0.201007 1.689339 -0.442299
v -0.267915 1.693448 -0.541444
v -0.263162 1.694251 -0.521067
v -0.268199 1.681954 -0.520185
v -0.272569 1.681528 -0.540787
v -0.274881 1.680325 -0.562384
v -0.270536 1.692089 -0.562866
v -0.278246 1.664704 -0.539785
v -0.278706 1.663595 -0.561768
v -0.278209 1.679926 -0.578916
v -0.283121 1.663505 -0.578496
v -0.284019 1.663358 -0.584033
v -0.278705 1.679645 -0.584403
v -0.272663 1.691012 -0.584699
v -0.272388 1.691345 -0.579251
v -0.282374 1.663529 -0.575541
v -0.282990 1.643548 -0.561213
v -0.285228 1.643090 -0.575066
v -0.283843 1.662862 -0.591813
v -0.285542 1.642276 -0.591428
v -0.282734 1.641161 -0.605608
v -0.278238 1.679125 -0.592123
v -0.285826 1.642466 -0.588432
v -0.285978 1.642727 -0.583595
v -0.287131 1.621899 -0.583138
v -0.286678 1.621567 -0.588035
v -0.285057 1.620468 -0.605503
v -0.283389 1.619477 -0.627654
v -0.289974 1.600267 -0.605622
v -0.288850 1.599178 -0.628243
v -0.285939 1.598105 -0.650676
v -0.294621 1.578986 -0.628883
v -0.291989 1.577721 -0.651789
v -0.285613 1.576112 -0.674116
v -0.297163 1.557302 -0.652643
v -0.290597 1.555425 -0.675238
v -0.279196 1.553004 -0.695995
v -0.294509 1.534745 -0.675737
v -0.283254 1.532193 -0.696678
v -0.269407 1.529308 -0.716137
v -0.286513 1.511471 -0.696659
v -0.272572 1.508369 -0.715831
v -0.257759 1.505033 -0.734253
v -0.274875 1.487605 -0.714558
v -0.260099 1.484068 -0.732483
v -0.243999 1.480245 -0.749185
v -0.261926 1.463358 -0.729857
v -0.245619 1.459432 -0.745690
v -0.226463 1.455409 -0.758559
v -0.246278 1.439029 -0.740608
v -0.226887 1.435148 -0.752059
v -0.205706 1.431365 -0.760665
v -0.227662 1.415118 -0.744818
v -0.206898 1.411526 -0.752439
v -0.229058 1.394941 -0.737721
v -0.208767 1.391537 -0.744570
v -0.231168 1.374600 -0.731509
v -0.211200 1.371310 -0.737683
v -0.233805 1.354101 -0.726376
v -0.214108 1.350895 -0.732272
v -0.236668 1.333540 -0.722256
v -0.217186 1.330410 -0.728074
v -0.196749 1.327419 -0.731574
v -0.220239 1.309996 -0.724702
v -0.199864 1.307100 -0.728108
v -0.178899 1.304420 -0.728928
v -0.202968 1.286888 -0.725523
v -0.181986 1.284275 -0.726414
v -0.160862 1.281974 -0.724187
v -0.185102 1.264348 -0.724401
v -0.163931 1.262161 -0.722031
v -0.143428 1.260375 -0.716091
v -0.140378 1.280141 -0.718432
v -0.124185 1.258961 -0.707296
v -0.121003 1.278730 -0.709994
v -0.106649 1.257964 -0.696094
v -0.127733 1.239460 -0.704703
v -0.110207 1.238603 -0.693363
v -0.095341 1.238107 -0.679590
v -0.115410 1.219133 -0.690086
v -0.100721 1.218907 -0.676675
v -0.087505 1.218684 -0.661902
v -0.107319 1.199601 -0.673513
v -0.094040 1.199591 -0.659300
v -0.082771 1.199510 -0.643140
v -0.100756 1.180614 -0.656786
v -0.088915 1.180420 -0.641527
v -0.080082 1.180160 -0.623903
v -0.094299 1.161741 -0.639946
v -0.084711 1.160842 -0.623008
v -0.078483 1.160342 -0.604519
v -0.089546 1.144680 -0.621494
v -0.083306 1.144551 -0.603477
v 0.350700 1.157725 -0.584960
v 0.349471 1.157884 -0.568106
v 0.349929 1.179782 -0.602673
v 0.349102 1.157400 -0.602352
v 0.346282 1.179079 -0.620506
v 0.345581 1.156905 -0.620051
v 0.344750 1.201621 -0.620468
v 0.336685 1.200075 -0.637764
v 0.338673 1.178188 -0.637936
v 0.335388 1.221782 -0.639129
v 0.323438 1.219596 -0.654689
v 0.325106 1.198332 -0.653485
v 0.321073 1.240994 -0.656413
v 0.306907 1.238737 -0.670185
v 0.309488 1.217592 -0.668636
v 0.303649 1.259983 -0.671983
v 0.286873 1.257392 -0.683460
v 0.290550 1.236516 -0.681971
v 0.282767 1.278132 -0.685319
v 0.264442 1.275028 -0.695355
v 0.268577 1.254643 -0.693261
v 0.260382 1.295346 -0.698309
v 0.241437 1.291886 -0.707820
v 0.245403 1.271796 -0.704416
v 0.237692 1.312052 -0.712326
v 0.218063 1.308403 -0.720654
v 0.221798 1.288367 -0.715938
v 0.214310 1.328670 -0.726059
v 0.194000 1.325051 -0.732227
v 0.197724 1.304837 -0.726789
v 0.190178 1.345580 -0.738518
v 0.169089 1.342319 -0.741055
v 0.173065 1.321740 -0.735122
v 0.164896 1.363129 -0.748441
v 0.142885 1.360461 -0.746474
v 0.147649 1.339554 -0.739682
v 0.137661 1.381316 -0.755237
v 0.120759 1.358484 -0.739897
v 0.099637 1.357304 -0.728909
v 0.126486 1.337442 -0.734174
v 0.151952 1.318873 -0.734398
v 0.176885 1.301512 -0.730030
v 0.201474 1.284891 -0.722126
v 0.225680 1.268503 -0.712183
v 0.249429 1.251744 -0.701856
v 0.272501 1.234182 -0.691740
v 0.293570 1.215579 -0.680682
v 0.311526 1.196464 -0.667487
v 0.327542 1.176817 -0.653588
v 0.328592 1.154793 -0.652882
v 0.338784 1.156086 -0.637289
v -0.347636 1.152892 -0.615873
v -0.345057 1.152236 -0.635514
v -0.343890 1.175177 -0.633925
v -0.350899 1.176066 -0.615751
v -0.353041 1.177028 -0.596493
v -0.348692 1.153579 -0.596508
v -0.350755 1.177649 -0.581506
v -0.349928 1.177833 -0.577448
v -0.347139 1.154127 -0.577654
v -0.347572 1.154001 -0.581703
v -0.345000 1.200283 -0.614288
v -0.346508 1.201696 -0.595725
v -0.346739 1.202431 -0.581256
v -0.346809 1.202637 -0.577223
v -0.346536 1.202832 -0.570146
v -0.346154 1.203141 -0.558729
v -0.346482 1.178391 -0.559189
v -0.348241 1.178056 -0.570426
v -0.346697 1.202304 -0.583764
v -0.344144 1.226213 -0.595724
v -0.344176 1.226969 -0.583464
v -0.344029 1.227598 -0.569507
v -0.343793 1.227939 -0.557792
v -0.344699 1.203202 -0.540393
v -0.344086 1.227524 -0.572026
v -0.344211 1.227383 -0.576760
v -0.343307 1.251441 -0.576333
v -0.343102 1.251597 -0.571373
v -0.342923 1.250979 -0.583354
v -0.341713 1.250095 -0.596107
v -0.340305 1.273319 -0.596800
v -0.343785 1.274953 -0.583753
v -0.342885 1.251669 -0.568738
v -0.343286 1.275641 -0.568454
v -0.340312 1.248009 -0.615622
v -0.336627 1.270701 -0.616598
v -0.332905 1.292836 -0.617412
v -0.337011 1.295544 -0.597524
v -0.344203 1.275227 -0.580964
v -0.341824 1.298004 -0.581621
v -0.342401 1.298489 -0.577038
v -0.344438 1.275567 -0.576443
v -0.330902 1.314759 -0.618051
v -0.334792 1.316803 -0.597566
v -0.337565 1.318725 -0.581693
v -0.338461 1.319259 -0.577165
v -0.329267 1.336198 -0.619203
v -0.334862 1.337896 -0.598313
v -0.336248 1.339124 -0.581414
v -0.336400 1.339492 -0.576620
v -0.323069 1.357292 -0.620342
v -0.328580 1.359182 -0.599073
v -0.331581 1.360135 -0.581445
v -0.331951 1.360354 -0.576324
v -0.319622 1.378117 -0.621795
v -0.324784 1.380113 -0.599999
v -0.332159 1.381420 -0.582403
v -0.331787 1.381585 -0.577448
v -0.317451 1.398457 -0.623441
v -0.320975 1.400417 -0.601150
v -0.329459 1.402105 -0.583432
v -0.329951 1.402470 -0.578506
v -0.315943 1.418539 -0.624971
v -0.317596 1.420425 -0.602226
v -0.322390 1.421996 -0.584255
v -0.323775 1.422488 -0.579220
v -0.315162 1.438607 -0.626420
v -0.316270 1.440461 -0.603292
v -0.316819 1.441857 -0.585088
v -0.317371 1.442323 -0.580016
v -0.314622 1.458631 -0.627673
v -0.315976 1.460550 -0.604177
v -0.316068 1.461912 -0.585732
v -0.316248 1.462326 -0.580599
v -0.313651 1.478656 -0.628600
v -0.315139 1.480603 -0.604882
v -0.315450 1.482010 -0.586296
v -0.315505 1.482398 -0.581117
v -0.311779 1.498690 -0.629233
v -0.313256 1.500627 -0.605394
v -0.313524 1.502035 -0.586726
v -0.313572 1.502423 -0.581526
v -0.309202 1.518752 -0.629661
v -0.310477 1.520633 -0.605753
v -0.310619 1.522008 -0.587058
v -0.310630 1.522384 -0.581849
v -0.305255 1.538810 -0.629700
v -0.306257 1.540487 -0.605948
v -0.306178 1.541800 -0.587309
v -0.306127 1.542157 -0.582115
v -0.300181 1.558848 -0.629405
v -0.300782 1.560247 -0.605958
v -0.300666 1.561443 -0.587498
v -0.300570 1.561777 -0.582333
v -0.295182 1.580187 -0.605803
v -0.295203 1.581234 -0.587646
v -0.295126 1.581535 -0.582553
v -0.290323 1.601260 -0.587788
v -0.290337 1.601545 -0.582790
v -0.290044 1.602071 -0.574001
v -0.294954 1.582164 -0.573597
v -0.290294 1.601085 -0.590888
v -0.286378 1.621364 -0.591072
v -0.287339 1.622474 -0.574513
v -0.286209 1.623185 -0.560548
v -0.287333 1.622283 -0.577513
v -0.287131 1.621899 -0.583138
v -0.285978 1.642727 -0.583595
v -0.285610 1.642984 -0.578034
v -0.280730 1.644605 -0.539062
v -0.275081 1.665436 -0.518514
v -0.259952 1.681454 -0.500865
v -0.255992 1.693889 -0.501912
v -0.246214 1.692953 -0.483888
v -0.301383 1.536894 -0.653070
v -0.304944 1.516615 -0.653130
v -0.297762 1.514239 -0.675772
v -0.307624 1.496458 -0.652732
v -0.300316 1.493887 -0.675272
v -0.288825 1.490892 -0.695780
v -0.302074 1.473685 -0.674206
v -0.290397 1.470533 -0.694225
v -0.276616 1.467081 -0.712571
v -0.291523 1.450321 -0.692101
v -0.278069 1.446737 -0.709908
v -0.263233 1.442940 -0.726361
v -0.279719 1.426378 -0.706920
v -0.264340 1.422585 -0.721958
v -0.246931 1.418782 -0.734656
v -0.265576 1.402104 -0.717093
v -0.248137 1.398451 -0.728639
v -0.267182 1.381520 -0.712250
v -0.249991 1.377981 -0.723133
v -0.269320 1.360867 -0.707928
v -0.252234 1.357417 -0.718194
v -0.271884 1.340150 -0.704253
v -0.254877 1.336784 -0.714215
v -0.274552 1.319399 -0.700958
v -0.257659 1.316161 -0.710880
v -0.239603 1.313030 -0.718900
v -0.260580 1.295551 -0.708160
v -0.242593 1.292586 -0.716213
v -0.223316 1.289682 -0.722079
v -0.245833 1.272143 -0.714390
v -0.226468 1.269449 -0.720079
v -0.206110 1.266828 -0.723512
v -0.229535 1.249294 -0.718094
v -0.209179 1.246957 -0.721264
v -0.188502 1.244624 -0.721729
v -0.212916 1.226750 -0.717708
v -0.193177 1.224604 -0.717419
v -0.172967 1.222655 -0.714702
v -0.167708 1.242492 -0.719176
v -0.152500 1.221027 -0.709307
v -0.147194 1.240754 -0.713459
v -0.132840 1.219849 -0.701051
v -0.158480 1.201167 -0.704541
v -0.139178 1.200190 -0.696834
v -0.121943 1.199623 -0.686455
v -0.145853 1.180564 -0.692670
v -0.128722 1.180177 -0.682982
v -0.114068 1.180397 -0.670575
v -0.133819 1.160904 -0.680868
v -0.119068 1.161466 -0.668889
v -0.106165 1.162007 -0.654935
v -0.123109 1.144108 -0.666548
v -0.110536 1.145130 -0.652745
v -0.098914 1.145227 -0.637952
v -0.308545 1.148676 -0.676841
v -0.293181 1.146993 -0.687181
v -0.292694 1.169480 -0.689102
v -0.308007 1.171314 -0.678289
v -0.322024 1.173130 -0.665673
v -0.323848 1.150385 -0.666041
v -0.334591 1.174515 -0.651143
v -0.338150 1.151681 -0.653495
v -0.307387 1.193438 -0.679785
v -0.321181 1.195264 -0.666133
v -0.332842 1.196987 -0.650205
v -0.341087 1.198630 -0.632514
v -0.320233 1.217186 -0.667409
v -0.331867 1.219309 -0.651250
v -0.339975 1.222002 -0.633381
v -0.343313 1.224430 -0.614691
v -0.329649 1.241724 -0.652707
v -0.337384 1.244878 -0.634824
v -0.326992 1.264228 -0.654272
v -0.334049 1.267585 -0.636275
v -0.323925 1.286611 -0.655681
v -0.330238 1.289952 -0.637367
v -0.320119 1.308721 -0.656906
v -0.326233 1.311990 -0.638277
v -0.316490 1.330362 -0.658605
v -0.322648 1.333679 -0.639536
v -0.313346 1.351587 -0.660913
v -0.319682 1.354964 -0.641314
v -0.310524 1.372487 -0.663529
v -0.316826 1.375761 -0.643363
v -0.308027 1.393061 -0.666339
v -0.314384 1.396264 -0.645474
v -0.306004 1.413299 -0.668796
v -0.312680 1.416319 -0.647440
v -0.304461 1.433464 -0.670828
v -0.311635 1.436333 -0.649234
v -0.303231 1.453561 -0.672645
v -0.310780 1.456353 -0.650792
v -0.309599 1.476393 -0.651976
v -0.293072 1.430046 -0.689814
v -0.294862 1.409644 -0.687269
v -0.281218 1.405846 -0.703294
v -0.296748 1.389023 -0.684116
v -0.282901 1.385177 -0.699331
v -0.299002 1.368412 -0.680793
v -0.284961 1.364499 -0.695483
v -0.301519 1.347593 -0.677570
v -0.287479 1.343730 -0.692068
v -0.304525 1.326508 -0.674699
v -0.290245 1.322828 -0.688919
v -0.308194 1.305136 -0.672628
v -0.293558 1.301760 -0.686486
v -0.277487 1.298594 -0.698275
v -0.297402 1.280458 -0.685106
v -0.281099 1.277653 -0.696797
v -0.263980 1.274889 -0.706546
v -0.284885 1.256489 -0.695960
v -0.267493 1.254105 -0.705426
v -0.249035 1.251685 -0.712770
v -0.270525 1.233056 -0.703806
v -0.251860 1.230983 -0.710627
v -0.232408 1.228917 -0.715462
v -0.254262 1.209910 -0.708186
v -0.235695 1.208026 -0.711883
v -0.217191 1.206074 -0.713010
v -0.238840 1.186706 -0.708113
v -0.221247 1.185072 -0.708420
v -0.203232 1.183575 -0.706911
v -0.198337 1.204186 -0.712092
v -0.184299 1.182336 -0.704023
v -0.178722 1.202498 -0.709376
v -0.164599 1.181304 -0.699592
v -0.188715 1.161922 -0.700580
v -0.169909 1.161318 -0.696289
v -0.151439 1.160963 -0.689742
v -0.172837 1.141659 -0.693663
v -0.154870 1.142335 -0.687001
v -0.137614 1.143034 -0.678353
v -0.259225 1.144354 -0.701226
v -0.242385 1.143314 -0.703244
v -0.241265 1.165024 -0.705208
v -0.258333 1.166410 -0.703088
v -0.275768 1.167857 -0.697710
v -0.276402 1.145561 -0.695757
v -0.256493 1.188352 -0.705345
v -0.274460 1.189913 -0.699447
v -0.291745 1.191618 -0.690928
v -0.272820 1.211655 -0.701655
v -0.290287 1.213425 -0.692958
v -0.306292 1.215265 -0.681514
v -0.288106 1.235073 -0.694852
v -0.304263 1.237057 -0.683114
v -0.318197 1.239218 -0.668752
v -0.301183 1.258869 -0.684210
v -0.315397 1.261405 -0.670148
v -0.312040 1.283404 -0.671313
v -0.225668 1.142452 -0.702939
v -0.224315 1.163786 -0.704971
v -0.208664 1.141807 -0.701120
v -0.206974 1.162731 -0.703287
v -0.190950 1.141469 -0.698244
v -0.341630 1.178341 -0.524069
v -0.344589 1.178533 -0.541272
v -0.340619 1.154685 -0.524709
v -0.343393 1.154797 -0.541606
v -0.345053 1.154617 -0.559365
v -0.346439 1.154254 -0.573068
v -0.347139 1.154127 -0.577654
v -0.349928 1.177833 -0.577448
v -0.348776 1.177980 -0.572856
v -0.334304 1.154196 -0.509463
v -0.016279 1.377487 -0.586770
v 0.273506 1.685379 -0.613787
v 0.266776 1.683417 -0.635857
v 0.277890 1.670697 -0.637659
v 0.286612 1.672200 -0.614395
v 0.290034 1.670993 -0.584475
v 0.279191 1.685654 -0.585435
v 0.294250 1.650688 -0.613951
v 0.292639 1.648544 -0.583116
v 0.290034 1.670993 -0.584475
v 0.292639 1.648544 -0.583116
v 0.292296 1.647925 -0.568142
v 0.279191 1.685654 -0.585435
v 0.288534 1.623487 -0.582541
v 0.289411 1.623644 -0.566949
v 0.290563 1.624287 -0.544138
v 0.288981 1.600818 -0.565643
v 0.289979 1.601910 -0.542465
v 0.287621 1.602806 -0.519201
v 0.290955 1.580614 -0.540251
v 0.290038 1.581916 -0.516847
v 0.285535 1.582859 -0.493624
v 0.295027 1.561684 -0.514217
v 0.290612 1.562513 -0.490875
v 0.280198 1.562609 -0.469523
v 0.295155 1.542089 -0.488458
v 0.284307 1.541885 -0.467485
v 0.268252 1.541089 -0.450574
v 0.288217 1.521095 -0.465664
v 0.271577 1.519963 -0.449651
v 0.252523 1.518608 -0.436968
v 0.274469 1.498706 -0.448970
v 0.255132 1.496954 -0.437118
v 0.234311 1.495052 -0.427458
v 0.257903 1.475228 -0.436606
v 0.236882 1.472769 -0.427493
v 0.214315 1.470105 -0.419564
v 0.239634 1.450569 -0.426927
v 0.216836 1.447382 -0.419589
v 0.219601 1.425345 -0.420148
v 0.287712 1.600157 -0.580215
v 0.288534 1.623487 -0.582541
v 0.259873 1.680815 -0.657848
v -0.346118 1.154320 -0.570636
v -0.290101 1.601976 -0.575585
v -0.287343 1.622377 -0.576067
v -0.294981 1.582052 -0.575209
v -0.343001 1.251633 -0.570103
v -0.343628 1.275659 -0.569900
v -0.346575 1.202796 -0.571420
v -0.344054 1.227560 -0.570812
v -0.348503 1.178017 -0.571683
v -0.282777 1.663521 -0.577073
v -0.285437 1.643037 -0.576604
v -0.277730 1.680026 -0.575989
v -0.272100 1.691491 -0.576345
v -0.300437 1.562425 -0.573281
v -0.305984 1.542816 -0.573011
v -0.310484 1.523051 -0.572723
v -0.313419 1.503083 -0.572411
v -0.315340 1.483045 -0.572042
v -0.316366 1.463019 -0.571604
v -0.318057 1.443093 -0.571121
v -0.324818 1.423233 -0.570374
v -0.328994 1.402990 -0.569782
v -0.330158 1.381801 -0.568540
v -0.333394 1.360883 -0.567233
v -0.336541 1.340003 -0.568161
v -0.339973 1.320018 -0.568976
v -0.342113 1.298826 -0.568821
v -0.290310 1.601170 -0.589372
v -0.286524 1.621463 -0.589587
v -0.295232 1.581049 -0.590804
v -0.300718 1.561233 -0.590708
v -0.306204 1.541576 -0.590539
v -0.310607 1.521772 -0.590297
v -0.313489 1.501793 -0.589959
v -0.315410 1.481768 -0.589516
v -0.315985 1.461661 -0.588924
v -0.316522 1.441577 -0.588242
v -0.321371 1.421689 -0.587381
v -0.328640 1.401857 -0.586501
v -0.331902 1.381289 -0.585467
v -0.331541 1.360035 -0.584582
v -0.336069 1.338886 -0.584387
v -0.337047 1.318374 -0.584479
v -0.341219 1.297635 -0.584434
v -0.343033 1.251069 -0.582038
v -0.344013 1.275093 -0.582390
v -0.344182 1.227047 -0.582206
v -0.346717 1.202366 -0.582537
v -0.351278 1.177536 -0.584061
v -0.347836 1.153925 -0.584238
v -0.284004 1.662979 -0.590360
v -0.278426 1.679244 -0.590680
v -0.285699 1.642372 -0.589963
v -0.272300 1.690482 -0.592379
v -0.346622 1.202764 -0.572604
v -0.290158 1.601887 -0.577058
v -0.346274 1.154286 -0.571895
v -0.277993 1.679979 -0.577506
v -0.272254 1.691418 -0.577851
v -0.300455 1.562310 -0.574910
v -0.306003 1.542698 -0.574650
v -0.310504 1.522932 -0.574366
v -0.313440 1.502965 -0.574052
v -0.315363 1.482929 -0.573676
v -0.316338 1.462895 -0.573223
v -0.317941 1.442957 -0.572722
v -0.324746 1.423106 -0.571967
v -0.329283 1.402900 -0.571360
v -0.330418 1.381755 -0.570167
v -0.333269 1.360805 -0.568852
v -0.336507 1.339917 -0.569694
v -0.339757 1.319899 -0.570486
v -0.342282 1.298803 -0.570326
v -0.284109 1.663090 -0.588840
v -0.344189 1.227128 -0.580894
v -0.343132 1.251161 -0.580664
v -0.295220 1.581139 -0.589259
v -0.300693 1.561335 -0.589137
v -0.306192 1.541686 -0.588958
v -0.310614 1.521888 -0.588712
v -0.313506 1.501912 -0.588377
v -0.315431 1.481887 -0.587941
v -0.316022 1.461783 -0.587362
v -0.316661 1.441712 -0.586698
v -0.321879 1.421839 -0.585852
v -0.329096 1.401981 -0.584998
v -0.332086 1.381357 -0.583969
v -0.331560 1.360084 -0.583051
v -0.336163 1.339003 -0.582934
v -0.337298 1.318546 -0.583118
v -0.341537 1.297820 -0.583061
v -0.351025 1.177591 -0.582808
v -0.347709 1.153962 -0.582996
v -0.272417 1.690591 -0.590942
v -0.343307 1.251441 -0.576330
v -0.344211 1.227383 -0.576760
v -0.284019 1.663358 -0.584033
v -0.290337 1.601545 -0.582790
v -0.346809 1.202637 -0.577223
vn 0.9570 0.2842 0.0579
vn 0.9544 0.2977 -0.0206
vn 0.9851 0.1720 0.0072
vn -0.9555 0.2354 0.1776
vn -0.9666 0.2317 0.1095
vn -0.9578 0.2731 0.0899
vn 0.9820 0.1783 0.0624
vn 0.9565 0.2851 0.0621
vn 0.9849 0.1728 0.0091
vn -0.9434 0.2627 0.2025
vn -0.9569 0.2168 0.1934
vn -0.9576 0.2474 0.1479
vn 0.1539 0.0371 -0.9874
vn 0.0473 0.0328 -0.9983
vn -0.1369 -0.0477 -0.9894
vn -0.1024 -0.0557 -0.9932
vn 0.0831 0.0255 -0.9962
vn 0.3173 0.1000 -0.9430
vn 0.4183 0.1210 -0.9002
vn -0.0961 -0.0383 -0.9946
vn 0.5186 0.4825 0.7059
vn 0.4461 0.6135 0.6516
vn 0.4752 0.6275 0.6168
vn 0.6094 0.4588 0.6467
vn 0.4754 0.5188 0.7105
vn 0.3871 0.6189 0.6835
vn 0.3730 0.4887 0.7887
vn 0.3712 0.4948 0.7857
vn 0.4880 0.4234 0.7633
vn 0.3521 0.4355 0.8285
vn 0.5790 0.4057 0.7072
vn -0.5282 0.4239 0.7357
vn -0.5532 0.3400 0.7605
vn -0.6428 0.3300 0.6913
vn -0.6003 0.4530 0.6591
vn -0.4299 0.4953 0.7549
vn -0.4626 0.4213 0.7800
vn -0.4738 0.3707 0.7988
vn -0.4662 0.3463 0.8141
vn -0.5214 0.1713 -0.8359
vn -0.2924 0.0768 -0.9532
vn -0.2907 0.0304 -0.9563
vn -0.4429 0.1197 -0.8885
vn -0.3146 0.3254 -0.8917
vn -0.4093 0.3908 -0.8245
vn -0.4595 0.4873 -0.7425
vn -0.6658 0.2782 -0.6923
vn -0.6293 0.2144 -0.7470
vn -0.4480 0.1627 -0.8791
vn -0.5598 0.2537 -0.7888
vn -0.4062 0.2056 -0.8903
vn -0.2344 0.1377 -0.9623
vn -0.2525 0.1056 -0.9618
vn -0.0960 0.0997 -0.9904
vn -0.1091 0.0802 -0.9908
vn -0.1404 0.0485 -0.9889
vn 0.0017 0.0726 -0.9974
vn -0.0246 0.0535 -0.9983
vn -0.0555 0.0188 -0.9983
vn -0.1748 0.0070 -0.9846
vn -0.0849 0.0112 -0.9963
vn -0.1959 0.0255 -0.9803
vn -0.2883 0.0167 -0.9574
vn -0.3448 0.0833 -0.9350
vn -0.1920 0.0668 -0.9791
vn -0.2675 0.1090 -0.9574
vn -0.2579 0.2088 -0.9433
vn -0.1201 0.3546 -0.9273
vn -0.1991 0.2932 -0.9351
vn -0.1937 0.2532 -0.9478
vn -0.1763 0.3369 -0.9249
vn -0.0748 0.4161 -0.9062
vn 0.0080 0.4456 -0.8952
vn 0.0074 0.3952 -0.9186
vn -0.1068 0.4005 -0.9101
vn -0.0462 0.4577 -0.8879
vn 0.0115 0.4808 -0.8768
vn 0.1005 0.4543 -0.8852
vn 0.1477 0.3921 -0.9080
vn 0.1862 0.3559 -0.9158
vn 0.1317 0.4158 -0.8999
vn -0.0152 0.3929 -0.9195
vn 0.0109 0.4150 -0.9097
vn 0.0773 0.4060 -0.9106
vn 0.0781 0.3502 -0.9334
vn 0.0347 0.2246 -0.9738
vn 0.1457 0.2508 -0.9570
vn 0.0515 0.2172 -0.9748
vn 0.0083 0.1971 -0.9803
vn -0.0456 0.1535 -0.9871
vn -0.1093 0.1041 -0.9885
vn -0.0521 0.0860 -0.9949
vn -0.0232 0.0586 -0.9980
vn -0.0743 0.0610 -0.9954
vn -0.1318 0.0613 -0.9894
vn -0.1394 0.0449 -0.9892
vn -0.1101 0.0657 -0.9917
vn -0.0824 -0.0045 -0.9966
vn -0.1436 -0.0123 -0.9896
vn -0.1572 -0.0199 -0.9874
vn -0.1556 -0.0369 -0.9871
vn -0.1285 0.0202 -0.9915
vn -0.1532 -0.0700 -0.9857
vn -0.1702 -0.0836 -0.9818
vn -0.1881 -0.1136 -0.9756
vn -0.2322 -0.1635 -0.9588
vn -0.1804 -0.0825 -0.9801
vn -0.1975 -0.1256 -0.9722
vn -0.2297 -0.1642 -0.9593
vn -0.2772 -0.2030 -0.9391
vn -0.3126 -0.2378 -0.9196
vn -0.2730 -0.2174 -0.9371
vn -0.2711 -0.0991 -0.9574
vn -0.3141 -0.1263 -0.9410
vn -0.3419 -0.1495 -0.9278
vn -0.3454 -0.1779 -0.9214
vn -0.3195 -0.2577 -0.9119
vn -0.3273 -0.1610 -0.9311
vn -0.3587 -0.2089 -0.9098
vn -0.3656 -0.2478 -0.8972
vn -0.4177 -0.2693 -0.8677
vn -0.4098 -0.2048 -0.8889
vn -0.3571 -0.3521 -0.8651
vn -0.3619 -0.3771 -0.8525
vn -0.4097 -0.3753 -0.8314
vn -0.5175 -0.3423 -0.7842
vn -0.5507 -0.2663 -0.7911
vn -0.4643 0.0554 -0.8839
vn -0.3707 0.0689 -0.9262
vn -0.3786 0.1084 -0.9192
vn -0.4538 0.0948 -0.8860
vn -0.5447 0.1119 -0.8311
vn -0.5672 0.0519 -0.8219
vn -0.6586 0.1293 -0.7413
vn -0.6763 0.0490 -0.7350
vn -0.4359 0.1794 -0.8819
vn -0.4911 0.1934 -0.8493
vn -0.6164 0.2004 -0.7615
vn -0.7345 0.1958 -0.6498
vn -0.7573 0.1366 -0.6386
vn -0.4641 0.1878 -0.8657
vn -0.6061 0.1650 -0.7781
vn -0.7396 0.1379 -0.6587
vn -0.8492 0.1074 -0.5170
vn -0.8385 0.1742 -0.5163
vn -0.6024 0.0099 -0.7981
vn -0.7355 -0.0009 -0.6775
vn -0.8553 -0.0249 -0.5175
vn -0.9542 -0.0877 -0.2860
vn -0.9451 0.0470 -0.3234
vn -0.7179 -0.0619 -0.6934
vn -0.8576 -0.0851 -0.5072
vn -0.9589 -0.1358 -0.2493
vn -0.9835 -0.1692 -0.0642
vn -0.9849 -0.1460 -0.0926
vn -0.8651 -0.0960 -0.4923
vn -0.9639 -0.1420 -0.2253
vn -0.9906 -0.0864 -0.1062
vn -0.9967 -0.0216 -0.0788
vn -0.9847 -0.1660 -0.0531
vn -0.9597 -0.0967 -0.2637
vn -0.9765 0.0003 -0.2155
vn -0.9931 0.0798 -0.0863
vn -0.9991 0.0421 -0.0016
vn -0.9970 -0.0335 -0.0694
vn -0.9419 0.0112 -0.3356
vn -0.9870 0.0914 -0.1319
vn -0.9951 0.0440 0.0886
vn -0.9891 -0.0310 0.1441
vn -0.9654 -0.0679 0.2516
vn -0.9854 -0.0499 0.1629
vn -0.9989 0.0134 0.0445
vn -0.9892 -0.0755 -0.1254
vn -0.9791 -0.1008 0.1768
vn -0.9802 -0.0946 0.1741
vn -0.9488 -0.1328 0.2866
vn -0.9588 -0.1325 0.2514
vn -0.9598 -0.1352 0.2460
vn -0.9589 -0.1199 0.2571
vn -0.9282 -0.1898 0.3201
vn -0.9632 -0.1541 0.2203
vn -0.9600 -0.1407 0.2421
vn -0.9631 -0.1303 0.2357
vn -0.9317 -0.1748 0.3185
vn -0.9734 -0.1356 0.1848
vn -0.9512 -0.1470 0.2713
vn -0.8577 -0.1157 0.5010
vn -0.8613 -0.0935 0.4994
vn -0.9740 -0.1328 0.1838
vn -0.9428 -0.1418 0.3017
vn -0.8580 -0.1129 0.5012
vn -0.7617 -0.0514 0.6459
vn -0.7432 -0.0487 0.6673
vn -0.9398 -0.1257 0.3178
vn -0.8604 -0.0983 0.5001
vn -0.7882 -0.0411 0.6141
vn -0.7470 0.0357 0.6639
vn -0.7076 0.0197 0.7064
vn -0.8683 -0.0596 0.4924
vn -0.8139 -0.0130 0.5809
vn -0.7817 0.0440 0.6221
vn -0.7339 0.1153 0.6694
vn -0.6983 0.1153 0.7065
vn -0.8302 0.0198 0.5572
vn -0.8025 0.0540 0.5942
vn -0.7581 0.0942 0.6453
vn -0.6836 0.1487 0.7146
vn -0.6578 0.1899 0.7289
vn -0.8102 0.0413 0.5847
vn -0.7703 0.0697 0.6339
vn -0.6982 0.1057 0.7080
vn -0.6020 0.1436 0.7855
vn -0.5899 0.2047 0.7811
vn -0.7757 0.0084 0.6310
vn -0.7051 0.0454 0.7077
vn -0.5988 0.0727 0.7976
vn -0.4660 0.0846 0.8807
vn -0.4767 0.1743 0.8616
vn -0.7060 -0.0556 0.7060
vn -0.5894 -0.0261 0.8074
vn -0.4496 -0.0081 0.8932
vn -0.2922 0.0061 0.9563
vn -0.2990 0.1019 0.9488
vn -0.5826 -0.1212 0.8037
vn -0.4379 -0.0987 0.8936
vn -0.2853 -0.0806 0.9551
vn -0.1409 -0.0590 0.9883
vn -0.1295 0.0354 0.9909
vn -0.4323 -0.1723 0.8851
vn -0.2804 -0.1493 0.9482
vn -0.1428 -0.1345 0.9806
vn -0.0424 -0.1193 0.9919
vn -0.0258 -0.0264 0.9993
vn -0.2777 -0.1964 0.9404
vn -0.1359 -0.1854 0.9732
vn -0.0463 -0.1811 0.9824
vn 0.0223 -0.1724 0.9848
vn 0.0322 -0.0992 0.9945
vn -0.1364 -0.1710 0.9758
vn -0.0477 -0.1545 0.9868
vn 0.0340 -0.1776 0.9835
vn 0.0494 -0.2015 0.9782
vn 0.0630 -0.1590 0.9853
vn -0.0300 -0.0987 0.9947
vn 0.0900 -0.1375 0.9864
vn 0.0725 -0.1925 0.9786
vn 0.0221 -0.2061 0.9783
vn 0.0378 -0.1886 0.9813
vn 0.1306 -0.2158 0.9677
vn 0.0884 -0.2042 0.9749
vn 0.0052 -0.1791 0.9838
vn -0.0319 -0.1611 0.9864
vn -0.0197 -0.1906 0.9815
vn 0.0399 -0.1866 0.9816
vn -0.0220 -0.1471 0.9889
vn -0.0415 -0.1314 0.9905
vn -0.0485 -0.1302 0.9903
vn -0.0532 -0.1585 0.9859
vn -0.0091 -0.1648 0.9863
vn 0.0535 -0.1984 0.9787
vn 0.0248 -0.2233 0.9744
vn -0.0305 -0.1923 0.9809
vn -0.0486 -0.1683 0.9845
vn -0.0361 -0.1428 0.9891
vn -0.0520 -0.2098 0.9764
vn -0.0611 -0.1901 0.9799
vn -0.0629 -0.1719 0.9831
vn -0.0772 -0.1908 0.9786
vn -0.0540 -0.1843 0.9814
vn -0.0473 -0.1424 0.9887
vn -0.0892 -0.1695 0.9815
vn -0.0525 -0.1647 0.9849
vn -0.0061 -0.1738 0.9848
vn -0.0506 -0.1131 0.9923
vn 0.0103 -0.1220 0.9925
vn 0.0581 -0.1413 0.9883
vn 0.0279 -0.0418 0.9987
vn 0.0831 -0.0595 0.9948
vn 0.0796 -0.0794 0.9937
vn 0.1066 0.0654 0.9921
vn 0.1040 0.0449 0.9936
vn 0.0549 0.0116 0.9984
vn 0.1441 0.1981 0.9695
vn 0.1034 0.1453 0.9840
vn 0.0106 0.0839 0.9964
vn 0.1724 0.2736 0.9463
vn 0.0649 0.1983 0.9780
vn -0.1125 0.1361 0.9843
vn 0.1209 0.2744 0.9540
vn -0.0971 0.2188 0.9709
vn -0.3150 0.1900 0.9299
vn -0.0956 0.3255 0.9407
vn -0.3250 0.2796 0.9034
vn -0.4821 0.2423 0.8420
vn -0.3152 0.3630 0.8768
vn -0.4735 0.3008 0.8278
vn -0.5736 0.2485 0.7806
vn -0.4532 0.3118 0.8351
vn -0.5522 0.2512 0.7949
vn -0.6284 0.1897 0.7544
vn -0.5277 0.2255 0.8190
vn -0.5989 0.1698 0.7826
vn -0.6571 0.1004 0.7471
vn -0.5722 0.1385 0.8084
vn -0.6183 0.0861 0.7812
vn -0.6703 0.0191 0.7418
vn -0.5902 0.0626 0.8048
vn -0.6463 0.0186 0.7628
vn -0.7335 -0.0315 0.6790
vn -0.6378 0.0221 0.7699
vn -0.7285 -0.0190 0.6848
vn -0.8634 -0.0775 0.4985
vn -0.7213 -0.0243 0.6922
vn -0.8603 -0.0824 0.5030
vn -0.9617 -0.1359 0.2379
vn -0.8551 -0.0924 0.5101
vn -0.9579 -0.1512 0.2442
vn -0.9707 -0.1532 0.1853
vn -0.9427 -0.1583 0.2936
vn -0.9656 -0.2071 0.1570
vn -0.9894 -0.1338 0.0556
vn -0.9836 -0.1246 0.1301
vn -0.9934 -0.1132 -0.0161
vn -0.9913 -0.1178 -0.0590
vn -0.9973 -0.0565 -0.0465
vn -0.9914 -0.1311 0.0046
vn -0.9874 -0.1573 -0.0175
vn -0.9878 -0.1453 -0.0567
vn -0.9875 -0.1574 -0.0028
vn -0.9855 -0.1658 -0.0365
vn -0.9935 -0.1128 -0.0132
vn -0.9936 -0.0965 -0.0587
vn -0.9883 -0.0347 -0.1488
vn -0.9946 0.0109 -0.1032
vn -0.9732 0.0645 -0.2206
vn -0.9238 0.1268 -0.3613
vn -0.9566 0.1293 -0.2610
vn -0.9113 0.1456 -0.3850
vn -0.8485 0.1456 -0.5088
vn -0.9147 0.1191 -0.3863
vn -0.8672 0.1128 -0.4851
vn -0.7859 0.0809 -0.6130
vn -0.8100 -0.2868 -0.5115
vn -0.8421 -0.3819 -0.3809
vn -0.8538 -0.2711 -0.4444
vn -0.8165 -0.2296 -0.5297
vn -0.7175 -0.2379 -0.6546
vn -0.6812 -0.2901 -0.6722
vn -0.8074 -0.1933 -0.5574
vn -0.7212 -0.2099 -0.6602
vn -0.5537 -0.2173 -0.8038
vn -0.7297 -0.2537 -0.6349
vn -0.5533 -0.2676 -0.7889
vn -0.3935 -0.2703 -0.8787
vn -0.5749 -0.2234 -0.7871
vn -0.4127 -0.2466 -0.8769
vn -0.3048 -0.2489 -0.9193
vn -0.4518 -0.1701 -0.8757
vn -0.3018 -0.1795 -0.9363
vn -0.2189 -0.1431 -0.9652
vn -0.3150 -0.0609 -0.9471
vn -0.1818 -0.0401 -0.9825
vn -0.1407 -0.0104 -0.9900
vn -0.1784 0.0648 -0.9818
vn -0.1301 0.0633 -0.9895
vn -0.1188 0.0544 -0.9914
vn -0.1489 0.0808 -0.9855
vn -0.1364 0.0570 -0.9890
vn -0.1062 0.0447 -0.9933
vn -0.1586 0.0194 -0.9872
vn -0.1052 0.0263 -0.9941
vn 0.0342 0.1014 -0.9943
vn -0.0534 0.0243 -0.9983
vn 0.1321 0.1436 -0.9808
vn 0.2252 0.2426 -0.9436
vn 0.2397 0.1907 -0.9519
vn 0.2760 0.2540 -0.9270
vn 0.2129 0.3206 -0.9230
vn 0.3070 0.3046 -0.9016
vn 0.2328 0.3400 -0.9112
vn 0.1397 0.3656 -0.9202
vn 0.1412 0.3707 -0.9180
vn 0.2438 0.4284 -0.8701
vn 0.1174 0.4408 -0.8899
vn -0.0107 0.3842 -0.9232
vn -0.0624 0.4466 -0.8926
vn 0.2399 0.5304 -0.8131
vn 0.0586 0.5399 -0.8397
vn -0.1137 0.5366 -0.8361
vn 0.2066 0.6157 -0.7604
vn -0.0170 0.6241 -0.7812
vn -0.1480 0.6156 -0.7741
vn 0.1555 0.6823 -0.7143
vn -0.0950 0.6831 -0.7241
vn -0.1797 0.6690 -0.7212
vn -0.4942 0.5609 -0.6641
vn -0.2318 0.7277 -0.6455
vn -0.5247 0.6220 -0.5812
vn -0.7606 0.4472 -0.4706
vn -0.7351 0.3633 -0.5724
vn -0.8622 0.3019 -0.4066
vn -0.7703 0.2319 -0.5940
vn -0.8527 0.2448 -0.4615
vn -0.6917 0.2554 -0.6755
vn -0.7981 0.2302 -0.5567
vn -0.6385 0.2445 -0.7297
vn -0.5569 0.2281 -0.7987
vn -0.6324 0.2018 -0.7479
vn -0.5643 0.1948 -0.8023
vn -0.4072 0.1611 -0.8990
vn -0.4122 0.1698 -0.8951
vn -0.2292 0.1190 -0.9661
vn -0.2341 0.1172 -0.9651
vn -0.0866 0.0797 -0.9931
vn -0.0926 0.0813 -0.9924
vn 0.0585 0.0513 -0.9970
vn 0.0370 0.0555 -0.9978
vn 0.0224 0.0752 -0.9969
vn 0.1978 0.0296 -0.9798
vn 0.1735 0.0507 -0.9835
vn 0.1372 0.0650 -0.9884
vn 0.3334 0.0388 -0.9420
vn 0.2980 0.0612 -0.9526
vn 0.2597 0.0475 -0.9645
vn 0.1013 0.0506 -0.9936
vn 0.2290 0.0227 -0.9732
vn 0.0702 0.0283 -0.9971
vn 0.2025 0.0122 -0.9792
vn 0.0455 0.0155 -0.9988
vn 0.1773 0.0169 -0.9840
vn 0.0286 0.0252 -0.9993
vn -0.1017 0.0431 -0.9939
vn 0.0268 0.0235 -0.9994
vn -0.0827 0.0771 -0.9936
vn -0.1535 0.1588 -0.9753
vn -0.0332 0.0477 -0.9983
vn -0.0674 0.1642 -0.9841
vn -0.1016 0.2989 -0.9489
vn 0.0220 0.0831 -0.9963
vn 0.0044 0.2115 -0.9774
vn -0.0276 0.3257 -0.9451
vn 0.0803 0.0596 -0.9950
vn 0.0373 0.1325 -0.9905
vn 0.0179 0.1964 -0.9804
vn 0.0013 0.2277 -0.9737
vn 0.0682 -0.0201 -0.9975
vn 0.0407 0.0205 -0.9990
vn 0.0054 0.0485 -0.9988
vn 0.0273 0.0559 -0.9981
vn 0.0532 -0.0512 -0.9973
vn 0.0210 -0.0321 -0.9993
vn 0.0242 -0.0280 -0.9993
vn -0.0241 -0.0125 -0.9996
vn 0.0283 -0.0589 -0.9979
vn -0.0209 -0.0468 -0.9987
vn -0.0968 -0.0556 -0.9938
vn -0.0239 -0.0451 -0.9987
vn -0.1147 -0.0667 -0.9912
vn -0.1704 -0.0916 -0.9811
vn -0.1363 -0.0239 -0.9904
vn -0.2030 -0.0573 -0.9775
vn -0.2286 -0.0824 -0.9700
vn -0.2242 -0.0437 -0.9736
vn -0.2358 -0.0659 -0.9696
vn -0.2893 -0.1061 -0.9513
vn -0.2517 -0.1215 -0.9601
vn -0.3143 -0.1905 -0.9300
vn -0.3427 -0.2817 -0.8962
vn 0.4035 0.2726 -0.8734
vn 0.5473 0.2506 -0.7985
vn 0.5781 0.2452 -0.7782
vn 0.4265 0.2686 -0.8637
vn 0.2636 0.2700 -0.9261
vn 0.2817 0.2522 -0.9258
vn 0.1306 0.2375 -0.9626
vn 0.1653 0.1901 -0.9677
vn 0.4733 0.2836 -0.8340
vn 0.2945 0.2985 -0.9078
vn 0.1420 0.2850 -0.9480
vn 0.0052 0.2641 -0.9645
vn 0.0086 0.2078 -0.9781
vn 0.3068 0.3264 -0.8941
vn 0.1466 0.3065 -0.9405
vn 0.0115 0.2709 -0.9625
vn -0.1119 0.2380 -0.9648
vn -0.1043 0.2363 -0.9661
vn 0.1485 0.2905 -0.9453
vn 0.0036 0.2537 -0.9673
vn -0.1201 0.1978 -0.9728
vn -0.2085 0.1453 -0.9672
vn -0.2015 0.2020 -0.9584
vn -0.0012 0.1874 -0.9823
vn -0.1555 0.1369 -0.9783
vn -0.2288 0.0791 -0.9703
vn -0.2774 0.0309 -0.9603
vn -0.2715 0.1251 -0.9543
vn -0.1671 0.0800 -0.9827
vn -0.2659 0.0490 -0.9627
vn -0.2619 0.0312 -0.9646
vn -0.3250 0.0411 -0.9448
vn -0.3343 0.0479 -0.9412
vn -0.2721 0.0633 -0.9602
vn -0.2695 0.0646 -0.9608
vn -0.3286 0.0319 -0.9439
vn -0.4284 0.0323 -0.9030
vn -0.4308 -0.0038 -0.9024
vn -0.2936 0.0938 -0.9513
vn -0.3410 0.0509 -0.9387
vn -0.4022 0.0709 -0.9128
vn -0.4663 0.0917 -0.8799
vn -0.4756 0.0285 -0.8792
vn -0.3381 0.0853 -0.9372
vn -0.3759 0.1012 -0.9211
vn -0.4600 0.0999 -0.8823
vn -0.5952 0.0785 -0.7997
vn -0.5899 0.0628 -0.8051
vn -0.3620 0.0772 -0.9290
vn -0.4485 0.0735 -0.8908
vn -0.5901 0.0554 -0.8054
vn -0.7594 0.0162 -0.6505
vn -0.7506 0.0362 -0.6598
vn -0.4368 0.0272 -0.8991
vn -0.5802 0.0053 -0.8144
vn -0.7609 -0.0307 -0.6482
vn -0.9187 -0.0685 -0.3891
vn -0.9159 -0.0407 -0.3994
vn -0.5756 -0.0515 -0.8161
vn -0.7539 -0.0848 -0.6515
vn -0.9153 -0.0992 -0.3904
vn -0.9695 -0.1050 -0.2213
vn -0.9668 -0.0852 -0.2407
vn -0.7466 -0.1170 -0.6549
vn -0.9083 -0.1164 -0.4018
vn -0.9738 -0.1106 -0.1987
vn -0.9722 -0.1641 -0.1670
vn -0.9622 -0.1479 -0.2287
vn -0.9021 -0.1262 -0.4127
vn -0.9761 -0.1113 -0.1868
vn -0.9846 -0.1561 -0.0783
vn -0.9722 -0.2311 0.0371
vn -0.9630 -0.2693 -0.0076
vn -0.9704 -0.1592 -0.1818
vn -0.9865 -0.1602 -0.0333
vn -0.9851 -0.1667 0.0429
vn -0.9831 -0.1622 0.0843
vn -0.9707 -0.2208 0.0943
vn -0.9799 -0.1966 -0.0331
vn -0.9805 -0.1910 0.0460
vn -0.9790 -0.1872 0.0812
vn -0.9787 -0.1791 0.1001
vn -0.9763 -0.1677 0.1367
vn -0.9814 -0.1339 0.1375
vn -0.9819 -0.1508 0.1143
vn -0.9686 -0.2435 0.0496
vn -0.9688 -0.2377 0.0706
vn -0.9686 -0.2318 0.0899
vn -0.9687 -0.2130 0.1272
vn -0.9623 -0.1969 0.1874
vn -0.9685 -0.1563 0.1940
vn -0.9574 -0.2762 0.0839
vn -0.9555 -0.2695 0.1199
vn -0.9468 -0.2629 0.1855
vn -0.9329 -0.2470 0.2622
vn -0.9453 -0.1779 0.2734
vn -0.9419 -0.3142 0.1189
vn -0.9317 -0.3140 0.1828
vn -0.9181 -0.3065 0.2512
vn -0.8848 -0.2850 0.3686
vn -0.8987 -0.2196 0.3796
vn -0.9460 -0.2576 0.1966
vn -0.9220 -0.2861 0.2607
vn -0.8809 -0.3064 0.3607
vn -0.8494 -0.2893 0.4414
vn -0.8481 -0.2553 0.4643
vn -0.9441 -0.0618 0.3239
vn -0.8906 -0.1840 0.4158
vn -0.8573 -0.2538 0.4478
vn -0.8188 -0.2722 0.5055
vn -0.8191 -0.2650 0.5088
vn -0.8431 -0.0380 0.5364
vn -0.8622 -0.0901 0.4985
vn -0.8352 -0.1212 0.5364
vn -0.7908 -0.1342 0.5972
vn -0.7637 -0.2716 0.5856
vn -0.8583 0.0413 0.5114
vn -0.8281 0.0114 0.5604
vn -0.7941 -0.0283 0.6071
vn -0.7253 -0.0642 0.6854
vn -0.7254 -0.1123 0.6791
vn -0.7785 -0.1921 0.5976
vn -0.7180 -0.2514 0.6491
vn -0.6155 -0.3391 0.7114
vn -0.4285 -0.3864 0.8167
vn -0.5313 -0.0869 0.8427
vn -0.6207 -0.4437 0.6464
vn -0.4948 -0.5168 0.6986
vn -0.3598 -0.5328 0.7659
vn -0.2912 -0.4853 0.8244
vn -0.2955 -0.3723 0.8798
vn -0.1789 -0.3568 0.9169
vn 0.0159 -0.3101 0.9506
vn 0.0083 -0.2069 0.9783
vn -0.1745 -0.2187 0.9601
vn -0.2654 -0.2974 0.9171
vn -0.3064 -0.4149 0.8567
vn -0.1535 -0.1126 0.9817
vn -0.2254 -0.1497 0.9627
vn -0.3598 -0.1349 0.9232
vn -0.2580 -0.1671 0.9516
vn -0.4258 -0.1441 0.8933
vn -0.5758 -0.1169 0.8092
vn -0.4288 -0.2096 0.8787
vn -0.5749 -0.2222 0.7875
vn -0.6862 -0.2479 0.6839
vn -0.5738 -0.1997 0.7943
vn -0.6895 -0.2191 0.6904
vn -0.7694 -0.2389 0.5924
vn -0.7003 -0.1510 0.6977
vn -0.7760 -0.1780 0.6051
vn -0.8198 -0.2121 0.5319
vn -0.7798 -0.0948 0.6188
vn -0.8200 -0.1343 0.5565
vn -0.8524 -0.1769 0.4920
vn -0.8186 -0.0304 0.5735
vn -0.8545 -0.0729 0.5142
vn -0.9069 -0.1277 0.4015
vn -0.8455 0.0019 0.5340
vn -0.9005 -0.0594 0.4308
vn -0.9474 -0.1218 0.2961
vn -0.8847 -0.0414 0.4643
vn -0.9425 -0.1014 0.3184
vn -0.9719 -0.1256 0.1990
vn -0.9407 -0.1013 0.3239
vn -0.9737 -0.1138 0.1972
vn -0.9772 -0.1358 0.1634
vn -0.9729 -0.1281 0.1926
vn -0.9699 -0.1311 0.2054
vn -0.9515 -0.2032 0.2310
vn -0.9664 -0.2167 0.1382
vn -0.9532 -0.1661 0.2528
vn -0.9172 -0.2396 0.3183
vn -0.9572 -0.2667 0.1125
vn -0.9594 -0.2447 0.1402
vn -0.9672 -0.2434 -0.0725
vn -0.9706 -0.1942 0.1425
vn -0.9672 -0.2230 -0.1214
vn -0.9415 -0.1576 -0.2979
vn -0.9822 -0.1450 -0.1193
vn -0.9215 -0.1587 -0.3544
vn -0.9548 -0.0919 -0.2826
vn -0.9234 -0.0897 -0.3732
vn -0.9395 -0.0672 -0.3360
vn -0.9046 -0.0282 -0.4253
vn -0.9424 -0.0616 -0.3287
vn -0.8890 -0.0500 -0.4552
vn -0.7333 0.0126 -0.6798
vn -0.8760 -0.0818 -0.4753
vn -0.7133 -0.0293 -0.7003
vn -0.5763 0.0093 -0.8172
vn -0.7070 -0.0592 -0.7047
vn -0.5693 -0.0425 -0.8210
vn -0.4629 -0.0243 -0.8861
vn -0.5824 -0.0628 -0.8105
vn -0.4534 -0.0539 -0.8897
vn -0.3842 -0.0075 -0.9232
vn -0.4545 0.0329 -0.8902
vn -0.3522 0.0572 -0.9342
vn -0.3184 0.0851 -0.9441
vn -0.3764 0.1732 -0.9101
vn -0.3059 0.1567 -0.9391
vn -0.2609 0.1715 -0.9500
vn -0.3541 0.1619 -0.9211
vn -0.2576 0.1549 -0.9538
vn -0.1760 0.1977 -0.9643
vn -0.2566 0.1291 -0.9579
vn -0.1472 0.1573 -0.9765
vn -0.0892 0.1792 -0.9798
vn -0.1359 0.1049 -0.9852
vn -0.0730 0.1051 -0.9918
vn 0.0362 0.1396 -0.9895
vn -0.2450 0.1020 -0.9641
vn -0.9819 -0.0998 0.1608
vn -0.9268 -0.1723 0.3337
vn 0.1008 -0.2477 0.9636
vn 0.1203 -0.2937 0.9483
vn 0.1361 -0.3575 0.9240
vn 0.1229 -0.2948 0.9476
vn 0.1011 -0.2753 0.9560
vn 0.0814 -0.2556 0.9634
vn 0.1116 -0.2373 0.9650
vn 0.1081 -0.2590 0.9598
vn 0.0692 -0.2574 0.9638
vn 0.0002 -0.2343 0.9722
vn 0.0650 -0.2385 0.9690
vn -0.0182 -0.2112 0.9773
vn -0.0707 -0.1860 0.9800
vn -0.0313 -0.1495 0.9883
vn -0.0868 -0.1229 0.9886
vn -0.0819 -0.1066 0.9909
vn -0.0746 -0.1689 0.9828
vn -0.0986 -0.0256 0.9948
vn -0.0847 -0.0117 0.9963
vn -0.0919 -0.1163 0.9890
vn -0.0900 -0.0136 0.9958
vn -0.0363 -0.0208 0.9991
vn -0.0878 0.1113 0.9899
vn -0.0165 0.1128 0.9935
vn 0.0586 0.0914 0.9941
vn -0.0066 0.2666 0.9638
vn 0.0878 0.2603 0.9615
vn 0.1417 0.2377 0.9610
vn 0.1069 0.4226 0.9000
vn 0.1861 0.3951 0.8996
vn 0.2061 0.3432 0.9164
vn 0.2427 0.5197 0.8191
vn 0.2931 0.4392 0.8493
vn 0.2623 0.3513 0.8988
vn 0.3985 0.5017 0.7678
vn 0.3401 0.4308 0.8359
vn 0.1571 0.3741 0.9140
vn 0.1647 0.4743 0.8648
vn -0.0938 0.4264 0.8997
vn 0.1607 0.4880 0.8579
vn -0.0817 0.4499 0.8894
vn -0.2943 0.3830 0.8756
vn -0.0685 0.4189 0.9055
vn -0.2727 0.3597 0.8923
vn -0.4276 0.2895 0.8564
vn -0.2557 0.3094 0.9159
vn -0.4034 0.2517 0.8797
vn -0.5013 0.1950 0.8430
vn -0.3873 0.2124 0.8972
vn -0.4787 0.1684 0.8617
vn -0.5410 0.1164 0.8329
vn -0.4624 0.1409 0.8754
vn -0.5147 0.1072 0.8506
vn -0.5677 0.0651 0.8207
vn -0.5007 0.0907 0.8609
vn -0.5501 0.0611 0.8329
vn -0.6277 0.0201 0.7782
vn -0.5343 0.0248 0.8449
vn -0.6139 -0.0088 0.7894
vn -0.7141 -0.0430 0.6987
vn -0.6111 -0.0321 0.7909
vn -0.7183 -0.0489 0.6940
vn -0.8474 -0.0869 0.5238
vn -0.7307 -0.0423 0.6814
vn -0.8427 -0.0673 0.5342
vn -0.9437 -0.1093 0.3121
vn -0.8464 -0.0550 0.5296
vn -0.9477 -0.0917 0.3056
vn -0.9872 -0.1140 0.1119
vn -0.9466 -0.0590 0.3170
vn -0.9875 -0.0905 0.1288
vn -0.9933 -0.1121 0.0290
vn -0.9889 -0.0537 0.1387
vn -0.9973 -0.0646 0.0350
vn -0.9975 -0.0625 -0.0340
vn -0.9929 -0.1179 -0.0164
vn -0.9995 -0.0109 0.0304
vn -0.9974 0.0049 -0.0724
vn -0.9983 -0.0190 -0.0559
vn -0.9878 0.0149 -0.1550
vn -0.9786 0.0732 -0.1922
vn -0.9789 0.0476 -0.1989
vn -0.9625 0.0714 -0.2615
vn -0.9522 0.1027 -0.2877
vn -0.8309 -0.5331 -0.1595
vn -0.8141 -0.5806 -0.0051
vn -0.9480 -0.3172 -0.0267
vn -0.9297 -0.3296 -0.1642
vn -0.8929 -0.3277 -0.3087
vn -0.8439 -0.4790 -0.2418
vn -0.9925 -0.0531 -0.1105
vn -0.9422 -0.1201 -0.3128
vn -0.8691 -0.1645 -0.4665
vn -0.9640 -0.0303 -0.2642
vn -0.9038 -0.1155 -0.4120
vn -0.8369 -0.2096 -0.5057
vn -0.9189 -0.1996 -0.3402
vn -0.8496 -0.2323 -0.4734
vn -0.7278 -0.2195 -0.6497
vn -0.8375 -0.2307 -0.4953
vn -0.7143 -0.1874 -0.6743
vn -0.5895 -0.1616 -0.7914
vn -0.6923 -0.1571 -0.7043
vn -0.5827 -0.1111 -0.8050
vn -0.4715 -0.0795 -0.8783
vn -0.5580 -0.0666 -0.8272
vn -0.4527 -0.0101 -0.8916
vn -0.3112 0.0404 -0.9495
vn -0.4155 0.0228 -0.9093
vn -0.2850 0.0737 -0.9557
vn -0.1839 0.0875 -0.9790
vn -0.2668 0.0032 -0.9637
vn -0.1876 -0.0099 -0.9822
vn -0.1508 0.0154 -0.9884
vn -0.1924 -0.0231 -0.9810
vn -0.1164 -0.0125 -0.9931
vn -0.1541 -0.0186 -0.9879
vn -0.1635 -0.0378 -0.9858
vn -0.1922 0.0119 -0.9813
vn -0.2073 -0.0490 -0.9770
vn -0.1922 -0.0830 -0.9778
vn -0.2398 -0.0519 -0.9694
vn -0.1994 -0.0634 -0.9779
vn -0.2699 -0.0044 -0.9629
vn -0.2193 -0.0121 -0.9756
vn -0.1027 0.0104 -0.9947
vn -0.2402 0.0498 -0.9694
vn -0.1188 0.0698 -0.9905
vn 0.0600 0.1010 -0.9931
vn 0.0728 0.0594 -0.9956
vn 0.2571 0.1316 -0.9574
vn 0.2775 0.1075 -0.9547
vn 0.4523 0.1545 -0.8784
vn 0.4711 0.1424 -0.8705
vn 0.5116 0.1509 -0.8458
vn 0.6129 0.1716 -0.7713
vn 0.6364 0.1836 -0.7492
vn 0.6104 0.3096 -0.7290
vn 0.5437 0.1968 -0.8159
vn 0.5137 0.4291 -0.7430
vn 0.4808 0.3059 -0.8217
vn 0.4210 0.2496 -0.8721
vn 0.3691 0.4698 -0.8019
vn 0.3401 0.3760 -0.8620
vn 0.3385 0.2015 -0.9191
vn 0.3672 0.5596 -0.7429
vn 0.4882 0.5226 -0.6989
vn 0.3408 0.6301 -0.6977
vn 0.4974 0.6099 -0.6169
vn 0.3205 0.7063 -0.6312
vn 0.0892 0.7562 -0.6482
vn 0.3122 0.8024 -0.5087
vn 0.0192 0.8492 -0.5277
vn -0.2743 0.8143 -0.5115
vn -0.1845 0.7421 -0.6444
vn -0.0462 0.9318 -0.3601
vn -0.3668 0.8617 -0.3505
vn -0.2721 0.8104 -0.5189
vn -0.3289 0.8722 -0.3620
vn -0.6063 0.7283 -0.3194
vn -0.5594 0.6942 -0.4529
vn -0.7902 0.5554 -0.2592
vn -0.7688 0.5257 -0.3640
vn -0.9016 0.3801 -0.2067
vn -0.8870 0.3555 -0.2948
vn -0.9514 0.2518 -0.1772
vn -0.9311 0.2299 -0.2831
vn -0.9637 0.1969 -0.1803
vn -0.9224 0.1956 -0.3331
vn -0.9597 0.1812 -0.2147
vn -0.9093 0.1804 -0.3751
vn -0.7547 0.1897 -0.6281
vn -0.8920 0.1765 -0.4162
vn -0.7192 0.1644 -0.6751
vn -0.6129 0.1920 -0.7665
vn -0.6829 0.1536 -0.7142
vn -0.5706 0.2005 -0.7964
vn -0.5329 0.2156 -0.8182
vn -0.5455 0.2035 -0.8130
vn -0.3870 0.1730 -0.9057
vn -0.3892 0.1683 -0.9057
vn -0.2262 0.1263 -0.9658
vn -0.2258 0.1187 -0.9669
vn -0.0577 0.0929 -0.9940
vn -0.0754 0.0793 -0.9940
vn 0.1131 0.0744 -0.9908
vn 0.0833 0.0580 -0.9948
vn 0.2539 0.0633 -0.9652
vn 0.2345 0.0413 -0.9712
vn 0.2160 0.0276 -0.9760
vn 0.3569 0.0213 -0.9339
vn 0.3501 0.0016 -0.9367
vn 0.3476 0.0018 -0.9376
vn 0.4367 -0.0222 -0.8993
vn 0.4353 -0.0202 -0.9000
vn 0.4407 0.0225 -0.8974
vn 0.4869 -0.0362 -0.8727
vn 0.4911 0.0004 -0.8711
vn 0.4965 0.0469 -0.8668
vn 0.4332 0.0601 -0.8993
vn 0.5159 0.0440 -0.8555
vn 0.4057 0.0537 -0.9124
vn 0.5171 0.0290 -0.8554
vn 0.3737 0.0287 -0.9271
vn 0.5107 0.0061 -0.8597
vn 0.3451 0.0165 -0.9384
vn 0.5084 -0.0101 -0.8611
vn 0.3282 0.0159 -0.9445
vn 0.5101 -0.0239 -0.8598
vn 0.3188 0.0016 -0.9478
vn 0.1580 0.0082 -0.9874
vn 0.3063 -0.0563 -0.9503
vn 0.1431 -0.0551 -0.9882
vn 0.0468 -0.0283 -0.9985
vn 0.1356 -0.1358 -0.9814
vn 0.0691 -0.1109 -0.9914
vn 0.0350 -0.0377 -0.9987
vn 0.0904 -0.1417 -0.9858
vn 0.0917 -0.0988 -0.9909
vn 0.0990 -0.0269 -0.9947
vn 0.1185 -0.1168 -0.9861
vn 0.1356 -0.0921 -0.9865
vn 0.1119 -0.0640 -0.9917
vn 0.1415 -0.1237 -0.9822
vn 0.1249 -0.1138 -0.9856
vn 0.0914 -0.0853 -0.9921
vn 0.1353 -0.1057 -0.9852
vn 0.1091 -0.0936 -0.9896
vn 0.0668 -0.0764 -0.9948
vn 0.0282 -0.0605 -0.9978
vn 0.1204 0.0047 -0.9927
vn 0.0789 -0.0004 -0.9969
vn 0.0229 -0.0197 -0.9995
vn 0.0315 -0.0350 -0.9989
vn 0.0590 0.0942 -0.9938
vn -0.0167 0.0555 -0.9983
vn 0.0179 0.0485 -0.9987
vn -0.0500 0.0147 -0.9986
vn 0.0021 -0.0234 -0.9997
vn -0.0714 -0.0065 -0.9974
vn -0.1593 -0.0134 -0.9871
vn -0.0604 -0.0975 -0.9934
vn -0.1646 -0.0768 -0.9834
vn -0.2381 -0.0960 -0.9665
vn 0.7910 0.2542 -0.5566
vn 0.8647 0.2297 -0.4467
vn 0.8636 0.2656 -0.4286
vn 0.7934 0.2554 -0.5526
vn 0.6906 0.2451 -0.6804
vn 0.6843 0.2481 -0.6857
vn 0.8006 0.2187 -0.5579
vn 0.6988 0.2545 -0.6685
vn 0.5952 0.2650 -0.7586
vn 0.7119 0.2934 -0.6381
vn 0.6030 0.3011 -0.7388
vn 0.4970 0.3196 -0.8068
vn 0.6308 0.2545 -0.7330
vn 0.5380 0.2704 -0.7984
vn 0.3470 0.2942 -0.8906
vn 0.5710 0.2310 -0.7878
vn 0.3957 0.2169 -0.8924
vn 0.1793 0.2058 -0.9620
vn 0.4081 0.1754 -0.8959
vn 0.2113 0.1422 -0.9670
vn 0.0131 0.1167 -0.9931
vn 0.2177 0.1591 -0.9630
vn 0.0199 0.1183 -0.9928
vn -0.1660 0.0818 -0.9827
vn 0.0233 0.1431 -0.9894
vn -0.1575 0.1123 -0.9811
vn -0.2677 0.0999 -0.9583
vn -0.1401 0.1109 -0.9839
vn -0.2559 0.0954 -0.9620
vn -0.3041 0.0905 -0.9483
vn -0.2924 0.0480 -0.9551
vn -0.3147 0.0643 -0.9470
vn -0.2899 0.0120 -0.9570
vn -0.3364 0.0265 -0.9413
vn -0.2686 -0.0247 -0.9629
vn -0.3153 -0.0232 -0.9487
vn -0.4197 -0.0307 -0.9071
vn -0.3195 -0.0443 -0.9466
vn -0.4157 -0.0755 -0.9064
vn -0.5685 -0.1032 -0.8162
vn -0.4320 -0.0872 -0.8976
vn -0.5658 -0.1179 -0.8161
vn -0.7377 -0.1304 -0.6624
vn -0.5719 -0.1119 -0.8127
vn -0.7381 -0.1398 -0.6600
vn -0.8966 -0.1589 -0.4134
vn -0.7518 -0.1616 -0.6393
vn -0.8965 -0.1975 -0.3965
vn -0.9626 -0.2056 -0.1763
vn -0.9015 -0.2259 -0.3691
vn -0.9564 -0.2406 -0.1654
vn -0.9693 -0.2446 -0.0252
vn -0.9524 -0.2726 -0.1365
vn -0.9553 -0.2954 -0.0061
vn -0.9551 -0.2929 0.0446
vn -0.9581 -0.2808 0.0556
vn -0.9631 -0.2688 0.0120
vn -0.9644 -0.2625 0.0305
vn -0.9666 -0.2532 0.0389
vn -0.9528 -0.2790 0.1199
vn -0.9895 -0.1431 0.0203
vn -0.9884 -0.1472 0.0375
vn -0.9710 -0.1474 0.1880
vn -0.9594 -0.2269 0.1677
vn -0.9764 -0.0433 0.2117
vn -0.9849 0.0375 0.1688
vn -0.9668 0.0498 0.2507
vn -0.9672 0.2462 0.0618
vn -0.9168 0.2091 0.3401
vn -0.8578 0.0935 0.5055
vn -0.8859 -0.1677 0.4326
vn -0.8241 -0.1118 0.5553
vn -0.8633 0.0034 0.5047
vn -0.8305 -0.3090 0.4634
vn -0.8780 -0.2111 0.4295
vn -0.8345 -0.1820 0.5202
vn -0.8330 -0.3698 0.4115
vn -0.7841 -0.3594 0.5060
vn -0.7052 -0.3742 0.6023
vn -0.5623 -0.0405 0.8259
vn -0.6964 -0.0478 0.7161
vn -0.6864 -0.0655 0.7243
vn -0.5589 -0.0624 0.8269
vn -0.4064 -0.0380 0.9129
vn -0.4020 -0.0191 0.9154
vn -0.2688 -0.0048 0.9632
vn -0.2679 0.0007 0.9634
vn -0.5505 -0.0720 0.8317
vn -0.4206 -0.0528 0.9057
vn -0.2956 -0.0077 0.9553
vn -0.1912 0.0371 0.9808
vn -0.1787 0.0142 0.9838
vn -0.4255 -0.0113 0.9049
vn -0.3224 0.0201 0.9464
vn -0.2276 0.0762 0.9708
vn -0.1442 0.1371 0.9800
vn -0.1152 0.0706 0.9908
vn -0.3449 0.0326 0.9381
vn -0.2702 0.0834 0.9592
vn -0.1855 0.1529 0.9707
vn -0.0921 0.2144 0.9724
vn -0.0706 0.1770 0.9817
vn -0.3044 0.0942 0.9479
vn -0.2239 0.1481 0.9633
vn -0.1083 0.2042 0.9729
vn 0.0368 0.2387 0.9704
vn 0.0218 0.2484 0.9684
vn -0.2444 0.1437 0.9590
vn -0.1125 0.1811 0.9770
vn 0.0623 0.2069 0.9764
vn -0.1072 0.1813 0.9776
vn 0.0729 0.2093 0.9751
vn 0.2520 0.2292 0.9402
vn 0.2427 0.2212 0.9445
vn 0.4066 0.2435 0.8806
vn 0.4089 0.2380 0.8810
vn 0.0787 0.2280 0.9705
vn 0.2622 0.2447 0.9335
vn 0.4184 0.2471 0.8740
vn 0.5487 0.2440 0.7996
vn 0.5400 0.2580 0.8011
vn 0.2784 0.2538 0.9263
vn 0.4405 0.2541 0.8610
vn 0.5620 0.2485 0.7890
vn 0.6445 0.2468 0.7237
vn 0.6393 0.2394 0.7307
vn 0.4600 0.2881 0.8399
vn 0.5643 0.2883 0.7736
vn 0.6356 0.2971 0.7125
vn 0.7248 0.2926 0.6238
vn 0.7219 0.2490 0.6456
vn 0.5566 0.3573 0.7501
vn 0.6406 0.3486 0.6842
vn 0.7518 0.3125 0.5806
vn 0.8719 0.2674 0.4102
vn 0.8516 0.2596 0.4554
vn 0.6805 0.3701 0.6324
vn 0.7817 0.3423 0.5213
vn 0.8614 0.3420 0.3756
vn 0.8997 0.3613 0.2451
vn 0.9391 0.2433 0.2425
vn 0.7161 0.4897 0.4974
vn 0.7518 0.5398 0.3788
vn 0.7749 0.5742 0.2641
vn 0.7851 0.5906 0.1866
vn 0.9109 0.3741 0.1740
vn 0.5172 0.7577 0.3980
vn 0.5314 0.7974 0.2859
vn 0.5370 0.8176 0.2076
vn 0.5360 0.8310 0.1485
vn 0.7894 0.5970 0.1431
vn 0.2100 0.9303 0.3007
vn 0.2130 0.9518 0.2206
vn 0.2112 0.9642 0.1606
vn 0.2027 0.9736 0.1052
vn 0.5328 0.8400 0.1024
vn -0.1152 0.9681 0.2227
vn -0.1146 0.9791 0.1679
vn -0.1082 0.9882 0.1083
vn -0.1213 0.9872 0.1040
vn -0.1189 0.9921 0.0389
vn 0.2055 0.9771 0.0545
vn 0.2079 0.9737 0.0931
vn -0.4322 0.8880 0.1574
vn -0.4202 0.9012 0.1061
vn -0.4205 0.9006 0.1103
vn -0.4242 0.9050 0.0331
vn -0.4365 0.8977 -0.0595
vn -0.1211 0.9913 -0.0519
vn -0.3713 0.9270 0.0525
vn -0.3939 0.9127 0.1090
vn -0.6696 0.7364 0.0973
vn -0.6479 0.7603 0.0463
vn -0.6393 0.7677 -0.0450
vn -0.3611 0.9305 -0.0618
vn -0.8367 0.5464 0.0385
vn -0.8189 0.5734 -0.0255
vn -0.8055 0.5788 -0.1270
vn -0.6382 0.7531 -0.1595
vn -0.3655 0.9131 -0.1809
vn -0.4156 0.8875 -0.1989
vn -0.0989 0.9770 -0.1890
vn 0.2911 0.8979 -0.3301
vn 0.2516 0.9570 -0.1442
vn 0.2170 0.9759 -0.0214
vn 0.6152 0.7858 -0.0640
vn 0.5765 0.8157 0.0471
vn 0.5498 0.8307 0.0879
vn 0.8317 0.5422 0.1197
vn 0.8161 0.5629 0.1310
vn 0.8068 0.5749 0.1361
vn 0.5452 0.8316 0.1055
vn 0.9318 0.3239 0.1635
vn 0.9281 0.3359 0.1610
vn 0.7931 0.5998 0.1057
vn 0.9260 0.3574 0.1213
vn 0.9178 0.3686 0.1477
vn 0.9639 0.2297 0.1346
vn 0.9600 0.2330 0.1551
vn 0.9557 0.2385 0.1724
vn 0.9692 0.1864 0.1606
vn 0.9646 0.1927 0.1800
vn 0.9405 0.2144 0.2636
vn 0.9663 0.1758 0.1880
vn 0.9348 0.2016 0.2924
vn 0.8394 0.2364 0.4894
vn 0.9306 0.1822 0.3174
vn 0.8315 0.2133 0.5130
vn 0.7183 0.2302 0.6565
vn 0.8145 0.2244 0.5351
vn 0.7036 0.2505 0.6650
vn 0.6258 0.2599 0.7354
vn 0.6890 0.2786 0.6690
vn 0.6225 0.2728 0.7335
vn 0.5425 0.2575 0.7997
vn 0.6329 0.2699 0.7257
vn 0.5481 0.2505 0.7980
vn 0.3941 0.2467 0.8853
vn 0.5380 0.2616 0.8013
vn 0.3600 0.2621 0.8954
vn 0.1822 0.2634 0.9473
vn 0.2159 0.2499 0.9439
vn 0.3331 0.2673 0.9042
vn 0.1607 0.2474 0.9555
vn 0.0256 0.2147 0.9763
vn 0.1668 0.1776 0.9699
vn 0.0455 0.1323 0.9902
vn -0.0506 0.0963 0.9941
vn 0.0695 0.1065 0.9919
vn -0.0363 0.0607 0.9975
vn -0.1040 0.0339 0.9940
vn -0.0055 0.0546 0.9985
vn -0.0908 0.0234 0.9956
vn -0.1727 0.0143 0.9849
vn 0.4542 -0.4108 0.7905
vn 0.6154 -0.3280 0.7168
vn 0.6566 -0.2786 0.7009
vn 0.4899 -0.3151 0.8128
vn 0.2653 -0.3127 0.9121
vn 0.2431 -0.4112 0.8785
vn 0.5375 -0.1193 0.8348
vn 0.3224 -0.1267 0.9381
vn 0.1841 -0.2011 0.9621
vn 0.3531 -0.1813 0.9178
vn 0.2501 -0.2212 0.9426
vn 0.1399 -0.2411 0.9604
vn 0.2439 -0.2438 0.9387
vn 0.1404 -0.2178 0.9659
vn 0.0501 -0.1818 0.9820
vn 0.1264 -0.1404 0.9820
vn 0.0296 -0.0974 0.9948
vn -0.0484 -0.0552 0.9973
vn 0.0029 0.0363 0.9993
vn -0.0684 0.0849 0.9940
vn -0.1020 0.1068 0.9890
vn -0.0935 0.2555 0.9623
vn -0.1049 0.2902 0.9512
vn -0.0734 0.3019 0.9505
vn -0.0901 0.1172 0.9890
vn -0.1175 0.4663 0.8768
vn -0.0448 0.4782 0.8771
vn -0.0696 0.2680 0.9609
vn -0.0570 0.4710 0.8803
vn 0.0217 0.4492 0.8932
vn -0.0667 0.6045 0.7938
vn 0.0498 0.6055 0.7943
vn 0.1426 0.5768 0.8043
vn 0.0537 0.6967 0.7154
vn 0.1753 0.6713 0.7202
vn 0.3178 0.6014 0.7330
vn 0.1990 0.7137 0.6716
vn 0.0490 0.7408 0.6699
vn 0.0310 0.7516 0.6589
vn 0.2176 0.7347 0.6425
vn -0.0012 0.7644 0.6447
vn 0.2220 0.7566 0.6151
vn -0.0388 0.7887 0.6135
vn 0.2158 0.7799 0.5875
vn 0.4915 0.6507 0.5788
vn 0.5012 0.7006 0.5079
vn 0.6712 0.4565 0.5840
vn 0.2110 0.8247 0.5247
vn 0.2087 0.8870 0.4119
vn -0.0748 0.8357 0.5441
vn -0.1010 0.9001 0.4238
vn -0.1138 0.9454 0.3055
vn -0.3971 0.7285 0.5583
vn -0.4271 0.7971 0.4269
vn -0.4383 0.8495 0.2938
vn -0.4367 0.8741 0.2127
vn -0.4404 0.8450 0.3033
vn -0.4290 0.7927 0.4332
vn -0.7083 0.5756 0.4087
vn -0.7216 0.6379 0.2690
vn -0.7111 0.6781 0.1859
vn -0.4342 0.8745 0.2164
vn -0.6929 0.7078 0.1370
vn -0.4190 0.8937 0.1603
vn -0.8807 0.4128 0.2321
vn -0.8817 0.4472 0.1503
vn -0.8725 0.4771 0.1053
vn -0.9493 0.2874 0.1275
vn -0.9485 0.3066 0.0802
vn -0.9428 0.3301 0.0470
vn -0.8597 0.5065 0.0654
vn -0.6743 0.7335 0.0857
vn -0.8546 0.5142 0.0726
vn -0.9415 0.3333 0.0496
vn -0.9312 0.3637 0.0261
vn -0.9721 0.2315 0.0373
vn -0.9698 0.2434 0.0162
vn -0.9669 0.2550 -0.0136
vn -0.9216 0.3878 -0.0169
vn -0.9620 0.2618 -0.0778
vn -0.9143 0.3942 -0.0933
vn -0.9858 0.1670 -0.0191
vn -0.9798 0.1796 -0.0877
vn -0.9902 0.1358 -0.0321
vn -0.9799 0.1582 -0.1218
vn -0.9883 0.1368 -0.0674
vn -0.9699 0.1806 -0.1635
vn -0.9553 0.1895 -0.2271
vn -0.9596 0.1814 -0.2152
vn -0.9466 0.2100 -0.2448
vn -0.8766 0.1797 -0.4464
vn -0.9456 0.2119 -0.2468
vn -0.8574 0.2065 -0.4715
vn -0.6091 0.1954 -0.7686
vn -0.7884 0.3404 -0.5124
vn -0.5488 0.3156 -0.7741
vn -0.5515 0.2593 -0.7928
vn -0.5330 0.2107 -0.8195
vn -0.5069 0.2412 -0.8276
vn -0.5269 0.2077 -0.8242
vn -0.3177 0.2643 -0.9106
vn -0.3776 0.1919 -0.9059
vn -0.1442 0.2952 -0.9445
vn -0.2016 0.1883 -0.9612
vn -0.0044 0.2983 -0.9545
vn -0.0290 0.1854 -0.9822
vn 0.1229 0.2682 -0.9555
vn 0.1343 0.1645 -0.9772
vn 0.2320 0.2189 -0.9478
vn 0.2586 0.1272 -0.9576
vn 0.3354 0.1699 -0.9266
vn 0.3429 0.0914 -0.9349
vn 0.3549 0.0394 -0.9341
vn 0.4198 0.0609 -0.9056
vn 0.4256 0.0099 -0.9049
vn 0.4335 -0.0029 -0.9011
vn 0.4981 -0.0101 -0.8671
vn 0.4966 -0.0228 -0.8677
vn 0.4903 -0.0339 -0.8709
vn 0.5806 -0.0355 -0.8134
vn 0.5752 -0.0461 -0.8167
vn 0.5624 -0.0454 -0.8256
vn 0.6832 -0.0652 -0.7274
vn 0.6772 -0.0614 -0.7333
vn 0.6720 -0.0309 -0.7399
vn 0.5573 -0.0073 -0.8303
vn 0.6853 -0.0395 -0.7272
vn 0.5617 0.0066 -0.8273
vn 0.6909 -0.0695 -0.7196
vn 0.5922 -0.0163 -0.8056
vn 0.7036 -0.0540 -0.7085
vn 0.6242 -0.0057 -0.7812
vn 0.7100 -0.0318 -0.7035
vn 0.6359 -0.0180 -0.7716
vn 0.7049 -0.0279 -0.7088
vn 0.6341 -0.0289 -0.7727
vn 0.7010 -0.0440 -0.7118
vn 0.6288 -0.0353 -0.7768
vn 0.7026 -0.0769 -0.7074
vn 0.6251 -0.0603 -0.7782
vn 0.5007 -0.0576 -0.8637
vn 0.6183 -0.1062 -0.7788
vn 0.4759 -0.1156 -0.8719
vn 0.2758 -0.1348 -0.9517
vn 0.4336 -0.1828 -0.8824
vn 0.2476 -0.1959 -0.9489
vn 0.1430 -0.1782 -0.9735
vn 0.2456 -0.2357 -0.9403
vn 0.1658 -0.1993 -0.9658
vn 0.1207 -0.1550 -0.9805
vn 0.1959 -0.2179 -0.9561
vn 0.1496 -0.1761 -0.9729
vn 0.1412 -0.1400 -0.9800
vn 0.1819 -0.1776 -0.9672
vn 0.1636 -0.1389 -0.9767
vn 0.1509 -0.1199 -0.9813
vn 0.1919 -0.1006 -0.9762
vn 0.1713 -0.0644 -0.9831
vn 0.1599 -0.0288 -0.9867
vn 0.2090 0.0456 -0.9769
vn 0.1985 0.0785 -0.9769
vn 0.1361 0.1041 -0.9852
vn 0.2103 -0.0461 -0.9765
vn 0.1307 -0.0695 -0.9890
vn 0.0487 -0.0481 -0.9977
vn -0.0435 -0.0117 -0.9990
vn 0.1179 -0.3167 -0.9412
vn 0.0649 -0.2764 -0.9588
vn -0.0301 -0.1998 -0.9794
vn 0.0083 -0.1396 -0.9902
vn 0.9679 0.1825 -0.1730
vn 0.9407 0.2914 -0.1737
vn 0.9015 0.2742 -0.3348
vn 0.9169 0.1992 -0.3460
vn 0.9467 0.2703 -0.1752
vn 0.9000 0.2723 -0.3403
vn 0.8568 0.2486 -0.4518
vn 0.8955 0.3071 -0.3220
vn 0.8362 0.2993 -0.4596
vn 0.7993 0.2847 -0.5291
vn 0.8281 0.3376 -0.4475
vn 0.7872 0.3136 -0.5310
vn 0.7236 0.2579 -0.6402
vn 0.7682 0.3211 -0.5538
vn 0.7103 0.2362 -0.6631
vn 0.6560 0.2234 -0.7209
vn 0.6847 0.2711 -0.6766
vn 0.6514 0.2476 -0.7172
vn 0.5725 0.2172 -0.7906
vn 0.6345 0.2675 -0.7251
vn 0.5581 0.2416 -0.7938
vn 0.3990 0.2003 -0.8948
vn 0.5593 0.2276 -0.7971
vn 0.3999 0.2062 -0.8931
vn 0.2191 0.1784 -0.9592
vn 0.4243 0.1753 -0.8884
vn 0.2346 0.1616 -0.9586
vn 0.0374 0.1355 -0.9901
vn 0.5753 0.1808 -0.7977
vn 0.5968 0.1592 -0.7865
vn 0.6574 0.1857 -0.7303
vn 0.6682 0.1473 -0.7293
vn 0.6717 0.1703 -0.7210
vn 0.7359 0.1637 -0.6570
vn 0.7417 0.2250 -0.6318
vn 0.7150 0.3331 -0.6146
vn 0.6683 0.2017 -0.7160
vn 0.6356 0.4623 -0.6183
vn 0.6012 0.3461 -0.7202
vn 0.7919 0.3812 -0.4771
vn 0.7163 0.5160 -0.4697
vn 0.5491 0.6818 -0.4833
vn 0.8178 0.5374 -0.2059
vn 0.6127 0.7451 -0.2632
vn 0.8497 0.5272 0.0087
vn 0.9030 0.3798 -0.2011
vn 0.9383 0.3435 0.0397
vn 0.9319 0.3275 0.1558
vn 0.9575 0.2868 0.0309
vn 0.9558 0.2521 0.1515
vn 0.9603 0.2204 0.1709
vn 0.9681 0.2182 0.1231
vn 0.9694 0.1862 0.1603
vn 0.9675 0.1800 0.1778
vn 0.9606 0.2176 0.1729
vn 0.9704 0.1934 0.1446
vn 0.9677 0.1851 0.1709
vn 0.9719 0.1862 0.1443
vn 0.9735 0.1781 0.1434
vn 0.9717 0.1737 0.1598
vn 0.9759 0.1714 0.1353
vn 0.9749 0.1629 0.1518
vn 0.9685 0.1605 0.1906
vn 0.9787 0.1452 0.1454
vn 0.9697 0.1496 0.1929
vn 0.9225 0.1805 0.3412
vn 0.9626 0.1843 0.1987
vn 0.9045 0.2219 0.3641
vn 0.7884 0.2611 0.5570
vn 0.8824 0.2695 0.3856
vn 0.7694 0.2864 0.5709
vn 0.6855 0.2846 0.6701
vn 0.7638 0.2835 0.5798
vn 0.6920 0.2718 0.6688
vn 0.6393 0.2612 0.7232
vn 0.6976 0.2624 0.6667
vn 0.6350 0.2553 0.7291
vn 0.5119 0.2636 0.8176
vn 0.6259 0.2706 0.7314
vn 0.4940 0.2490 0.8330
vn 0.3288 0.2155 0.9195
vn 0.5084 0.2365 0.8280
vn 0.3348 0.1938 0.9221
vn 0.1839 0.1552 0.9706
vn 0.3342 0.1908 0.9230
vn 0.2039 0.1629 0.9653
vn 0.0974 0.1125 0.9889
vn 0.7066 -0.2096 0.6759
vn 0.7582 -0.1943 0.6224
vn 0.7580 -0.2315 0.6099
vn 0.7112 -0.2355 0.6624
vn 0.6917 -0.2410 0.6808
vn 0.6726 -0.2419 0.6994
vn 0.7023 -0.2582 0.6634
vn 0.6876 -0.2363 0.6865
vn 0.6653 -0.1700 0.7269
vn 0.6526 -0.2619 0.7110
vn 0.6043 -0.2139 0.7675
vn 0.5155 -0.1679 0.8403
vn 0.5715 -0.2823 0.7705
vn 0.4833 -0.2624 0.8352
vn 0.3613 -0.2556 0.8967
vn 0.4780 -0.2548 0.8406
vn 0.3557 -0.2259 0.9069
vn 0.2310 -0.1840 0.9554
vn 0.3518 -0.1489 0.9241
vn 0.2126 -0.1037 0.9716
vn 0.0912 -0.0353 0.9952
vn 0.1922 0.0315 0.9808
vn 0.0430 0.1032 0.9937
vn -0.0474 0.1858 0.9814
vn -0.0084 0.2572 0.9663
vn -0.1176 0.3453 0.9311
vn -0.1358 0.4224 0.8962
vn -0.2004 0.4384 0.8761
vn -0.2067 0.5197 0.8290
vn -0.1479 0.5803 0.8009
vn -0.3101 0.5123 0.8009
vn -0.2278 0.6152 0.7548
vn -0.0954 0.6962 0.7115
vn -0.0558 0.6110 0.7897
vn -0.3370 0.5766 0.7443
vn -0.1670 0.6919 0.7024
vn -0.0924 0.6780 0.7293
vn -0.1498 0.6976 0.7006
vn -0.2650 0.6519 0.7105
vn -0.2341 0.6703 0.7041
vn -0.3621 0.6260 0.6907
vn -0.3217 0.6488 0.6896
vn -0.3731 0.6566 0.6555
vn -0.3586 0.6729 0.6469
vn -0.6632 0.5049 0.5525
vn -0.4016 0.7204 0.5654
vn -0.7592 0.3387 0.5558
vn -0.8456 0.3682 0.3865
vn -0.7424 0.3058 0.5961
vn -0.8737 0.2788 0.3987
vn -0.9378 0.2740 0.2130
vn -0.8606 0.2611 0.4372
vn -0.9492 0.2227 0.2223
vn -0.9705 0.2104 0.1179
vn -0.9477 0.2084 0.2416
vn -0.9760 0.1825 0.1193
vn -0.9831 0.1709 0.0660
vn -0.9737 0.2177 0.0676
vn -0.9855 0.1660 0.0355
vn -0.9727 0.2293 0.0345
vn -0.9864 0.1464 0.0748
vn -0.9895 0.1372 0.0458
vn -0.9868 0.1577 0.0359
vn -0.9899 0.1353 0.0429
vn -0.9913 0.1308 0.0116
vn -0.9871 0.1594 0.0132
vn -0.9917 0.1208 0.0448
vn -0.9925 0.1220 0.0028
vn -0.9910 0.1268 0.0425
vn -0.9918 0.1274 -0.0117
vn -0.9832 0.1411 -0.1159
vn -0.9852 0.1695 -0.0259
vn -0.9710 0.1767 -0.1613
vn -0.9479 0.1976 -0.2500
vn -0.9555 0.2222 -0.1939
vn -0.9345 0.2317 -0.2702
vn -0.9136 0.2789 -0.2960
vn -0.9367 0.1859 -0.2968
vn -0.9297 0.1221 -0.3476
vn -0.7731 0.1527 -0.6157
vn -0.9554 0.0620 -0.2889
vn -0.7120 0.0504 -0.7004
vn -0.5029 0.0906 -0.8596
vn -0.5814 0.2295 -0.7806
vn -0.5102 0.1725 -0.8426
vn -0.5851 0.2460 -0.7728
vn -0.4020 0.2159 -0.8898
vn -0.4610 0.2801 -0.8421
vn -0.1897 0.2347 -0.9534
vn -0.2439 0.3128 -0.9180
vn -0.0612 0.2553 -0.9649
vn -0.0966 0.3338 -0.9377
vn 0.0230 0.2677 -0.9632
vn 0.0091 0.3313 -0.9435
vn 0.1133 0.2564 -0.9599
vn 0.1128 0.3112 -0.9436
vn 0.1976 0.2317 -0.9525
vn 0.2099 0.2817 -0.9363
vn 0.2949 0.2005 -0.9343
vn 0.3178 0.2399 -0.9173
vn 0.3950 0.1702 -0.9028
vn 0.4073 0.2039 -0.8903
vn 0.4194 0.1456 -0.8961
vn 0.4663 0.1827 -0.8656
vn 0.4917 0.1163 -0.8630
vn 0.5039 0.0350 -0.8631
vn 0.5729 0.0758 -0.8161
vn 0.5887 0.0068 -0.8083
vn 0.5869 -0.0280 -0.8092
vn 0.6834 -0.0227 -0.7297
vn 0.6841 -0.0526 -0.7275
vn 0.6841 -0.0634 -0.7267
vn 0.7962 -0.0827 -0.5993
vn 0.7982 -0.1004 -0.5940
vn 0.8015 -0.0978 -0.5900
vn 0.9022 -0.1383 -0.4085
vn 0.8992 -0.1199 -0.4207
vn 0.8960 -0.1055 -0.4313
vn 0.8020 -0.0869 -0.5910
vn 0.8981 -0.0913 -0.4302
vn 0.7995 -0.0700 -0.5966
vn 0.8997 -0.0945 -0.4262
vn 0.8013 -0.0828 -0.5925
vn 0.9022 -0.0861 -0.4227
vn 0.7951 -0.0796 -0.6012
vn 0.9008 -0.0626 -0.4297
vn 0.7863 -0.0620 -0.6148
vn 0.8980 -0.0515 -0.4369
vn 0.7842 -0.0403 -0.6192
vn 0.8991 -0.0709 -0.4321
vn 0.7884 -0.0430 -0.6136
vn 0.9025 -0.1011 -0.4187
vn 0.7959 -0.0682 -0.6016
vn 0.9054 -0.1287 -0.4045
vn 0.8004 -0.1011 -0.5909
vn 0.9072 -0.1587 -0.3895
vn 0.8025 -0.1295 -0.5825
vn 0.7028 -0.1104 -0.7027
vn 0.8049 -0.1772 -0.5663
vn 0.7022 -0.1447 -0.6972
vn 0.5961 -0.1481 -0.7891
vn 0.6993 -0.2316 -0.6763
vn 0.5612 -0.2204 -0.7978
vn 0.3846 -0.2381 -0.8918
vn 0.5413 -0.2752 -0.7945
vn 0.3664 -0.2618 -0.8929
vn 0.2580 -0.2445 -0.9347
vn 0.3783 -0.2034 -0.9031
vn 0.2697 -0.1910 -0.9438
vn 0.2092 -0.1975 -0.9577
vn 0.2567 -0.1882 -0.9480
vn 0.2091 -0.1766 -0.9618
vn 0.2128 -0.1459 -0.9661
vn 0.2344 -0.1611 -0.9587
vn 0.2480 -0.1131 -0.9621
vn 0.2426 -0.0368 -0.9694
vn 0.2840 -0.0854 -0.9550
vn 0.2827 -0.0658 -0.9570
vn 0.2343 -0.0450 -0.9711
vn 0.2755 -0.1544 -0.9488
vn 0.2267 -0.1980 -0.9536
vn 0.2038 -0.2542 -0.9454
vn 0.9701 0.1958 0.1430
vn 0.9336 0.2211 0.2819
vn 0.9184 0.3012 0.2565
vn 0.9488 0.2899 0.1257
vn 0.9559 0.2693 0.1174
vn 0.9630 0.2628 0.0603
vn 0.9632 0.2630 0.0554
vn 0.9644 0.2638 -0.0182
vn 0.9639 0.2601 0.0570
vn 0.9630 0.2696 -0.0045
vn 0.9451 0.2937 -0.1434
vn 0.9550 0.2960 0.0183
vn 0.9434 0.3160 -0.1005
vn 0.8979 0.3363 -0.2839
vn 0.9541 0.2934 -0.0596
vn 0.9171 0.3231 -0.2334
vn 0.8388 0.3406 -0.4248
vn 0.9453 0.2681 -0.1858
vn 0.8652 0.3096 -0.3944
vn 0.7597 0.3130 -0.5700
vn 0.8921 0.2552 -0.3728
vn 0.7746 0.2756 -0.5693
vn 0.6823 0.2784 -0.6760
vn 0.8071 0.2197 -0.5479
vn 0.7037 0.2246 -0.6741
vn 0.6424 0.2325 -0.7303
vn 0.7237 0.1852 -0.6649
vn 0.8221 0.2094 -0.5293
vn 0.8192 0.2289 -0.5259
vn 0.9111 0.2433 -0.3326
vn 0.9124 0.2896 -0.2894
vn 0.9221 0.3044 -0.2387
vn 0.8134 0.2775 -0.5113
vn 0.9610 0.2753 -0.0257
vn 0.9631 0.2524 -0.0936
vn 0.9720 0.2227 0.0752
vn 0.9645 0.2336 -0.1235
vn 0.9748 0.2195 0.0395
vn 0.9736 0.1950 0.1190
vn 0.9802 0.1974 0.0179
vn 0.9798 0.1761 0.0948
vn 0.9764 0.1655 0.1389
vn 0.9727 0.1741 0.1534
vn 0.9775 0.1954 0.0792
vn 0.9748 0.1865 0.1219
vn 0.9816 0.1509 0.1171
vn 0.9778 0.1810 0.1055
vn 0.9745 0.1769 0.1379
vn 0.9660 0.2411 0.0933
vn 0.9636 0.2363 0.1251
vn 0.9481 0.2436 0.2044
vn 0.9598 0.2561 0.1152
vn 0.9399 0.2646 0.2158
vn 0.8689 0.2811 0.4075
vn 0.9350 0.2677 0.2326
vn 0.8616 0.2753 0.4264
vn 0.7626 0.2712 0.5872
vn 0.8531 0.2828 0.4385
vn 0.7562 0.2790 0.5919
vn 0.6928 0.2740 0.6670
vn 0.7450 0.3040 0.5938
vn 0.6866 0.2969 0.6637
vn 0.6319 0.2787 0.7232
vn 0.6930 0.2652 0.6704
vn 0.6448 0.2580 0.7195
vn 0.5154 0.2258 0.8267
vn 0.8852 -0.2070 0.4166
vn 0.9246 -0.2389 0.2967
vn 0.9272 -0.2244 0.3000
vn 0.8832 -0.2219 0.4131
vn 0.8237 -0.2256 0.5202
vn 0.8270 -0.1931 0.5281
vn 0.8836 -0.2463 0.3982
vn 0.8205 -0.2628 0.5076
vn 0.7498 -0.2684 0.6048
vn 0.8219 -0.2856 0.4928
vn 0.7460 -0.2912 0.5989
vn 0.6848 -0.2869 0.6698
vn 0.7551 -0.2790 0.5932
vn 0.6902 -0.2841 0.6655
vn 0.6356 -0.2920 0.7146
vn 0.7129 -0.2479 0.6560
vn 0.6548 -0.2622 0.7088
vn 0.5762 -0.2673 0.7723
vn 0.6787 -0.2142 0.7025
vn 0.5931 -0.2125 0.7766
vn 0.4790 -0.1878 0.8575
vn 0.6058 -0.1375 0.7837
vn 0.4760 -0.0992 0.8738
vn 0.3352 -0.0388 0.9413
vn 0.4667 0.0153 0.8843
vn 0.3065 0.0783 0.9487
vn 0.1426 0.1628 0.9763
vn 0.2806 0.1954 0.9397
vn 0.0865 0.2579 0.9623
vn -0.0902 0.3432 0.9349
vn 0.0534 0.3249 0.9442
vn -0.1571 0.3679 0.9165
vn -0.2913 0.4270 0.8560
vn -0.1774 0.3988 0.8997
vn -0.3523 0.4253 0.8337
vn -0.4073 0.4779 0.7783
vn -0.3644 0.4220 0.8301
vn -0.1829 0.4263 0.8859
vn -0.1782 0.4137 0.8928
vn -0.3488 0.3947 0.8500
vn -0.1618 0.3854 0.9085
vn -0.3242 0.3666 0.8721
vn -0.1511 0.3318 0.9312
vn -0.3043 0.3278 0.8944
vn -0.4516 0.3162 0.8343
vn -0.2999 0.2703 0.9149
vn -0.4404 0.2684 0.8567
vn -0.5515 0.2675 0.7901
vn -0.5429 0.3148 0.7786
vn -0.6296 0.2785 0.7252
vn -0.6220 0.3221 0.7137
vn -0.7238 0.2842 0.6288
vn -0.6463 0.2335 0.7265
vn -0.7318 0.2442 0.6363
vn -0.8556 0.2392 0.4592
vn -0.7412 0.2215 0.6337
vn -0.8602 0.2149 0.4625
vn -0.9474 0.1904 0.2572
vn -0.8573 0.2122 0.4690
vn -0.9469 0.1731 0.2710
vn -0.9799 0.1434 0.1385
vn -0.9781 0.1632 0.1292
vn -0.9883 0.1290 0.0813
vn -0.9757 0.1659 0.1429
vn -0.9859 0.1421 0.0882
vn -0.9909 0.1281 0.0421
vn -0.9914 0.1226 0.0457
vn -0.9549 0.2524 0.1562
vn -0.9697 0.2217 0.1022
vn -0.9781 0.2011 0.0545
vn -0.9491 0.2904 0.1222
vn -0.9591 0.2682 0.0904
vn -0.9829 0.1786 0.0444
vn -0.9649 0.2552 0.0615
vn -0.9727 0.2307 -0.0235
vn -0.9709 0.2209 0.0931
vn -0.9766 0.2145 -0.0143
vn -0.9580 0.2070 -0.1983
vn -0.9800 0.1967 -0.0301
vn -0.9604 0.2050 -0.1888
vn -0.9699 0.1504 -0.1914
vn -0.9467 0.2584 -0.1924
vn -0.9488 0.2757 -0.1543
vn -0.8667 0.3838 -0.3187
vn -0.9018 0.3603 -0.2387
vn -0.7398 0.5457 -0.3936
vn -0.5830 0.5832 -0.5657
vn -0.6384 0.3948 -0.6608
vn -0.5446 0.4752 -0.6911
vn -0.4778 0.2797 -0.8328
vn -0.5168 0.2835 -0.8078
vn -0.4799 0.2028 -0.8536
vn -0.3486 0.1832 -0.9192
vn -0.3514 0.1973 -0.9152
vn -0.1397 0.1189 -0.9830
vn -0.1421 0.1846 -0.9725
vn -0.0163 0.0977 -0.9951
vn -0.0273 0.1925 -0.9809
vn 0.0247 0.1148 -0.9931
vn 0.0306 0.1996 -0.9794
vn 0.0975 0.1142 -0.9887
vn 0.0952 0.1797 -0.9791
vn 0.2016 0.1237 -0.9716
vn 0.1807 0.1621 -0.9701
vn 0.2982 0.1444 -0.9435
vn 0.2898 0.1490 -0.9454
vn 0.3981 0.1422 -0.9063
vn 0.4076 0.1318 -0.9036
vn 0.4821 0.1072 -0.8695
vn 0.5052 0.1153 -0.8553
vn 0.4742 0.1655 -0.8647
vn 0.5677 0.1089 -0.8160
vn 0.5563 0.1672 -0.8140
vn 0.5557 0.1489 -0.8179
vn 0.6659 0.1468 -0.7315
vn 0.6751 0.1124 -0.7291
vn 0.6777 0.0369 -0.7344
vn 0.7950 0.0767 -0.6017
vn 0.7927 0.0052 -0.6095
vn 0.7902 -0.0523 -0.6106
vn 0.9051 -0.0332 -0.4238
vn 0.9000 -0.0932 -0.4258
vn 0.9019 -0.1235 -0.4140
vn 0.9757 -0.1317 -0.1751
vn 0.9706 -0.1414 -0.1948
vn 0.9602 -0.1178 -0.2533
vn 0.9803 -0.0887 -0.1763
vn 0.9685 -0.0516 -0.2436
vn 0.9666 -0.0709 -0.2464
vn 0.9456 -0.1023 -0.3088
vn 0.9678 -0.1434 -0.2070
vn 0.9348 -0.1196 -0.3343
vn 0.9662 -0.1520 -0.2082
vn 0.9441 -0.1254 -0.3048
vn 0.9717 -0.1430 -0.1879
vn 0.9506 -0.1282 -0.2827
vn 0.9680 -0.1558 -0.1967
vn 0.9581 -0.1175 -0.2613
vn 0.9812 -0.1243 -0.1476
vn 0.9716 -0.0640 -0.2277
vn 0.9921 -0.0624 -0.1091
vn 0.9718 -0.0518 -0.2302
vn 0.9919 -0.0782 -0.1000
vn 0.9686 -0.0811 -0.2351
vn 0.9877 -0.1204 -0.0994
vn 0.9648 -0.1188 -0.2344
vn 0.9809 -0.1722 -0.0908
vn 0.9628 -0.1540 -0.2223
vn 0.9719 -0.2250 -0.0688
vn 0.9615 -0.1928 -0.1958
vn 0.9632 -0.2650 -0.0448
vn 0.9545 -0.2481 -0.1652
vn 0.9051 -0.2186 -0.3646
vn 0.9336 -0.3260 -0.1485
vn 0.8860 -0.3252 -0.3305
vn 0.8067 -0.2834 -0.5186
vn 0.8746 -0.3645 -0.3197
vn 0.8165 -0.3394 -0.4670
vn 0.7070 -0.2975 -0.6416
vn 0.8549 -0.2182 -0.4707
vn 0.7211 -0.2307 -0.6533
vn 0.5378 -0.2286 -0.8115
vn 0.7033 -0.2529 -0.6644
vn 0.5358 -0.2399 -0.8095
vn 0.3782 -0.2057 -0.9026
vn 0.5359 -0.3312 -0.7766
vn 0.3875 -0.2845 -0.8769
vn 0.2738 -0.2211 -0.9360
vn 0.4121 -0.2913 -0.8633
vn 0.3049 -0.2336 -0.9233
vn 0.2755 -0.1545 -0.9488
vn 0.3203 -0.2360 -0.9175
vn 0.3082 -0.1612 -0.9376
vn 0.2987 -0.1175 -0.9471
vn 0.7493 0.2610 0.6086
vn 0.8394 0.3070 0.4484
vn 0.8463 0.2472 0.4719
vn 0.9287 0.2781 0.2453
vn 0.9593 0.2591 0.1125
vn 0.9644 0.2583 0.0571
vn 0.9625 0.2620 0.0702
vn 0.9551 0.2844 0.0834
vn 0.9632 0.2461 0.1080
vn 0.9634 0.2633 0.0492
vn 0.9744 0.2242 -0.0155
vn 0.9621 0.2269 -0.1513
vn 0.9074 0.2280 -0.3532
vn 0.8656 -0.4944 0.0786
vn 0.8676 -0.4949 0.0474
vn 0.9190 -0.3918 0.0435
vn 0.9164 -0.3915 0.0829
vn 0.8996 -0.3849 0.2064
vn 0.9181 -0.3195 0.2345
vn 0.9428 -0.2458 0.2252
vn 0.9444 -0.2646 0.1952
vn 0.9443 -0.2013 0.2604
vn 0.9485 -0.2050 0.2416
vn 0.9281 -0.2306 0.2922
vn 0.9546 -0.2213 0.1995
vn 0.9307 -0.2507 0.2664
vn 0.8836 -0.2752 0.3788
vn 0.9328 -0.2749 0.2331
vn 0.8849 -0.2907 0.3639
vn 0.8236 -0.2867 0.4894
vn 0.8868 -0.2833 0.3651
vn 0.8250 -0.2605 0.5015
vn 0.7664 -0.2441 0.5942
vn 0.8236 -0.2257 0.5203
vn 0.7748 -0.2069 0.5974
vn 0.7327 -0.2071 0.6483
vn 0.7789 -0.1776 0.6015
vn 0.7449 -0.1706 0.6450
vn 0.6927 -0.1605 0.7032
vn 0.7518 -0.1197 0.6485
vn 0.6971 -0.0963 0.7105
vn 0.5999 -0.0483 0.7986
vn 0.6924 -0.0157 0.7214
vn 0.5797 0.0470 0.8135
vn 0.4375 0.1243 0.8906
vn 0.5488 0.1333 0.8252
vn 0.4008 0.2077 0.8923
vn 0.2464 0.2703 0.9307
vn 0.3721 0.2795 0.8851
vn 0.2194 0.3319 0.9175
vn 0.0339 0.3715 0.9278
vn 0.2014 0.3778 0.9037
vn 0.0263 0.4088 0.9122
vn 0.1865 0.3790 0.9064
vn 0.0294 0.4069 0.9130
vn 0.1703 0.3421 0.9241
vn 0.0281 0.3746 0.9268
vn 0.1508 0.2813 0.9477
vn 0.0150 0.3148 0.9490
vn 0.1333 0.2171 0.9670
vn -0.0015 0.2467 0.9691
vn -0.1495 0.2651 0.9526
vn -0.0119 0.1877 0.9822
vn -0.1538 0.2072 0.9661
vn -0.2998 0.2211 0.9280
vn -0.1622 0.1672 0.9725
vn -0.3055 0.1908 0.9329
vn -0.4336 0.2073 0.8770
vn -0.4347 0.2249 0.8720
vn -0.5546 0.2158 0.8037
vn -0.5551 0.2268 0.8003
vn -0.6517 0.2194 0.7260
vn -0.5596 0.2217 0.7986
vn -0.6509 0.2347 0.7220
vn -0.7385 0.2335 0.6326
vn -0.6565 0.2510 0.7113
vn -0.7318 0.2677 0.6268
vn -0.8407 0.2549 0.4778
vn -0.7344 0.3037 0.6069
vn -0.8209 0.3158 0.4758
vn -0.9080 0.2932 0.2992
vn -0.9353 0.2088 0.2857
vn -0.8145 0.3393 0.4706
vn -0.8895 0.3400 0.3052
vn -0.9318 0.3175 0.1760
vn -0.8941 0.3179 0.3154
vn -0.9333 0.2976 0.2008
vn -0.9519 0.2615 0.1599
vn -0.9439 0.2236 0.2430
vn -0.9586 0.2027 0.1999
vn -0.9699 0.1955 0.1451
vn -0.9649 0.2322 0.1227
vn -0.9760 0.1905 0.1053
vn -0.9623 0.2677 -0.0484
vn -0.9716 0.2314 -0.0494
vn -0.9459 0.2442 -0.2135
vn 0.5478 0.0552 -0.8348
vn 0.6348 0.0246 -0.7723
vn 0.6487 0.0866 -0.7561
vn 0.7622 0.0194 -0.6471
vn 0.7548 0.0618 -0.6530
vn 0.7730 0.0981 -0.6268
vn 0.8714 0.0473 -0.4883
vn 0.8792 0.0455 -0.4743
vn 0.8958 0.0239 -0.4439
vn 0.9645 0.0071 -0.2641
vn 0.9716 -0.0379 -0.2335
vn 0.9757 -0.0834 -0.2027
vn 0.9935 -0.0792 -0.0815
vn 0.9895 -0.1285 -0.0655
vn 0.9891 -0.1149 -0.0924
vn 0.9900 -0.1077 -0.0911
vn 0.9780 -0.0305 -0.2065
vn 0.9748 -0.0384 -0.2196
vn 0.9926 -0.1173 -0.0327
vn 0.9889 -0.0127 -0.1483
vn 0.9960 -0.0113 -0.0885
vn 0.9906 -0.1363 0.0132
vn 0.9717 -0.1227 0.2020
vn 0.9753 -0.1277 0.1804
vn 0.9864 -0.0549 -0.1551
vn 0.9831 -0.1750 0.0535
vn 0.9848 -0.1699 0.0353
vn 0.9820 -0.1507 -0.1139
vn 0.9783 -0.0864 0.1883
vn 0.9826 -0.1111 0.1492
vn 0.9793 -0.1780 -0.0960
vn 0.9855 -0.0976 -0.1389
vn 0.9793 -0.1044 -0.1733
vn 0.9856 -0.1273 -0.1117
vn 0.9820 -0.1793 -0.0600
vn 0.9821 -0.1626 -0.0954
vn 0.9720 -0.1680 -0.1641
vn 0.9502 -0.2669 0.1610
vn 0.9560 -0.2663 0.1230
vn 0.9813 -0.1713 -0.0880
vn 0.9750 -0.1893 0.1163
vn 0.9770 -0.1943 0.0880
vn 0.9846 -0.1733 -0.0248
vn 0.9978 -0.0547 0.0369
vn 0.9981 -0.0597 0.0161
vn 0.9962 -0.0821 -0.0294
vn 0.9976 -0.0696 0.0030
vn 0.9973 -0.0719 -0.0136
vn 0.9963 -0.0789 -0.0330
vn 0.9928 -0.1200 0.0029
vn 0.9926 -0.1208 -0.0091
vn 0.9924 -0.1194 -0.0293
vn 0.9832 -0.1827 0.0043
vn 0.9829 -0.1840 -0.0035
vn 0.9832 -0.1810 -0.0221
vn 0.9692 -0.2461 0.0046
vn 0.9690 -0.2472 0.0020
vn 0.9701 -0.2424 -0.0111
vn 0.9632 -0.2689 0.0020
vn 0.9631 -0.2692 0.0037
vn 0.9627 -0.2706 -0.0051
vn 0.9680 -0.2509 -0.0026
vn 0.9679 -0.2515 -0.0053
vn 0.9639 -0.2659 -0.0162
vn 0.9533 -0.2976 -0.0521
vn 0.9759 -0.2134 -0.0452
vn 0.9549 -0.2784 -0.1032
vn 0.9234 -0.3401 -0.1779
vn 0.9683 -0.1825 -0.1708
vn 0.9571 -0.1876 -0.2206
vn 0.9181 -0.2038 -0.3399
vn 0.9706 -0.0782 -0.2277
vn 0.9150 -0.1320 -0.3813
vn 0.8352 -0.2082 -0.5090
vn 0.8549 -0.3234 -0.4058
vn 0.7741 -0.3594 -0.5211
vn 0.6763 -0.3613 -0.6420
vn 0.7758 -0.3501 -0.5249
vn 0.6906 -0.3377 -0.6395
vn 0.5553 -0.3217 -0.7669
vn 0.6971 -0.3097 -0.6467
vn 0.5626 -0.3070 -0.7676
vn 0.4247 -0.2954 -0.8558
vn 0.9034 -0.4059 -0.1383
vn 0.8722 -0.4078 -0.2701
vn 0.8826 -0.3802 -0.2766
vn 0.9302 -0.3447 -0.1262
vn 0.9397 -0.3207 -0.1190
vn 0.9134 -0.3975 -0.0880
vn 0.9721 -0.2199 -0.0814
vn 0.9667 -0.2112 -0.1448
vn 0.9197 -0.3805 -0.0969
vn 0.9604 -0.2055 -0.1882
vn 0.9700 -0.2042 -0.1320
vn 0.9189 -0.3902 -0.0571
vn 0.8751 -0.4838 -0.0140
vn 0.8770 -0.4785 -0.0429
vn 0.9492 -0.2098 -0.2347
vn 0.9756 -0.1737 -0.1343
vn 0.9822 -0.1289 -0.1366
vn 0.9604 -0.2022 0.1919
vn 0.9860 -0.0558 0.1569
vn 0.9746 -0.1228 0.1871
vn 0.9095 -0.3716 0.1866
vn 0.9958 -0.0656 0.0640
vn 0.9968 -0.0739 0.0289
vn 0.9925 -0.0973 0.0740
vn 0.9904 -0.1029 0.0928
vn 0.9821 -0.1706 0.0804
vn 0.9622 -0.2356 0.1364
vn 0.9677 -0.2478 0.0456
vn 0.9580 -0.2687 0.1002
vn 0.9344 -0.2858 0.2125
vn 0.9593 -0.2680 0.0887
vn 0.9408 -0.2676 0.2081
vn 0.8906 -0.2528 0.3781
vn 0.9478 -0.2309 0.2198
vn 0.8971 -0.2089 0.3893
vn 0.8245 -0.1909 0.5327
vn 0.9028 -0.1677 0.3961
vn 0.8299 -0.1505 0.5372
vn 0.7826 -0.1359 0.6075
vn 0.8338 -0.1021 0.5426
vn 0.7854 -0.0801 0.6137
vn 0.7518 -0.0559 0.6571
vn 0.7847 -0.0277 0.6192
vn 0.7454 -0.0014 0.6666
vn 0.6704 0.0530 0.7401
vn 0.7311 0.0531 0.6803
vn 0.6370 0.1245 0.7607
vn 0.5081 0.2088 0.8356
vn 0.5953 0.1891 0.7809
vn 0.4686 0.2683 0.8417
vn 0.3451 0.3286 0.8791
vn 0.4338 0.2787 0.8568
vn 0.3183 0.3338 0.8873
vn 0.4026 0.2522 0.8800
vn 0.2931 0.3005 0.9076
vn 0.3787 0.2071 0.9020
vn 0.2714 0.2449 0.9308
vn 0.3661 0.1582 0.9171
vn 0.2560 0.1863 0.9485
vn 0.3604 0.1174 0.9254
vn 0.2468 0.1415 0.9587
vn 0.1231 0.1661 0.9784
vn 0.2409 0.1061 0.9647
vn 0.1188 0.1270 0.9848
vn -0.0146 0.1459 0.9892
vn 0.1159 0.0942 0.9888
vn -0.0182 0.1166 0.9930
vn -0.1725 0.1442 0.9744
vn -0.0207 0.1195 0.9926
vn -0.1778 0.1509 0.9724
vn -0.3274 0.1775 0.9281
vn -0.3181 0.1724 0.9323
vn -0.4563 0.2002 0.8670
vn -0.4419 0.1985 0.8748
vn -0.5748 0.2250 0.7867
vn -0.4524 0.2391 0.8592
vn -0.5837 0.2554 0.7708
vn -0.6706 0.2781 0.6877
vn -0.5717 0.3075 0.7607
vn -0.6684 0.3177 0.6726
vn -0.7369 0.3266 0.5919
vn -0.6593 0.3323 0.6745
vn -0.7301 0.3333 0.5965
vn -0.8135 0.3251 0.4822
vn -0.7251 0.2966 0.6215
vn -0.8066 0.2903 0.5149
vn -0.8953 0.2617 0.3605
vn -0.7964 0.2749 0.5387
vn -0.8778 0.2602 0.4021
vn -0.9306 0.2580 0.2598
vn -0.8821 0.2200 0.4165
vn -0.9406 0.2096 0.2671
vn -0.9998 0.0034 0.0188
vn -0.9945 0.0161 -0.1035
vn -0.9895 -0.0117 0.1444
vn -0.9891 0.0013 0.1472
vn -0.9543 -0.0166 0.2985
vn -0.9591 0.0034 0.2832
vn -0.9472 -0.0505 0.3167
vn -0.8579 -0.0525 0.5111
vn -0.8691 -0.0363 0.4933
vn -0.8524 -0.0352 0.5218
vn -0.7514 -0.0269 0.6593
vn -0.7593 -0.0515 0.6487
vn -0.7420 -0.0356 0.6694
vn -0.6393 -0.0291 0.7684
vn -0.6545 -0.0241 0.7556
vn -0.6227 -0.0342 0.7817
vn -0.5186 -0.0241 0.8547
vn -0.5293 -0.0250 0.8481
vn -0.5205 -0.0091 0.8538
vn -0.4565 0.0205 0.8895
vn -0.4427 -0.0055 0.8966
vn -0.4801 0.0605 0.8751
vn -0.4241 0.0965 0.9005
vn -0.4050 0.0521 0.9128
vn -0.4437 0.1271 0.8871
vn -0.3612 0.1639 0.9180
vn -0.3531 0.1255 0.9271
vn -0.3719 0.1844 0.9098
vn -0.2473 0.2224 0.9431
vn -0.2495 0.1902 0.9495
vn -0.2460 0.2572 0.9345
vn -0.0726 0.2875 0.9550
vn -0.0843 0.2466 0.9655
vn -0.0642 0.3512 0.9341
vn 0.1358 0.3697 0.9192
vn 0.1233 0.3000 0.9460
vn 0.1488 0.4430 0.8841
vn 0.3266 0.3656 0.8716
vn 0.4711 0.3548 0.8076
vn 0.2988 0.2946 0.9077
vn 0.0983 0.2535 0.9623
vn -0.0980 0.2105 0.9727
vn -0.2496 0.1541 0.9560
vn -0.3350 0.0971 0.9372
vn -0.3775 0.0366 0.9253
vn -0.4322 -0.0080 0.9017
vn -0.5435 -0.0253 0.8390
vn -0.6684 -0.0640 0.7410
vn -0.7736 -0.0531 0.6314
vn -0.7946 -0.0345 0.6061
vn -0.8836 -0.0137 0.4680
vn 0.9862 0.0613 0.1539
vn 0.9533 -0.1215 0.2766
vn 0.9202 -0.0687 0.3854
vn 0.9739 -0.0372 0.2238
vn 0.9993 -0.0360 -0.0045
vn 0.9889 0.1485 -0.0085
vn 0.9811 -0.0080 -0.1936
vn 0.9744 -0.0060 -0.2246
vn 0.9851 0.0941 -0.1443
vn 0.9891 0.0987 -0.1090
vn 0.9759 -0.1587 0.1495
vn 0.9832 -0.1759 0.0491
vn 0.9907 -0.1347 0.0168
vn 0.9916 -0.1280 -0.0195
vn 0.9968 -0.0725 -0.0346
vn 0.9975 -0.0517 -0.0480
vn 0.9927 0.0170 -0.1197
vn 0.9847 0.0042 -0.1743
vn 0.9879 -0.1548 0.0084
vn 0.9957 -0.0842 0.0389
vn 0.9972 -0.0742 0.0114
vn 0.9972 -0.0718 -0.0189
vn 0.9957 -0.0832 -0.0417
vn 0.9929 -0.0276 -0.1153
vn 0.9972 -0.0702 -0.0264
vn 0.9974 -0.0715 -0.0055
vn 0.9995 -0.0038 -0.0328
vn 0.9981 -0.0053 -0.0613
vn 0.9946 -0.0327 0.0987
vn 0.9931 -0.0808 0.0854
vn 0.9729 -0.0881 0.2136
vn 0.9761 -0.0301 0.2154
vn 0.9928 -0.0436 -0.1120
vn 0.9623 -0.0056 -0.2718
vn 0.9832 -0.1192 0.1384
vn 0.9728 -0.1507 0.1761
vn 0.9766 -0.1163 0.1807
vn 0.9582 -0.1268 0.2565
vn 0.9950 -0.0241 0.0968
vn 0.9732 -0.1457 0.1779
vn 0.9813 -0.1436 0.1284
vn 0.9986 -0.0226 0.0473
vn 0.9745 -0.0853 0.2077
vn 0.9805 -0.0657 0.1852
vn 0.9703 -0.1386 0.1981
vn 0.9697 -0.1472 0.1948
vn 0.9472 -0.1603 0.2776
vn 0.9749 -0.1200 0.1873
vn 0.9889 -0.1375 0.0558
vn 0.9887 -0.1441 0.0404
vn 0.9534 -0.1842 0.2389
vn 0.9490 -0.1822 0.2572
vn 0.9939 -0.1016 0.0418
vn 0.9922 -0.1096 0.0601
vn 0.9733 -0.1168 0.1976
vn 0.9302 -0.1414 0.3387
vn 0.9990 -0.0433 -0.0063
vn 0.9965 -0.0360 -0.0758
vn 0.9823 -0.0884 0.1651
vn 0.9422 -0.1675 0.2900
vn 0.9599 -0.2160 0.1784
vn 0.9745 -0.2070 0.0865
vn 0.9903 -0.0603 0.1251
vn 0.9812 -0.1303 0.1426
vn 0.9119 -0.2877 0.2927
vn 0.9196 -0.2986 0.2551
vn 0.9938 -0.0316 0.1066
vn 0.9985 -0.0418 0.0348
vn 0.9821 -0.1496 0.1141
vn 0.9805 -0.1587 0.1160
vn 0.9932 -0.0329 0.1113
vn 0.9991 -0.0257 0.0335
vn 0.9989 -0.0330 0.0337
vn 0.9989 -0.0374 0.0277
vn 0.9904 -0.0665 0.1209
vn 0.9968 -0.0661 0.0457
vn 0.9979 -0.0627 0.0160
vn 0.9979 -0.0645 0.0030
vn 0.9863 -0.1075 0.1252
vn 0.9924 -0.1138 0.0459
vn 0.9926 -0.1198 0.0178
vn 0.9926 -0.1211 0.0055
vn 0.9793 -0.1596 0.1244
vn 0.9844 -0.1708 0.0424
vn 0.9832 -0.1818 0.0148
vn 0.9829 -0.1839 0.0069
vn 0.9703 -0.2141 0.1129
vn 0.9718 -0.2329 0.0365
vn 0.9695 -0.2451 0.0093
vn 0.9690 -0.2470 0.0070
vn 0.9630 -0.2524 0.0947
vn 0.9638 -0.2647 0.0310
vn 0.9634 -0.2682 0.0027
vn 0.9632 -0.2687 0.0044
vn 0.9646 -0.2616 0.0330
vn 0.9679 -0.2511 0.0065
vn 0.9682 -0.2502 0.0039
vn 0.9781 -0.2075 0.0152
vn 0.9793 -0.2024 0.0069
vn 0.9810 -0.1920 -0.0295
vn 0.9669 -0.2552 -0.0051
vn 0.9743 -0.2229 0.0313
vn 0.9865 -0.1248 0.1063
vn 0.9928 -0.1151 -0.0328
vn 0.9835 -0.1482 -0.1037
vn 0.9939 -0.1071 0.0250
vn 0.9925 -0.1056 0.0622
vn 0.9951 -0.0875 -0.0453
vn 0.9906 -0.1005 -0.0933
vn 0.9858 -0.1146 -0.1225
vn 0.9294 -0.2696 -0.2519
vn 0.8353 -0.3655 -0.4106
vn 0.8418 -0.3612 -0.4011
vn 0.7822 -0.3291 -0.5289
vn 0.9530 -0.1888 0.2371
vn 0.9578 -0.1437 0.2490
vn 0.9077 -0.1245 0.4008
vn 0.9625 -0.0993 0.2524
vn 0.9100 -0.0780 0.4072
vn 0.8349 -0.0490 0.5482
vn 0.9081 -0.0369 0.4172
vn 0.8335 -0.0085 0.5525
vn 0.7817 0.0147 0.6235
vn 0.8285 0.0066 0.5600
vn 0.7714 0.0397 0.6351
vn 0.7014 0.1021 0.7055
vn 0.7489 0.0555 0.6603
vn 0.6612 0.1302 0.7389
vn 0.5512 0.2102 0.8075
vn 0.6247 0.1356 0.7690
vn 0.5160 0.1968 0.8337
vn 0.5991 0.1206 0.7915
vn 0.4933 0.1655 0.8540
vn 0.5818 0.0916 0.8081
vn 0.4790 0.1271 0.8685
vn 0.5711 0.0653 0.8183
vn 0.4702 0.0925 0.8777
vn 0.5629 0.0402 0.8255
vn 0.4657 0.0649 0.8826
vn 0.3587 0.0852 0.9295
vn 0.4582 0.0228 0.8886
vn 0.3541 0.0486 0.9339
vn 0.2369 0.0732 0.9688
vn 0.3407 0.0243 0.9399
vn 0.2290 0.0591 0.9716
vn 0.1111 0.0892 0.9898
vn 0.2172 0.0775 0.9730
vn 0.0976 0.1219 0.9877
vn -0.0331 0.1748 0.9840
vn 0.0716 0.1853 0.9801
vn -0.0499 0.2373 0.9701
vn -0.1643 0.2721 0.9482
vn -0.1734 0.2146 0.9612
vn -0.2901 0.2897 0.9121
vn -0.3147 0.2305 0.9208
vn -0.4298 0.2971 0.8526
vn -0.2733 0.3045 0.9125
vn -0.4096 0.3207 0.8541
vn -0.5539 0.3302 0.7643
vn -0.3984 0.2810 0.8731
vn -0.5425 0.2872 0.7895
vn -0.6594 0.2931 0.6923
vn -0.5337 0.2273 0.8145
vn -0.6672 0.2443 0.7036
vn -0.7333 0.2674 0.6251
vn -0.6724 0.2171 0.7076
vn -0.7448 0.2260 0.6278
vn -0.7997 0.2287 0.5551
vn 0.5890 -0.0092 0.8081
vn 0.5052 0.0349 0.8623
vn 0.5153 0.0508 0.8555
vn 0.6245 0.0358 0.7802
vn 0.7019 -0.0470 0.7107
vn 0.6171 -0.0736 0.7834
vn 0.8216 -0.1225 0.5568
vn 0.8194 -0.1594 0.5507
vn 0.6412 0.0241 0.7670
vn 0.7588 -0.0018 0.6513
vn 0.8519 -0.0487 0.5214
vn 0.9369 -0.1051 0.3335
vn 0.7626 -0.0147 0.6467
vn 0.8639 -0.0352 0.5024
vn 0.9508 -0.0640 0.3033
vn 0.9882 -0.0877 0.1254
vn 0.8641 -0.0662 0.4989
vn 0.9513 -0.1054 0.2896
vn 0.8658 -0.0892 0.4923
vn 0.9533 -0.1318 0.2718
vn 0.8674 -0.1145 0.4842
vn 0.9533 -0.1424 0.2664
vn 0.8709 -0.1172 0.4772
vn 0.9449 -0.1352 0.2982
vn 0.8791 -0.0932 0.4674
vn 0.9410 -0.1400 0.3081
vn 0.8875 -0.0685 0.4557
vn 0.9634 -0.1121 0.2436
vn 0.8967 -0.0532 0.4395
vn 0.9693 -0.0959 0.2264
vn 0.9044 -0.0384 0.4249
vn 0.9715 -0.0742 0.2251
vn 0.9080 -0.0271 0.4181
vn 0.9726 -0.0460 0.2281
vn 0.9077 -0.0169 0.4192
vn 0.9709 -0.0272 0.2380
vn 0.9066 -0.0159 0.4217
vn 0.9684 -0.0302 0.2475
vn 0.9660 -0.0595 0.2516
vn 0.8230 0.0074 0.5680
vn 0.8125 0.0157 0.5828
vn 0.7227 0.0725 0.6873
vn 0.7971 0.0167 0.6037
vn 0.7001 0.0703 0.7105
vn 0.7824 0.0055 0.6227
vn 0.6834 0.0520 0.7282
vn 0.7674 -0.0128 0.6410
vn 0.6714 0.0316 0.7404
vn 0.7503 -0.0411 0.6599
vn 0.6563 0.0048 0.7544
vn 0.7359 -0.0740 0.6730
vn 0.6384 -0.0392 0.7687
vn 0.5485 -0.0050 0.8361
vn 0.6310 -0.0678 0.7728
vn 0.5340 -0.0446 0.8443
vn 0.4424 -0.0130 0.8967
vn 0.5292 -0.0433 0.8474
vn 0.4237 -0.0072 0.9058
vn 0.3209 0.0375 0.9464
vn 0.4071 0.0331 0.9128
vn 0.3001 0.0669 0.9516
vn 0.1862 0.1220 0.9749
vn 0.2765 0.0947 0.9564
vn 0.1404 0.1462 0.9792
vn 0.0294 0.2085 0.9776
vn 0.1021 0.1446 0.9842
vn -0.0179 0.1886 0.9819
vn -0.0957 0.2224 0.9703
vn -0.0669 0.2628 0.9625
vn -0.1638 0.2448 0.9556
vn -0.1574 0.2891 0.9443
vn -0.2650 0.2645 0.9273
vn -0.1780 0.1633 0.9704
vn -0.2718 0.1933 0.9427
vn -0.3880 0.2176 0.8956
vn -0.2967 0.1459 0.9438
vn -0.3985 0.1817 0.8990
vn -0.5357 0.2017 0.8199
vn 0.2111 0.0670 0.9752
vn 0.0546 0.0789 0.9954
vn 0.0695 0.1053 0.9920
vn 0.2177 0.0804 0.9727
vn 0.3810 0.0627 0.9225
vn 0.3774 0.0527 0.9246
vn 0.2435 0.0940 0.9653
vn 0.3837 0.0603 0.9215
vn 0.5175 0.0449 0.8545
vn 0.3940 0.0592 0.9172
vn 0.5184 0.0339 0.8545
vn 0.6502 0.0100 0.7597
vn 0.5232 -0.0025 0.8522
vn 0.6509 -0.0290 0.7586
vn 0.7609 -0.0434 0.6474
vn 0.6393 -0.0618 0.7665
vn 0.7487 -0.0675 0.6595
vn 0.7357 -0.0831 0.6722
vn -0.0582 0.0863 0.9946
vn -0.0444 0.1311 0.9904
vn -0.1328 0.0943 0.9867
vn -0.1138 0.1465 0.9827
vn -0.2058 0.1118 0.9722
vn 0.9595 0.0338 -0.2797
vn 0.9899 0.0309 -0.1385
vn 0.9611 0.0230 -0.2751
vn 0.9911 0.0209 -0.1315
vn 0.9936 0.0347 -0.1071
vn 0.9855 0.0692 -0.1546
vn 0.9885 0.0794 -0.1285
vn 0.9772 -0.0074 -0.2122
vn 0.9734 -0.0022 -0.2290
vn 0.8773 0.0214 -0.4794
vn -0.3952 0.9128 0.1032
vn -0.7009 -0.6834 0.2041
vn -0.6977 -0.6591 0.2806
vn -0.7895 -0.4832 0.3785
vn -0.8243 -0.5287 0.2024
vn -0.9078 -0.4158 0.0548
vn -0.7821 -0.6045 0.1513
vn -0.9869 -0.0868 0.1359
vn -0.9982 0.0275 -0.0534
vn -0.9318 -0.3616 0.0319
vn -0.9997 0.0112 -0.0218
vn -0.9999 0.0086 -0.0084
vn -0.7854 -0.6123 0.0910
vn -0.9962 0.0758 0.0424
vn -0.9965 0.0654 0.0523
vn -0.9980 0.0339 -0.0532
vn -0.9981 -0.0283 0.0546
vn -0.9994 -0.0133 -0.0334
vn -0.9791 -0.0907 -0.1822
vn -0.9885 -0.1509 -0.0094
vn -0.9755 -0.1904 -0.1105
vn -0.9255 -0.2350 -0.2971
vn -0.9578 -0.2674 -0.1056
vn -0.9183 -0.2583 -0.2999
vn -0.8148 -0.2150 -0.5384
vn -0.9098 -0.2427 -0.3368
vn -0.7935 -0.2066 -0.5724
vn -0.6539 -0.1398 -0.7436
vn -0.7746 -0.1807 -0.6060
vn -0.6170 -0.1224 -0.7774
vn -0.5086 -0.0535 -0.8593
vn -0.5911 -0.1085 -0.7992
vn -0.4673 -0.0634 -0.8818
vn -0.3762 -0.0225 -0.9263
vn -0.4483 -0.0850 -0.8898
vn -0.3569 -0.0526 -0.9327
vn -0.2788 -0.0394 -0.9595
vn -0.3374 -0.0592 -0.9395
vn -0.2542 -0.0264 -0.9668
vn -0.2471 -0.0263 -0.9686
vn -0.9961 -0.0407 0.0784
vn -0.9838 0.1751 0.0383
vn -0.7738 -0.4876 0.4042
vn 0.9919 0.0552 -0.1144
vn 0.9822 -0.1863 -0.0239
vn 0.9937 -0.1111 0.0115
vn 0.9676 -0.2526 -0.0038
vn 0.9965 -0.0103 -0.0828
vn 0.9769 -0.0133 -0.2131
vn 0.9958 -0.0866 -0.0305
vn 0.9972 -0.0712 -0.0222
vn 0.9768 0.0065 -0.2138
vn 0.9498 -0.2050 -0.2363
vn 0.9858 -0.1130 -0.1244
vn 0.9174 -0.3615 -0.1664
vn 0.8868 -0.4500 -0.1053
vn 0.9629 -0.2697 0.0048
vn 0.9690 -0.2469 0.0036
vn 0.9829 -0.1839 -0.0018
vn 0.9927 -0.1204 -0.0071
vn 0.9971 -0.0751 -0.0099
vn 0.9974 -0.0704 0.0135
vn 0.9801 -0.1913 0.0526
vn 0.9699 -0.2427 -0.0171
vn 0.9690 -0.1618 -0.1870
vn 0.9892 -0.1013 -0.1057
vn 0.9872 -0.1592 -0.0132
vn 0.9874 -0.1583 0.0079
vn 0.9930 -0.1112 0.0392
vn 0.9808 -0.0832 -0.1764
vn 0.9771 -0.2120 0.0191
vn 0.9892 -0.1088 0.0982
vn 0.9668 -0.2552 0.0166
vn 0.9634 -0.2679 0.0099
vn 0.9703 -0.2414 0.0130
vn 0.9838 -0.1782 0.0181
vn 0.9928 -0.1179 0.0209
vn 0.9978 -0.0635 0.0184
vn 0.9996 -0.0253 0.0149
vn 0.9911 -0.1044 0.0825
vn 0.9185 -0.2413 0.3133
vn 0.8980 -0.2177 0.3824
vn 0.9606 -0.0793 0.2664
vn 0.9894 -0.1030 0.1023
vn 0.9886 -0.1206 0.0899
vn 0.9742 -0.1082 0.1982
vn 0.9481 -0.1505 0.2803
vn 0.9969 -0.0055 0.0788
vn 0.9879 -0.0283 0.1524
vn 0.9972 -0.0740 0.0127
vn 0.9901 -0.1397 0.0167
vn 0.9860 -0.0163 -0.1657
vn 0.9878 0.1211 -0.0980
vn 0.9738 -0.2026 0.1037
vn 0.9110 -0.3898 0.1348
vn 0.9931 -0.0587 0.1012
vn 0.8613 -0.4914 0.1293
vn 0.9952 -0.0913 -0.0351
vn 0.9822 -0.1865 -0.0215
vn 0.9888 0.0593 -0.1370
vn 0.9191 -0.3688 -0.1384
vn 0.8778 -0.4741 -0.0691
vn 0.9630 -0.2696 0.0056
vn 0.9690 -0.2471 0.0043
vn 0.9829 -0.1839 -0.0013
vn 0.9927 -0.1207 -0.0068
vn 0.9973 -0.0730 -0.0110
vn 0.9977 -0.0644 0.0202
vn 0.9761 -0.1991 0.0865
vn 0.9613 -0.2648 0.0755
vn 0.9769 -0.1465 -0.1553
vn 0.9806 -0.1075 -0.1639
vn 0.9848 -0.1357 0.1085
vn 0.9862 -0.1623 0.0319
vn 0.9785 -0.1333 0.1574
vn 0.9910 -0.0952 -0.0940
vn 0.9782 -0.2041 0.0385
vn 0.9973 -0.0719 0.0130
vn 0.9984 -0.0018 0.0569
vn 0.9676 -0.2522 0.0100
vn 0.9635 -0.2678 0.0044
vn 0.9698 -0.2437 0.0104
vn 0.9834 -0.1806 0.0158
vn 0.9927 -0.1192 0.0188
vn 0.9979 -0.0620 0.0172
vn 0.9992 -0.0288 0.0279
vn 0.9850 -0.1363 0.1059
vn 0.9069 -0.2742 0.3199
vn 0.9371 -0.2246 0.2674
vn 0.9947 -0.0539 0.0877
vn 0.9955 -0.0933 0.0166
vn 0.9885 -0.1337 0.0701
vn 0.9723 -0.1277 0.1960
vn 0.9625 -0.1481 0.2273
vn 0.9803 -0.0133 -0.1971
vn 0.9888 0.1043 -0.1065
vn 0.8637 -0.4931 0.1042
vn 0.9996 0.0026 0.0277
vn 0.9977 -0.0677 -0.0082
vn 0.9783 -0.2073 -0.0046
vn 0.9818 -0.1898 -0.0012
vn 0.9951 -0.0972 -0.0180
vt -1.090050 -1.076191
vt -1.045954 -1.065134
vt -1.058163 -1.093230
vt 2.818749 -1.239884
vt 2.794239 -1.233437
vt 2.816463 -1.204595
vt 4.694352 -0.963634
vt 4.714161 -0.943735
vt 4.710834 -0.969467
vt -4.381032 -0.947538
vt -4.398222 -0.976680
vt -4.428931 -0.955723
vt -0.735231 -0.565623
vt -0.720804 -0.519290
vt -0.646045 -0.531248
vt -0.648264 -0.573339
vt -0.699979 -0.611460
vt -0.758706 -0.618013
vt -0.805462 -0.581387
vt -0.638490 -0.607089
vt 4.694549 -0.435549
vt 4.790125 -0.397315
vt 4.816064 -0.427048
vt 4.750224 -0.460974
vt 4.693904 -0.383506
vt 4.775325 -0.358551
vt 4.595955 -0.429063
vt 4.612235 -0.385276
vt 4.640656 -0.483556
vt 4.566616 -0.469851
vt 4.697327 -0.495879
vt -4.137066 -0.498794
vt -4.116140 -0.540241
vt -4.176769 -0.546095
vt -4.205624 -0.516741
vt -4.116817 -0.457847
vt -4.050458 -0.467075
vt -4.053196 -0.500937
vt -4.050278 -0.536584
vt 2.710113 -0.619952
vt 2.586352 -0.619686
vt 2.610482 -0.577470
vt 2.717253 -0.574094
vt 2.810947 -0.555755
vt 2.819318 -0.589922
vt 2.841387 -0.623200
vt 2.769642 -0.649373
vt 2.700299 -0.692185
vt 2.632440 -0.677511
vt 2.651198 -0.739358
vt 2.582207 -0.727661
vt 2.507574 -0.719611
vt 2.543122 -0.670532
vt 2.435338 -0.713596
vt 2.464318 -0.665622
vt 2.493980 -0.617545
vt 2.390719 -0.661541
vt 2.415576 -0.614723
vt 2.437930 -0.569370
vt 2.519714 -0.572081
vt 2.456568 -0.526590
vt 2.539146 -0.529868
vt 2.626280 -0.534755
vt 2.718665 -0.534169
vt 2.554105 -0.488388
vt 2.638066 -0.492887
vt 2.721943 -0.491430
vt 2.805845 -0.482093
vt 2.806301 -0.520044
vt 2.647647 -0.450842
vt 2.725525 -0.450554
vt 2.807918 -0.443274
vt 2.893729 -0.435424
vt 2.890482 -0.470993
vt 2.731236 -0.408812
vt 2.810661 -0.404809
vt 2.897341 -0.399088
vt -1.013971 -0.369026
vt -0.940150 -0.380663
vt -0.955191 -0.410369
vt -1.027132 -0.398121
vt 2.815970 -0.365426
vt 2.901915 -0.363139
vt -1.002059 -0.340082
vt -0.928113 -0.351189
vt -0.852652 -0.367354
vt -0.862948 -0.398872
vt -0.989765 -0.310162
vt -0.918014 -0.321079
vt -0.845363 -0.333940
vt -0.774789 -0.345647
vt -0.777635 -0.383648
vt -0.909139 -0.288957
vt -0.839486 -0.299120
vt -0.771320 -0.308547
vt -0.706688 -0.315860
vt -0.708113 -0.353766
vt -0.834030 -0.264046
vt -0.767683 -0.271977
vt -0.703679 -0.278613
vt -0.640806 -0.284098
vt -0.643267 -0.321392
vt -0.764175 -0.235674
vt -0.700224 -0.241599
vt -0.637525 -0.246704
vt -0.575473 -0.251028
vt -0.578381 -0.288243
vt -0.697058 -0.204597
vt -0.634184 -0.209228
vt -0.572139 -0.213500
vt -0.510309 -0.217360
vt -0.513648 -0.254611
vt -0.631137 -0.172296
vt -0.568694 -0.176253
vt -0.506905 -0.180121
vt -0.445210 -0.183839
vt -0.448760 -0.220717
vt -0.566061 -0.144100
vt -0.504084 -0.147283
vt -0.442278 -0.150240
vt -0.380386 -0.153431
vt -0.383621 -0.187452
vt -0.502088 -0.121543
vt -0.440334 -0.124140
vt -0.378201 -0.126519
vt -0.315908 -0.128520
vt -0.318604 -0.156626
vt -0.318434 -1.017795
vt -0.367896 -1.018733
vt -0.371403 -0.982304
vt -0.321445 -0.981017
vt -0.271666 -0.979566
vt -0.269051 -1.016639
vt -0.222143 -0.977992
vt -0.220207 -1.015262
vt -0.325276 -0.945047
vt -0.274641 -0.943412
vt -0.224016 -0.941801
vt -0.173262 -0.940254
vt -0.172573 -0.976429
vt -0.278465 -0.907896
vt -0.226957 -0.906188
vt -0.175490 -0.904493
vt -0.124175 -0.902451
vt -0.122332 -0.938725
vt -0.231223 -0.870619
vt -0.179439 -0.868564
vt -0.128149 -0.866176
vt -0.077064 -0.862753
vt -0.073440 -0.899934
vt -0.184344 -0.832292
vt -0.132696 -0.829589
vt -0.081699 -0.826039
vt -0.030099 -0.822582
vt -0.027069 -0.859643
vt -0.136971 -0.792906
vt -0.085527 -0.789290
vt -0.032642 -0.786147
vt 0.021013 -0.784408
vt 0.022207 -0.820675
vt -0.088640 -0.752752
vt -0.034506 -0.750001
vt 0.020381 -0.748434
vt 0.075476 -0.747872
vt 0.074992 -0.783741
vt -0.036277 -0.714000
vt 0.019788 -0.712798
vt 0.076152 -0.712279
vt 3.695667 -0.524418
vt 3.750698 -0.527755
vt 3.741168 -0.563009
vt 3.687290 -0.559564
vt 0.019688 -0.677485
vt 0.077148 -0.677081
vt 3.703976 -0.489736
vt 3.760094 -0.492844
vt 3.816025 -0.496493
vt 3.805428 -0.531672
vt 3.712281 -0.455487
vt 3.769471 -0.458434
vt 3.826787 -0.461839
vt 3.883776 -0.466143
vt 3.871536 -0.501085
vt 3.778989 -0.424628
vt 3.837539 -0.427797
vt 3.896039 -0.431570
vt 3.953531 -0.436680
vt 3.939508 -0.471671
vt 3.847652 -0.394067
vt 3.907275 -0.397640
vt 3.966270 -0.401957
vt 4.023965 -0.406784
vt 4.009893 -0.442414
vt 3.917359 -0.363778
vt 3.977110 -0.367471
vt 4.036222 -0.371635
vt 4.094934 -0.375943
vt 4.081518 -0.411767
vt 3.986871 -0.333330
vt 4.046880 -0.336874
vt 4.106484 -0.340611
vt 4.166299 -0.344390
vt 4.153759 -0.380314
vt 4.056071 -0.302456
vt 4.116350 -0.305731
vt 4.176760 -0.309107
vt 4.237191 -0.312476
vt 4.226113 -0.348352
vt 4.124942 -0.271145
vt 4.185639 -0.274098
vt 4.246472 -0.277055
vt 4.307434 -0.280166
vt 4.297960 -0.316149
vt 4.193528 -0.239281
vt 4.254481 -0.241871
vt 4.315496 -0.244435
vt 4.376849 -0.247095
vt 4.368978 -0.283453
vt 4.261220 -0.206636
vt 4.322133 -0.208799
vt 4.383147 -0.210797
vt 4.444407 -0.212648
vt 4.438796 -0.249723
vt 4.327456 -0.172985
vt 4.388116 -0.174465
vt 4.448963 -0.175606
vt 4.510035 -0.176240
vt 4.506098 -0.214086
vt 4.392254 -0.137935
vt 4.452888 -0.138495
vt 4.513634 -0.138530
vt 4.574047 -0.137845
vt 4.570929 -0.176040
vt 4.456401 -0.101185
vt 4.516880 -0.100902
vt 4.577334 -0.099941
vt 4.637539 -0.098277
vt 4.634182 -0.136214
vt 4.520010 -0.063112
vt 4.580568 -0.062289
vt 4.640979 -0.060757
vt 4.701067 -0.058637
vt 4.697882 -0.095886
vt 4.583895 -0.025261
vt 4.644306 -0.023808
vt 4.704361 -0.021772
vt 4.764061 -0.019227
vt 4.761526 -0.055770
vt 4.648304 0.012496
vt 4.708347 0.014812
vt 4.767371 0.016972
vt 4.825845 0.019121
vt 4.823233 -0.016351
vt 4.713073 0.049331
vt 4.771949 0.051167
vt 4.829588 0.052326
vt 4.886242 0.053178
vt 4.883663 0.021127
vt -3.980082 -0.042845
vt -3.922134 -0.045835
vt -3.930009 -0.075520
vt -3.987522 -0.072968
vt -4.043561 -0.070872
vt -4.035593 -0.041088
vt -3.997134 -0.106403
vt -4.054109 -0.103969
vt 4.940283 0.022866
vt 4.939281 -0.011109
vt 4.881763 -0.013609
vt 4.941990 0.053694
vt 4.939525 -0.045532
vt 4.880991 -0.049046
vt 4.821629 -0.052485
vt 4.881528 -0.084379
vt 4.820642 -0.088584
vt 4.759156 -0.092519
vt 4.820361 -0.124700
vt 4.757211 -0.129403
vt 4.695063 -0.133358
vt 4.755718 -0.166603
vt 4.692346 -0.171217
vt 4.631326 -0.174416
vt 4.689934 -0.210062
vt 4.628898 -0.213605
vt 4.568059 -0.214657
vt 4.626299 -0.254323
vt 4.564694 -0.254190
vt 4.501428 -0.252237
vt 4.560042 -0.294760
vt 4.495013 -0.290719
vt 4.431381 -0.286939
vt 4.486104 -0.329181
vt 4.422006 -0.324418
vt 4.359396 -0.320128
vt 4.409713 -0.362345
vt 4.347535 -0.357237
vt 4.286431 -0.352634
vt 4.332828 -0.395207
vt 4.272468 -0.389830
vt 4.212951 -0.384906
vt 4.256240 -0.427642
vt 4.197577 -0.421999
vt 4.139334 -0.416761
vt 4.180771 -0.459224
vt 4.123485 -0.453422
vt 4.066547 -0.447879
vt 4.106767 -0.489903
vt 4.050732 -0.483878
vt 3.995027 -0.477878
vt 4.034657 -0.519717
vt 3.979961 -0.513412
vt 3.925627 -0.506893
vt 3.964877 -0.549034
vt 3.911733 -0.542547
vt 3.859370 -0.536618
vt 3.898245 -0.578596
vt 3.847332 -0.572594
vt 3.794876 -0.567241
vt 3.835227 -0.608804
vt 3.784029 -0.602958
vt 3.731605 -0.598477
vt 3.772403 -0.638882
vt 3.721700 -0.634374
vt 3.670397 -0.631045
vt 3.678890 -0.595029
vt 3.711118 -0.671202
vt 3.661787 -0.668199
vt 0.074486 -0.820143
vt 0.073761 -0.857684
vt 0.023284 -0.858126
vt 0.072585 -0.896388
vt 0.023733 -0.896686
vt -0.024711 -0.897799
vt 0.023126 -0.935938
vt -0.024417 -0.936485
vt -0.072568 -0.937463
vt -0.026412 -0.974936
vt -0.074324 -0.975053
vt -0.123110 -0.975325
vt -0.076710 -1.012452
vt -0.124297 -1.012747
vt -0.172053 -1.013792
vt -0.194042 -0.131459
vt -0.134944 -0.132543
vt -0.137796 -0.164147
vt -0.197209 -0.162271
vt -0.257113 -0.159706
vt -0.254171 -0.130103
vt -0.201199 -0.196875
vt -0.261656 -0.194072
vt -0.322343 -0.190754
vt -0.265881 -0.229419
vt -0.326424 -0.226715
vt -0.387414 -0.223804
vt -0.330106 -0.262509
vt -0.390993 -0.260127
vt -0.452162 -0.257533
vt -0.394171 -0.296294
vt -0.455155 -0.294109
vt -0.516495 -0.291480
vt -0.457771 -0.330647
vt -0.518921 -0.328359
vt -0.580662 -0.325360
vt -0.520814 -0.365595
vt -0.582282 -0.362935
vt -0.644522 -0.359148
vt -0.583135 -0.401660
vt -0.644546 -0.398368
vt -0.707237 -0.393290
vt -0.643079 -0.440752
vt -0.705917 -0.435621
vt -0.782551 -0.420734
vt -0.710336 -0.477935
vt -0.794220 -0.454420
vt -0.878000 -0.429115
vt -0.812398 -0.486648
vt -0.897725 -0.458603
vt -0.971840 -0.438418
vt -0.921706 -0.487225
vt -0.991220 -0.466306
vt -1.057523 -0.453782
vt -1.041806 -0.426328
vt -1.012841 -0.493756
vt -1.074005 -0.480608
vt 2.888734 -0.505920
vt 2.889424 -0.540278
vt -1.037276 -0.520741
vt -1.091719 -0.506914
vt 2.892861 -0.574238
vt -1.064383 -0.547083
vt -1.110105 -0.533729
vt 2.901777 -0.608322
vt -1.093927 -0.573752
vt -1.131094 -0.561225
vt 2.916084 -0.642831
vt 2.867470 -0.657780
vt 2.935331 -0.676809
vt 2.896628 -0.691713
vt 2.857903 -0.710915
vt 2.815186 -0.680262
vt 2.816491 -0.738246
vt 2.761389 -0.713875
vt 2.774159 -0.773398
vt 2.714263 -0.754498
vt 2.737993 -0.812687
vt 2.677061 -0.797245
vt 2.613426 -0.784441
vt 2.643845 -0.839254
vt 2.581157 -0.827732
vt 2.516123 -0.818395
vt 2.546282 -0.774040
vt 2.448999 -0.811133
vt 2.477127 -0.766323
vt 2.381641 -0.805098
vt 2.407796 -0.760181
vt 2.315382 -0.800139
vt 2.339781 -0.755019
vt 2.365072 -0.708678
vt 2.272819 -0.750755
vt 2.296203 -0.704724
vt 2.319398 -0.658289
vt 2.228301 -0.701449
vt 2.249486 -0.655629
vt 2.269478 -0.610332
vt 2.341461 -0.612308
vt 2.287505 -0.566147
vt 2.361434 -0.567647
vt 2.303070 -0.523417
vt 2.378506 -0.524713
vt 2.316540 -0.481690
vt 2.393153 -0.482898
vt 2.472144 -0.484946
vt 2.405497 -0.441812
vt 2.484956 -0.443825
vt 2.566143 -0.447144
vt 2.495499 -0.402738
vt 2.576043 -0.405577
vt 2.655426 -0.408570
vt 2.584469 -0.364012
vt 2.663085 -0.366259
vt 2.738259 -0.367075
vt 2.670105 -0.324314
vt 2.746173 -0.325474
vt 2.824001 -0.325672
vt 2.908097 -0.326075
vt 2.753408 -0.284653
vt 2.831611 -0.286085
vt 2.913922 -0.287854
vt -0.978204 -0.279193
vt 2.837425 -0.246298
vt 2.917668 -0.248348
vt -0.968668 -0.246941
vt -0.901714 -0.255493
vt -0.960605 -0.214334
vt -0.895245 -0.221811
vt -0.829282 -0.229046
vt -0.890293 -0.187598
vt -0.825392 -0.193747
vt -0.760871 -0.199443
vt -0.822300 -0.158680
vt -0.758051 -0.163534
vt -0.694258 -0.168077
vt -0.755986 -0.130190
vt -0.692110 -0.135519
vt -0.628770 -0.140296
vt -0.690745 -0.110047
vt -0.627195 -0.114527
vt -0.564292 -0.118386
vt -0.712536 -1.030973
vt -0.760646 -1.035658
vt -0.771034 -1.006530
vt -0.722343 -1.001340
vt -0.672272 -0.996866
vt -0.663515 -1.027392
vt -0.622139 -0.992508
vt -0.614417 -1.024771
vt -0.733247 -0.970321
vt -0.683643 -0.965785
vt -0.633235 -0.960762
vt -0.581686 -0.956409
vt -0.572232 -0.989234
vt -0.694108 -0.933203
vt -0.643735 -0.928712
vt -0.591689 -0.924217
vt -0.539162 -0.920230
vt -0.530139 -0.953163
vt -0.652697 -0.895317
vt -0.600811 -0.891209
vt -0.548004 -0.887148
vt -0.494886 -0.883417
vt -0.486566 -0.916939
vt -0.609409 -0.857431
vt -0.556675 -0.853457
vt -0.503388 -0.849596
vt -0.449736 -0.845987
vt -0.441691 -0.880091
vt -0.565756 -0.819132
vt -0.512197 -0.815258
vt -0.458158 -0.811517
vt -0.403956 -0.808026
vt -0.396018 -0.842721
vt -0.521584 -0.780416
vt -0.466978 -0.776582
vt -0.412211 -0.772955
vt -0.357382 -0.769545
vt -0.349764 -0.804782
vt -0.476321 -0.741295
vt -0.420748 -0.737576
vt -0.365162 -0.734085
vt -0.309741 -0.730747
vt -0.302660 -0.766310
vt -0.429360 -0.702021
vt -0.372963 -0.698471
vt -0.316854 -0.695041
vt -0.261054 -0.691604
vt -0.254624 -0.727379
vt -0.380444 -0.662684
vt -0.323570 -0.659236
vt -0.267001 -0.655767
vt -0.210711 -0.652101
vt -0.205547 -0.687903
vt -0.329593 -0.623298
vt -0.272311 -0.619906
vt -0.215221 -0.616331
vt -0.157940 -0.612955
vt -0.154571 -0.648398
vt -0.276566 -0.583906
vt -0.218487 -0.580613
vt -0.159704 -0.577868
vt -0.099629 -0.576094
vt -0.099261 -0.610500
vt -0.219869 -0.545230
vt -0.159689 -0.543157
vt -0.098927 -0.541893
vt -0.037562 -0.540955
vt -0.038738 -0.574982
vt -0.158959 -0.508623
vt -0.097744 -0.507565
vt -0.036014 -0.506923
vt 0.025973 -0.506475
vt 0.023995 -0.540378
vt -0.096341 -0.473423
vt -0.034327 -0.472931
vt 0.027917 -0.472545
vt 0.076280 -0.472311
vt 0.074674 -0.506272
vt -0.032645 -0.438905
vt 0.029726 -0.438539
vt 0.078398 -0.438249
vt 3.746080 -0.255465
vt 3.820569 -0.258325
vt 3.812959 -0.291590
vt 3.738417 -0.288764
vt 0.031325 -0.404495
vt 0.075945 -0.404146
vt 3.749610 -0.221909
vt 3.828021 -0.224992
vt 3.888966 -0.227315
vt 3.881489 -0.260702
vt 3.757337 -0.188471
vt 3.835388 -0.191593
vt 3.896229 -0.193882
vt 3.957083 -0.196076
vt 3.949950 -0.229650
vt 3.842639 -0.158130
vt 3.903218 -0.160335
vt 3.963679 -0.162315
vt 4.024135 -0.164161
vt 4.017731 -0.198148
vt 3.909701 -0.126491
vt 3.969755 -0.128301
vt 4.029866 -0.129923
vt 4.090117 -0.131430
vt 4.084705 -0.165971
vt 3.975477 -0.093937
vt 4.035136 -0.095267
vt 4.094977 -0.096509
vt 4.155072 -0.097640
vt 4.150578 -0.132895
vt 4.039999 -0.060131
vt 4.099422 -0.061072
vt 4.159080 -0.061963
vt 4.218817 -0.062675
vt 4.215210 -0.098701
vt 4.103467 -0.025552
vt 4.162727 -0.026276
vt 4.222225 -0.026758
vt 4.281827 -0.027013
vt 4.278705 -0.063115
vt 4.166120 0.006974
vt 4.225277 0.006013
vt 4.284626 0.005178
vt 4.344346 0.005062
vt 4.341774 -0.026781
vt 4.227894 0.033511
vt 4.287126 0.033008
vt 4.346585 0.032841
vt 4.407360 0.034044
vt 4.404884 0.006016
vt 4.529703 0.039603
vt 4.591228 0.043286
vt 4.587578 0.010102
vt 4.526605 0.008518
vt 4.465626 0.007333
vt 4.468482 0.036585
vt 4.523235 -0.025848
vt 4.462653 -0.025957
vt 4.402173 -0.026279
vt 4.459607 -0.063383
vt 4.399298 -0.063349
vt 4.338886 -0.063299
vt 4.396010 -0.100949
vt 4.335667 -0.100358
vt 4.275419 -0.099625
vt 4.331887 -0.136913
vt 4.271551 -0.135700
vt 4.211083 -0.134329
vt 4.266935 -0.171315
vt 4.206186 -0.169550
vt 4.145443 -0.167747
vt 4.200376 -0.204487
vt 4.139513 -0.202328
vt 4.078567 -0.200194
vt 4.132676 -0.236718
vt 4.071731 -0.234247
vt 4.010827 -0.231935
vt 4.064208 -0.268285
vt 4.003360 -0.265652
vt 3.942438 -0.263160
vt 3.995504 -0.299430
vt 3.934751 -0.296620
vt 3.873813 -0.294026
vt 3.926450 -0.330140
vt 3.865762 -0.327295
vt 3.805099 -0.324760
vt 3.857074 -0.360628
vt 3.796879 -0.357928
vt 3.725451 -0.355107
vt 3.731507 -0.321953
vt 3.788154 -0.391222
vt 3.725695 -0.388528
vt 0.073913 -0.540156
vt 0.079755 -0.574007
vt 0.022190 -0.574308
vt 0.080609 -0.607947
vt 0.020776 -0.608319
vt -0.039281 -0.609095
vt 0.020005 -0.642614
vt -0.038820 -0.643456
vt -0.097470 -0.645324
vt -0.037726 -0.678438
vt -0.094673 -0.680560
vt -0.150222 -0.683986
vt -0.091645 -0.716434
vt -0.145661 -0.719924
vt -0.199850 -0.723754
vt -0.141216 -0.756277
vt -0.194265 -0.759811
vt -0.248222 -0.763126
vt -0.189183 -0.796026
vt -0.242206 -0.798875
vt -0.295780 -0.801750
vt -0.236507 -0.834748
vt -0.289139 -0.837191
vt -0.342425 -0.839795
vt -0.283287 -0.872549
vt -0.335721 -0.874674
vt -0.388577 -0.877186
vt -0.329970 -0.909660
vt -0.381833 -0.911686
vt -0.434122 -0.914116
vt -0.376072 -0.946651
vt -0.427211 -0.948473
vt -0.478635 -0.950622
vt -0.421515 -0.983597
vt -0.471762 -0.985140
vt -0.522029 -0.986938
vt -0.466889 -1.020532
vt -0.516297 -1.021599
vt -0.565497 -1.022938
vt -0.417386 -1.019600
vt 0.078590 -0.642236
vt 3.720636 -0.421870
vt 4.652678 0.046594
vt -3.803110 -0.054565
vt -3.744056 -0.058964
vt -3.752554 -0.085367
vt -3.811838 -0.082419
vt -3.871085 -0.078782
vt -3.862734 -0.050124
vt -3.821375 -0.112499
vt -3.880599 -0.110679
vt -3.939376 -0.108660
vt -3.890779 -0.144345
vt -3.949329 -0.142549
vt -4.007636 -0.140400
vt -3.959403 -0.176764
vt -4.017982 -0.174389
vt -4.076880 -0.171594
vt -4.065545 -0.137686
vt -4.027936 -0.208307
vt -4.087655 -0.205437
vt 4.941319 -0.080006
vt 4.944680 -0.114326
vt 4.883297 -0.119572
vt 4.949677 -0.148251
vt 4.886590 -0.154410
vt 4.821130 -0.160749
vt 4.891771 -0.188768
vt 4.823452 -0.196504
vt 4.755308 -0.203889
vt 4.827775 -0.231948
vt 4.756106 -0.241790
vt 4.688541 -0.249819
vt 4.759934 -0.279873
vt 4.688557 -0.291421
vt 4.625758 -0.296698
vt 4.691136 -0.336324
vt 4.622673 -0.341062
vt 4.552685 -0.335083
vt 4.539864 -0.375932
vt 4.473441 -0.368261
vt 4.521089 -0.417554
vt 4.456402 -0.408382
vt 4.394015 -0.401228
vt 4.436491 -0.448753
vt 4.375594 -0.440726
vt 4.315561 -0.433791
vt 4.355629 -0.479855
vt 4.296835 -0.472258
vt 4.238552 -0.465435
vt 4.277395 -0.510145
vt 4.220129 -0.502878
vt 4.163241 -0.496177
vt 4.201582 -0.539603
vt 4.145492 -0.532619
vt 4.089807 -0.526046
vt 4.127962 -0.568466
vt 4.073042 -0.561815
vt 4.018701 -0.555429
vt 4.056651 -0.597209
vt 4.003023 -0.590966
vt 3.950103 -0.584784
vt 3.987917 -0.626364
vt 3.935980 -0.620667
vt 3.885014 -0.614924
vt 3.922061 -0.656546
vt 3.871688 -0.651127
vt 3.822349 -0.644985
vt 3.858023 -0.687157
vt 3.808611 -0.681067
vt 3.760253 -0.675433
vt 3.795727 -0.717590
vt 3.748416 -0.712917
vt 3.701159 -0.709305
vt 3.738416 -0.751081
vt 3.691948 -0.748088
vt 3.644982 -0.745613
vt 3.653184 -0.706485
vt 3.684075 -0.786640
vt 3.637450 -0.784538
vt 0.070983 -0.935961
vt 0.068622 -0.975297
vt 0.021071 -0.974914
vt 0.065828 -1.013448
vt 0.018368 -1.012900
vt -0.029108 -1.012600
vt -0.017984 -0.134210
vt 0.040426 -0.135015
vt 0.039402 -0.165395
vt -0.019724 -0.165569
vt -0.078720 -0.165221
vt -0.076420 -0.133394
vt -0.021513 -0.199728
vt -0.081236 -0.199497
vt -0.141048 -0.198578
vt -0.083718 -0.233982
vt -0.144313 -0.233236
vt -0.205035 -0.231739
vt -0.147177 -0.267755
vt -0.208270 -0.266513
vt -0.269308 -0.264682
vt -0.210890 -0.301201
vt -0.272181 -0.299804
vt -0.333228 -0.298177
vt -0.274679 -0.334941
vt -0.335883 -0.333805
vt -0.396920 -0.332397
vt -0.338000 -0.369491
vt -0.399096 -0.368652
vt -0.459879 -0.367416
vt -0.400579 -0.405159
vt -0.461281 -0.404686
vt -0.522066 -0.403648
vt -0.461718 -0.442647
vt -0.522429 -0.442812
vt -0.583246 -0.442263
vt -0.521969 -0.483146
vt -0.582761 -0.485095
vt -0.641647 -0.485641
vt -0.581881 -0.528733
vt -0.520424 -0.523595
vt -0.517051 -0.562034
vt -0.578989 -0.568357
vt -0.511609 -0.598296
vt -0.572874 -0.602787
vt -0.504188 -0.634232
vt -0.563913 -0.638515
vt -0.624733 -0.643273
vt -0.553457 -0.674340
vt -0.611686 -0.679095
vt -0.668759 -0.684570
vt -0.682451 -0.648456
vt -0.724734 -0.691026
vt -0.738631 -0.654714
vt -0.780642 -0.698867
vt -0.796397 -0.663530
vt -0.821928 -0.629365
vt -0.855145 -0.674581
vt -0.882950 -0.644216
vt -0.928483 -0.614859
vt -0.869971 -0.597115
vt -0.976658 -0.587479
vt -0.930588 -0.565211
vt -0.883211 -0.543117
vt -0.985747 -0.539726
vt -0.951955 -0.513896
vt -0.839142 -0.519696
vt -1.021094 -0.565120
vt -1.022783 -0.609504
vt -1.057835 -0.590118
vt -1.068992 -0.631648
vt -1.096787 -0.614875
vt -1.126370 -0.600106
vt -1.137561 -0.638943
vt -1.161978 -0.625251
vt -1.186764 -0.613287
vt -1.156541 -0.588154
vt -1.201232 -0.648249
vt -1.221169 -0.635857
vt 2.960841 -0.708629
vt 2.993060 -0.736876
vt 2.969828 -0.751756
vt 2.930386 -0.723310
vt 2.946126 -0.768314
vt 2.900699 -0.740319
vt 2.921030 -0.787579
vt 2.868598 -0.762818
vt 2.892656 -0.814040
vt 2.833346 -0.793664
vt 2.859787 -0.847954
vt 2.799024 -0.830128
vt 2.825671 -0.884528
vt 2.765434 -0.868147
vt 2.704725 -0.852727
vt 2.732121 -0.906717
vt 2.672326 -0.893092
vt 2.612035 -0.880930
vt 2.640194 -0.933069
vt 2.580334 -0.921674
vt 2.519838 -0.911487
vt 2.550653 -0.870112
vt 2.457845 -0.902854
vt 2.487388 -0.861121
vt 2.394883 -0.896549
vt 2.421796 -0.854106
vt 2.332179 -0.892267
vt 2.356257 -0.848771
vt 2.269698 -0.888668
vt 2.291940 -0.844484
vt 2.207168 -0.885059
vt 2.228131 -0.840679
vt 2.250039 -0.796007
vt 2.164600 -0.837159
vt 2.185285 -0.792385
vt 2.206626 -0.747156
vt 2.120957 -0.789145
vt 2.141002 -0.744038
vt 2.161161 -0.698703
vt 2.075865 -0.741264
vt 2.094693 -0.696252
vt 2.112718 -0.651444
vt 2.180699 -0.653381
vt 2.129341 -0.607212
vt 2.198934 -0.608638
vt 2.144169 -0.564054
vt 2.215226 -0.565027
vt 2.156978 -0.521981
vt 2.229304 -0.522513
vt 2.168435 -0.480694
vt 2.241829 -0.481003
vt 2.178398 -0.440106
vt 2.252783 -0.440046
vt 2.328187 -0.440583
vt 2.261620 -0.399515
vt 2.337951 -0.399781
vt 2.415829 -0.400912
vt 2.345907 -0.359245
vt 2.424544 -0.360075
vt 2.504301 -0.361785
vt 2.431948 -0.319443
vt 2.511866 -0.320925
vt 2.591622 -0.322698
vt 2.518240 -0.279956
vt 2.597682 -0.281519
vt 2.675963 -0.283148
vt 2.602684 -0.240307
vt 2.681130 -0.242269
vt 2.759131 -0.244298
vt 2.685570 -0.201450
vt 2.763807 -0.203952
vt 2.841967 -0.206368
vt 2.920623 -0.208624
vt 2.767418 -0.163558
vt 2.845120 -0.166214
vt 2.922500 -0.168553
vt -0.954666 -0.181202
vt 2.847778 -0.126302
vt 2.924252 -0.128838
vt -0.950409 -0.148192
vt -0.886588 -0.153541
vt -0.948084 -0.115891
vt -0.884415 -0.120251
vt -0.820204 -0.125034
vt -0.883433 -0.094830
vt -0.819282 -0.099555
vt -0.754906 -0.104849
vt -0.854622 -1.049709
vt -0.899748 -1.058779
vt -0.912022 -1.031881
vt -0.866195 -1.021790
vt -0.819082 -1.013292
vt -0.808127 -1.041866
vt -0.880252 -0.990764
vt -0.831748 -0.982423
vt -0.782588 -0.975480
vt -0.844885 -0.950789
vt -0.794044 -0.943461
vt -0.743491 -0.937731
vt -0.806105 -0.911675
vt -0.753690 -0.904861
vt -0.703054 -0.899607
vt -0.765512 -0.872814
vt -0.712963 -0.866112
vt -0.661384 -0.861317
vt -0.725056 -0.833577
vt -0.671500 -0.827481
vt -0.618798 -0.823106
vt -0.684082 -0.794157
vt -0.629744 -0.788770
vt -0.575800 -0.784445
vt -0.642149 -0.754719
vt -0.587039 -0.749680
vt -0.531763 -0.745300
vt -0.599103 -0.714635
vt -0.542605 -0.709951
vt -0.485945 -0.705806
vt -0.495413 -0.670114
vt -0.437729 -0.666275
vt -0.445350 -0.630342
vt -0.387211 -0.626729
vt -0.451840 -0.594196
vt -0.392959 -0.590527
vt -0.334587 -0.587173
vt -0.397271 -0.553991
vt -0.338164 -0.550825
vt -0.279228 -0.547933
vt -0.340195 -0.514422
vt -0.280348 -0.512121
vt -0.219973 -0.510149
vt -0.280291 -0.476393
vt -0.219332 -0.475125
vt -0.158031 -0.474146
vt -0.218237 -0.440156
vt -0.156734 -0.439659
vt -0.094809 -0.439250
vt -0.155292 -0.405230
vt -0.093258 -0.405096
vt -0.031044 -0.404863
vt -0.091678 -0.370957
vt -0.029523 -0.370822
vt 0.032743 -0.370437
vt 0.077404 -0.370010
vt -0.028063 -0.336771
vt 0.033983 -0.336391
vt 0.075591 -0.335937
vt 3.762171 -0.154868
vt 0.035072 -0.302245
vt 0.076872 -0.301736
vt 3.770193 -0.121266
vt 3.849532 -0.124434
vt 3.775394 -0.087495
vt 3.856176 -0.090466
vt 3.915806 -0.092351
vt 3.862511 -0.056288
vt 3.921533 -0.057814
vt 3.980701 -0.059100
vt 3.926929 -0.023026
vt 3.985519 -0.023831
vt 4.044322 -0.024705
vt 3.989527 0.009820
vt 4.047919 0.008944
vt 4.106882 0.007926
vt 4.050490 0.035913
vt 4.109463 0.035043
vt 4.168809 0.034137
vt 3.957853 -0.843101
vt 3.910244 -0.838981
vt 3.921905 -0.802612
vt 3.970288 -0.807013
vt 4.018994 -0.811379
vt 4.006114 -0.847089
vt 4.067947 -0.815686
vt 4.054543 -0.850949
vt 3.982730 -0.771677
vt 4.032329 -0.776323
vt 4.082141 -0.781021
vt 4.132302 -0.786025
vt 4.117086 -0.820107
vt 4.046345 -0.741679
vt 4.097248 -0.746874
vt 4.148583 -0.752584
vt 4.200131 -0.758811
vt 4.182714 -0.791463
vt 4.113328 -0.713118
vt 4.165672 -0.719430
vt 4.218230 -0.726335
vt 4.270870 -0.733895
vt 4.251809 -0.765645
vt 4.183390 -0.686211
vt 4.236818 -0.693656
vt 4.290306 -0.701778
vt 4.343704 -0.710615
vt 4.323440 -0.742194
vt 4.255793 -0.660456
vt 4.310118 -0.669016
vt 4.364282 -0.678290
vt 4.330297 -0.635356
vt 4.385295 -0.644938
vt 4.439862 -0.655232
vt 4.417990 -0.688298
vt 4.493590 -0.666149
vt 4.470885 -0.698982
vt 4.406861 -0.610274
vt 4.462523 -0.620790
vt 4.517276 -0.631982
vt 4.570437 -0.643604
vt 4.545968 -0.677604
vt 4.486454 -0.585002
vt 4.542680 -0.596407
vt 4.596889 -0.608243
vt 4.648668 -0.620394
vt 4.621709 -0.655537
vt 4.570405 -0.559587
vt 4.626111 -0.571772
vt 4.677886 -0.584142
vt 4.726993 -0.596969
vt 4.698224 -0.633057
vt 4.659190 -0.534197
vt 4.709431 -0.546218
vt 4.757557 -0.559681
vt 4.805799 -0.577167
vt 4.774161 -0.610670
vt 4.746411 -0.509582
vt 4.794741 -0.529622
vt 4.839822 -0.552326
vt 4.882811 -0.577794
vt 4.853799 -0.598290
vt 4.833454 -0.506182
vt 4.873539 -0.533600
vt 4.911488 -0.562293
vt 4.948384 -0.590500
vt 4.922968 -0.604119
vt 4.908055 -0.517729
vt 4.940517 -0.548656
vt 4.973570 -0.578064
vt 5.006504 -0.605490
vt 4.984252 -0.617102
vt 4.969872 -0.536681
vt 4.998689 -0.566855
vt 5.028530 -0.594880
vt 5.058377 -0.620820
vt 5.038779 -0.630921
vt 5.023810 -0.556870
vt 5.050713 -0.585082
vt 5.078509 -0.611408
vt -1.388347 -0.718683
vt -1.339433 -0.702925
vt -1.326049 -0.716970
vt -1.375279 -0.732812
vt 5.072970 -0.575896
vt 5.099193 -0.602513
vt -1.401550 -0.704455
vt -1.352531 -0.689017
vt -1.305485 -0.672988
vt -1.291016 -0.686489
vt 3.130182 -0.799374
vt 3.183765 -0.815387
vt 3.170599 -0.832517
vt 3.116094 -0.816008
vt 3.063677 -0.797570
vt 3.079512 -0.781623
vt 3.101152 -0.833491
vt 3.046873 -0.814383
vt 2.994559 -0.793015
vt 3.014569 -0.776126
vt 3.033494 -0.760806
vt -1.261284 -0.655535
vt -1.244713 -0.668526
vt -1.181325 -0.661641
vt -1.227783 -0.682056
vt -1.276351 -0.700338
vt -1.211132 -0.696065
vt -1.261886 -0.714370
vt -1.312576 -0.731081
vt -1.246887 -0.728941
vt -1.298888 -0.745741
vt -1.349674 -0.761633
vt -1.362425 -0.747038
vt -1.284965 -0.761329
vt -1.336694 -0.777234
vt 5.019386 -0.641871
vt 4.999362 -0.654005
vt 4.961668 -0.629808
vt 4.978719 -0.667939
vt 4.938982 -0.644560
vt 4.897527 -0.620713
vt 4.912426 -0.666987
vt 4.867960 -0.646641
vt 4.821833 -0.627667
vt 4.838970 -0.677771
vt 4.792354 -0.661159
vt 4.745950 -0.646520
vt 4.766171 -0.694160
vt 4.719011 -0.680565
vt 4.671071 -0.667795
vt 4.694412 -0.713637
vt 4.646249 -0.701539
vt 4.596874 -0.689456
vt 4.622681 -0.733869
vt 4.573254 -0.721802
vt 4.522699 -0.710145
vt 4.549995 -0.752674
vt 4.499845 -0.741330
vt 4.448723 -0.730464
vt 4.477219 -0.771526
vt 4.426955 -0.761118
vt 4.375604 -0.751285
vt 4.396605 -0.720200
vt 4.405524 -0.791059
vt 4.354932 -0.781689
vt 4.303455 -0.773228
vt 4.334283 -0.811501
vt 4.283858 -0.803938
vt 4.233268 -0.797384
vt 4.265061 -0.835242
vt 4.215802 -0.829770
vt 4.166405 -0.824769
vt 4.200117 -0.863018
vt 4.151635 -0.858837
vt 4.103026 -0.854823
vt -3.626334 -0.065450
vt -3.567999 -0.067629
vt -3.576277 -0.092194
vt -3.634696 -0.090250
vt -3.693475 -0.087938
vt -3.684911 -0.061813
vt -3.644170 -0.117563
vt -3.702869 -0.115766
vt -3.761931 -0.114223
vt -3.713972 -0.148122
vt -3.772855 -0.146947
vt -3.831933 -0.145799
vt -3.784699 -0.182255
vt -3.842996 -0.180684
vt -3.901191 -0.178853
vt -3.853977 -0.215390
vt -3.911593 -0.213321
vt -3.969394 -0.210973
vt -3.921954 -0.247781
vt -3.979168 -0.245195
vt -4.037299 -0.242185
vt -3.988918 -0.279648
vt -4.046313 -0.276014
vt -4.106934 -0.272115
vt -4.097648 -0.238968
vt -4.055733 -0.310509
vt -4.116208 -0.305214
vt 4.956553 -0.181616
vt 4.965665 -0.214665
vt 4.898753 -0.222569
vt 4.975992 -0.247936
vt 4.906873 -0.256201
vt 4.833916 -0.267091
vt 4.915742 -0.289260
vt 4.841416 -0.301594
vt 4.765431 -0.318600
vt 4.850808 -0.335977
vt 4.924480 -0.322201
vt 4.932806 -0.355367
vt 4.863378 -0.370483
vt 4.941975 -0.390408
vt 4.879097 -0.404314
vt 4.951464 -0.425168
vt 4.898023 -0.437657
vt 4.844830 -0.456256
vt 4.876210 -0.486345
vt 4.791084 -0.481189
vt 4.919394 -0.471127
vt 4.943220 -0.504526
vt 4.963370 -0.459995
vt 4.978830 -0.494056
vt 4.999024 -0.526622
vt 5.008315 -0.453002
vt 5.014394 -0.486371
vt 5.028012 -0.518062
vt 5.048610 -0.547893
vt -4.380064 -0.555786
vt -4.333323 -0.536575
vt -4.312570 -0.553814
vt -4.364123 -0.571521
vt -4.415635 -0.588127
vt -4.428742 -0.573217
vt -4.466690 -0.603477
vt -4.477829 -0.589107
vt -4.349199 -0.588319
vt -4.402851 -0.603838
vt -4.455780 -0.618616
vt -4.390901 -0.621147
vt -4.444845 -0.635003
vt -4.497899 -0.647945
vt -4.507610 -0.632077
vt -4.517231 -0.617428
vt 3.156659 -0.850549
vt 3.141736 -0.870001
vt 3.084938 -0.852204
vt 3.123768 -0.891029
vt 3.066436 -0.872859
vt 3.008628 -0.854108
vt 3.028756 -0.832827
vt 2.950622 -0.834476
vt 2.973807 -0.811657
vt 2.978415 -0.884405
vt 2.919870 -0.866014
vt 2.942892 -0.918997
vt 2.884859 -0.901560
vt 2.906489 -0.954094
vt 2.849356 -0.937647
vt 2.791373 -0.921778
vt 2.814235 -0.974416
vt 2.757274 -0.959604
vt 2.699237 -0.945689
vt 2.724105 -0.997428
vt 2.667054 -0.984164
vt 2.608785 -0.972332
vt 2.636596 -1.022753
vt 2.579567 -1.011540
vt 2.521428 -1.001524
vt 2.549569 -0.961527
vt 2.463863 -0.993781
vt 2.489945 -0.951958
vt 2.407082 -0.988318
vt 2.430323 -0.944822
vt 2.349068 -0.984121
vt 2.370212 -0.940141
vt 2.289456 -0.980095
vt 2.309856 -0.936389
vt 2.229054 -0.976021
vt 2.248778 -0.932662
vt 2.168228 -0.972229
vt 2.187315 -0.928960
vt 2.107327 -0.968854
vt 2.125673 -0.925468
vt 2.144698 -0.881577
vt 2.064086 -0.922298
vt 2.082358 -0.878318
vt 2.101326 -0.833885
vt 2.020197 -0.875285
vt 2.038265 -0.830860
vt 2.056933 -0.786169
vt 1.975510 -0.827997
vt 1.993295 -0.783368
vt 2.011192 -0.738659
vt 1.930087 -0.780574
vt 1.946910 -0.736093
vt 1.963161 -0.691836
vt 2.028723 -0.694010
vt 1.978392 -0.647984
vt 2.045349 -0.649678
vt 1.991938 -0.604814
vt 2.060475 -0.605970
vt 2.003531 -0.562738
vt 2.073740 -0.563318
vt 2.013480 -0.521595
vt 2.085226 -0.521673
vt 2.022317 -0.481111
vt 2.095236 -0.480787
vt 2.030298 -0.441141
vt 2.104085 -0.440496
vt 2.037472 -0.401472
vt 2.111733 -0.400704
vt 2.186412 -0.400046
vt 2.118253 -0.360800
vt 2.192892 -0.359957
vt 2.268585 -0.359280
vt 2.198968 -0.319554
vt 2.275043 -0.318882
vt 2.352837 -0.318776
vt 2.280678 -0.278082
vt 2.358949 -0.277932
vt 2.438427 -0.278582
vt 2.364239 -0.236487
vt 2.443868 -0.237186
vt 2.523527 -0.238549
vt 2.448058 -0.194827
vt 2.527605 -0.196594
vt 2.606907 -0.198920
vt 2.530742 -0.155197
vt 2.610414 -0.157782
vt 2.689247 -0.160681
vt 2.613161 -0.118411
vt 2.692333 -0.120663
vt 2.770487 -0.123488
vt 2.694487 -0.085426
vt 2.772667 -0.086374
vt 2.849730 -0.088103
vt 2.925686 -0.090184
vt 2.774239 -0.057996
vt 2.851167 -0.058781
vt 2.926944 -0.060474
vt -0.947112 -0.090968
vt -0.989159 -1.077431
vt -1.001450 -1.054107
vt -0.956927 -1.042892
vt -0.944443 -1.068228
vt -1.019517 -1.022769
vt -0.973968 -1.011459
vt -0.927655 -1.000634
vt -0.992641 -0.980273
vt -0.944874 -0.969483
vt -0.895404 -0.959546
vt -0.963051 -0.939035
vt -0.911677 -0.929016
vt -0.858948 -0.919919
vt -0.928336 -0.899049
vt -0.873796 -0.889669
vt -0.819504 -0.880876
vt -0.887949 -0.859722
vt -0.833505 -0.850334
vt -0.778988 -0.841596
vt -0.847422 -0.818393
vt -0.793155 -0.809670
vt -0.738970 -0.801350
vt -0.807339 -0.776240
vt -0.752711 -0.768053
vt -0.697449 -0.760788
vt -0.766324 -0.733786
vt -0.710799 -0.726343
vt -0.655178 -0.720038
vt -0.821707 -0.742161
vt -0.837315 -0.708159
vt -0.877258 -0.751311
vt -0.894600 -0.718823
vt -0.915473 -0.687787
vt -0.952467 -0.731126
vt -0.975026 -0.703051
vt -1.004216 -0.676915
vt -0.944316 -0.660583
vt -1.038182 -0.652166
vt -0.984549 -0.633339
vt -1.063437 -0.693231
vt -1.090200 -0.671625
vt -1.114220 -0.654222
vt -1.141820 -0.691628
vt -1.161791 -0.676097
vt -1.193970 -0.710962
vt -1.120235 -0.709979
vt -1.176403 -0.727437
vt -1.231415 -0.744588
vt -1.157054 -0.746825
vt -1.214628 -0.762284
vt -1.269858 -0.778280
vt -1.191957 -0.785569
vt -1.248318 -0.800228
vt -1.301633 -0.815419
vt -1.322546 -0.794078
vt -1.220840 -0.827094
vt -1.273437 -0.841791
vt 4.955042 -0.688184
vt 4.929104 -0.715679
vt 4.884768 -0.696267
vt 4.904721 -0.743646
vt 4.859600 -0.725841
vt 4.813323 -0.709141
vt 4.835200 -0.754962
vt 4.789050 -0.739706
vt 4.741895 -0.726138
vt 4.764988 -0.770274
vt 4.718582 -0.757646
vt 4.671240 -0.745792
vt 4.694358 -0.788501
vt 4.647543 -0.776643
vt 4.599239 -0.764486
vt 4.622735 -0.805989
vt 4.575252 -0.793962
vt 4.526703 -0.782472
vt 4.550893 -0.822846
vt 4.503219 -0.811635
vt 4.454741 -0.801054
vt 4.480059 -0.840065
vt 4.432191 -0.829940
vt 4.383892 -0.820372
vt 4.410426 -0.857901
vt 4.362204 -0.849092
vt 4.313934 -0.841436
vt 4.343761 -0.878187
vt 4.296355 -0.872425
vt 4.248407 -0.867471
vt -3.451918 -0.072173
vt -3.393446 -0.074671
vt -3.401258 -0.097388
vt -3.459727 -0.095555
vt -3.518105 -0.093874
vt -3.510161 -0.069843
vt -3.468909 -0.122483
vt -3.527341 -0.120970
vt -3.585677 -0.119466
vt -3.538587 -0.153049
vt -3.596836 -0.151160
vt -3.655321 -0.149473
vt -3.609494 -0.186264
vt -3.667843 -0.184838
vt -3.726245 -0.183562
vt -3.680149 -0.219828
vt -3.738230 -0.218548
vt -3.796146 -0.217140
vt -3.749576 -0.252925
vt -3.807325 -0.251557
vt -3.864790 -0.249883
vt -3.818348 -0.285763
vt -3.875729 -0.284350
vt -3.932569 -0.282341
vt -3.886776 -0.318997
vt -3.943774 -0.317429
vt -3.999287 -0.314860
vt -3.955884 -0.353350
vt -4.011336 -0.351079
vt -4.066381 -0.345819
vt -4.025961 -0.389315
vt -4.079777 -0.382601
vt -4.140440 -0.371384
vt -4.126756 -0.338440
vt -4.097697 -0.420367
vt -4.158484 -0.403925
vt 4.986185 -0.281392
vt 4.995697 -0.315279
vt -4.181394 -0.436011
vt 5.004217 -0.349888
vt -4.208141 -0.466477
vt 5.012117 -0.384152
vt -4.246897 -0.491258
vt 5.008459 -0.418395
vt -4.260504 -0.534850
vt -4.288950 -0.515038
vt -4.237412 -0.558197
vt -4.294443 -0.572806
vt -4.220881 -0.586227
vt -4.279122 -0.596183
vt -4.335913 -0.608158
vt -4.268752 -0.627776
vt -4.324811 -0.635506
vt -4.380560 -0.644750
vt -4.318863 -0.669420
vt -4.372944 -0.676714
vt -4.427891 -0.685350
vt -4.435274 -0.655054
vt -4.481635 -0.694273
vt -4.489344 -0.665920
vt -4.422826 -0.718216
vt -4.476340 -0.726331
vt 3.092043 -0.921536
vt 3.055030 -0.954798
vt 2.999640 -0.936783
vt 3.035853 -0.902985
vt 3.017245 -0.988398
vt 2.962432 -0.971027
vt 2.979396 -1.022665
vt 2.925187 -1.006046
vt 2.870148 -0.989956
vt 2.889154 -1.041941
vt 2.834839 -1.026586
vt 2.779942 -1.011806
vt 2.801844 -1.063443
vt 2.747616 -1.049161
vt 2.692580 -1.035390
vt 2.717751 -1.086788
vt 2.663765 -1.073550
vt 2.608939 -1.061784
vt 2.637016 -1.112441
vt 2.583692 -1.101339
vt 2.529507 -1.092301
vt 2.553063 -1.051409
vt 2.475017 -1.085335
vt 2.497043 -1.043125
vt 2.420405 -1.079991
vt 2.441590 -1.037074
vt 2.365180 -1.074713
vt 2.386348 -1.032201
vt 2.307718 -1.069029
vt 2.328852 -1.027388
vt 2.249315 -1.064441
vt 2.269644 -1.022719
vt 2.190560 -1.060879
vt 2.209727 -1.018593
vt 2.131883 -1.058022
vt 2.149719 -1.015052
vt 2.073290 -1.055598
vt 2.089812 -1.012022
vt 2.015004 -1.053529
vt 2.030074 -1.009451
vt 2.046521 -0.965921
vt 1.970749 -1.007395
vt 1.986012 -0.963416
vt 2.002714 -0.919445
vt 1.926066 -0.961351
vt 1.941798 -0.916895
vt 1.958349 -0.872475
vt 1.881587 -0.914514
vt 1.897114 -0.869787
vt 1.913300 -0.825154
vt 1.836529 -0.867007
vt 1.851633 -0.822108
vt 1.867326 -0.777580
vt 1.790898 -0.818826
vt 1.804998 -0.774375
vt 1.819200 -0.730616
vt 1.882927 -0.733376
vt 1.832703 -0.687356
vt 1.897861 -0.689540
vt 1.844355 -0.644732
vt 1.911719 -0.646145
vt 1.854201 -0.603226
vt 1.923458 -0.603832
vt 1.862311 -0.562532
vt 1.933166 -0.562368
vt 1.869715 -0.522376
vt 1.941641 -0.521795
vt 1.876861 -0.482594
vt 1.949511 -0.481662
vt 1.883603 -0.443097
vt 1.956822 -0.441995
vt 1.890006 -0.403724
vt 1.963556 -0.402513
vt 1.895905 -0.364385
vt 1.969602 -0.363022
vt 2.043780 -0.361808
vt 1.974963 -0.323376
vt 2.049314 -0.321896
vt 2.123892 -0.320601
vt 2.053988 -0.281738
vt 2.128674 -0.280085
vt 2.204052 -0.278831
vt 2.132461 -0.239188
vt 2.208256 -0.237613
vt 2.285490 -0.236687
vt 2.211483 -0.195770
vt 2.289344 -0.194530
vt 2.368419 -0.194178
vt 2.292205 -0.152616
vt 2.371293 -0.152212
vt 2.450910 -0.153193
vt 2.372984 -0.117634
vt 2.452771 -0.117806
vt 2.533050 -0.117630
vt 2.453919 -0.088497
vt 2.534403 -0.087140
vt 2.614948 -0.085826
vt 2.535251 -0.062373
vt 2.615982 -0.060323
vt 2.695845 -0.058535
vt 4.653905 -0.950683
vt 4.613398 -0.937931
vt 4.634213 -0.915640
vt 4.674345 -0.929636
vt 4.701638 -0.901814
vt 4.742236 -0.915942
vt -1.109318 -1.045923
vt -1.064601 -1.034323
vt -1.130271 -1.014957
vt -1.085153 -1.003034
vt -1.039310 -0.991531
vt -1.106399 -0.972108
vt -1.059685 -0.960567
vt -1.012207 -0.949609
vt -1.080509 -0.929531
vt -1.031913 -0.918642
vt -0.981808 -0.908724
vt -1.049834 -0.886858
vt -0.997185 -0.877419
vt -0.942202 -0.869064
vt -1.008891 -0.845942
vt -0.954421 -0.836521
vt -0.901363 -0.827279
vt -0.971134 -0.804208
vt -0.916057 -0.793923
vt -0.861736 -0.784842
vt -0.933422 -0.761804
vt -0.990905 -0.773908
vt -1.012426 -0.745026
vt -1.049137 -0.786479
vt -1.072742 -0.758496
vt -1.097103 -0.732376
vt -1.035590 -0.718344
vt -1.133127 -0.771765
vt -1.107746 -0.799339
vt -1.165375 -0.812870
vt -1.083949 -0.827605
vt -1.140196 -0.840279
vt -1.194703 -0.854020
vt -1.119510 -0.868353
vt -1.171688 -0.881464
vt -1.221493 -0.895428
vt -1.246300 -0.868345
vt -1.150024 -0.910859
vt -1.198027 -0.924146
vt 4.880174 -0.771346
vt 4.853879 -0.799722
vt 4.809955 -0.784408
vt 4.826632 -0.828791
vt 4.783837 -0.814193
vt 4.740026 -0.800726
vt 4.756592 -0.843894
vt 4.713733 -0.830652
vt 4.669156 -0.818227
vt 4.686578 -0.859737
vt 4.642830 -0.847023
vt 4.597451 -0.834682
vt 4.617292 -0.875107
vt 4.572885 -0.862680
vt 4.527069 -0.850945
vt 4.549831 -0.889506
vt 4.504722 -0.877883
vt 4.458044 -0.867370
vt 4.485034 -0.902931
vt 4.438514 -0.893411
vt 4.391309 -0.885205
vt -3.277040 -0.079765
vt -3.219458 -0.081663
vt -3.226763 -0.102709
vt -3.284632 -0.101278
vt -3.342828 -0.099438
vt -3.335095 -0.077330
vt -3.293971 -0.127841
vt -3.352144 -0.125891
vt -3.410573 -0.124139
vt -3.363595 -0.158747
vt -3.421976 -0.156863
vt -3.480287 -0.154984
vt -3.433949 -0.191345
vt -3.492563 -0.189555
vt -3.551031 -0.187857
vt -3.504651 -0.223874
vt -3.563309 -0.222441
vt -3.621854 -0.221092
vt -3.575006 -0.256334
vt -3.633525 -0.255171
vt -3.691647 -0.254089
vt -3.644498 -0.288736
vt -3.702581 -0.287829
vt -3.760558 -0.286884
vt -3.712842 -0.321243
vt -3.771002 -0.320630
vt -3.828975 -0.319932
vt -3.780639 -0.354289
vt -3.839197 -0.354131
vt -3.897860 -0.353987
vt -3.848395 -0.388251
vt -3.908205 -0.388998
vt -3.968269 -0.389989
vt -3.916607 -0.423662
vt -3.978071 -0.426671
vt -4.041188 -0.428977
vt -3.982994 -0.462279
vt -3.921980 -0.458419
vt -3.925006 -0.494182
vt -3.985754 -0.497542
vt -3.926908 -0.530414
vt -3.987304 -0.533276
vt -3.928209 -0.567016
vt -3.987531 -0.569887
vt -4.047902 -0.573294
vt -3.987394 -0.606576
vt -4.046056 -0.610035
vt -4.104091 -0.613831
vt -4.108007 -0.576995
vt -4.160661 -0.617910
vt -4.165300 -0.580939
vt -4.215238 -0.622338
vt -4.157412 -0.654204
vt -4.211959 -0.658599
vt -4.265305 -0.663531
vt -4.209281 -0.694267
vt -4.262552 -0.698956
vt -4.315548 -0.704319
vt -4.260685 -0.733732
vt -4.313369 -0.738633
vt -4.366642 -0.744514
vt -4.369038 -0.710710
vt -4.419696 -0.751428
vt -4.364945 -0.778088
vt -4.417163 -0.784852
vt -4.469261 -0.792263
vt -4.472585 -0.759041
vt -4.362544 -0.811352
vt -4.413618 -0.818064
vt -4.464753 -0.825552
vt -4.407842 -0.850951
vt -4.458001 -0.858470
vt 2.942873 -1.057784
vt 2.908654 -1.093679
vt 2.855539 -1.078350
vt 2.876193 -1.130077
vt 2.823682 -1.115272
vt 2.770992 -1.100814
vt 2.793535 -1.152849
vt 2.741658 -1.138757
vt 2.689577 -1.125169
vt 2.714194 -1.177204
vt 2.663323 -1.163841
vt 2.612245 -1.151560
vt 2.640924 -1.198269
vt 2.590451 -1.187319
vt 2.539111 -1.177745
vt 2.560204 -1.140970
vt 2.486474 -1.170035
vt 2.507289 -1.132384
vt 2.432883 -1.163915
vt 2.453300 -1.125904
vt 2.378425 -1.159138
vt 2.398199 -1.120709
vt 2.323166 -1.155401
vt 2.342230 -1.115073
vt 2.268203 -1.152627
vt 2.286288 -1.110000
vt 2.212781 -1.150554
vt 2.229502 -1.106665
vt 2.156997 -1.148932
vt 2.172436 -1.104192
vt 2.100918 -1.147523
vt 2.115326 -1.102116
vt 2.044763 -1.146225
vt 2.058164 -1.100267
vt 1.988604 -1.144934
vt 2.001199 -1.098614
vt 1.932473 -1.143431
vt 1.944446 -1.096896
vt 1.957049 -1.051696
vt 1.887842 -1.095029
vt 1.899065 -1.049907
vt 1.911705 -1.005657
vt 1.841039 -1.048265
vt 1.852650 -1.003997
vt 1.866548 -0.959466
vt 1.793817 -1.002238
vt 1.807546 -0.957437
vt 1.822085 -0.912117
vt 1.749103 -0.954868
vt 1.763478 -0.909312
vt 1.777227 -0.863958
vt 1.705702 -0.905603
vt 1.718284 -0.860538
vt 1.730323 -0.815755
vt 1.657333 -0.857769
vt 1.667819 -0.813642
vt 1.678136 -0.769983
vt 1.742441 -0.771505
vt 1.688100 -0.727197
vt 1.754585 -0.728244
vt 1.697592 -0.685358
vt 1.766065 -0.685825
vt 1.705751 -0.644484
vt 1.775850 -0.644242
vt 1.712796 -0.604120
vt 1.783922 -0.603418
vt 1.719290 -0.564088
vt 1.790934 -0.563202
vt 1.725516 -0.524350
vt 1.797685 -0.523261
vt 1.731557 -0.484859
vt 1.804168 -0.483698
vt 1.737515 -0.445488
vt 1.810477 -0.444291
vt 1.743402 -0.406178
vt 1.816614 -0.404991
vt 1.749179 -0.366918
vt 1.822492 -0.365735
vt 1.754663 -0.327595
vt 1.827795 -0.326422
vt 1.901180 -0.324968
vt 1.832468 -0.286933
vt 1.905757 -0.285439
vt 1.979606 -0.283589
vt 1.909377 -0.245650
vt 1.983282 -0.243572
vt 2.057684 -0.241267
vt 1.985626 -0.203291
vt 2.059866 -0.200361
vt 2.134887 -0.197722
vt 2.060966 -0.159169
vt 2.136725 -0.156208
vt 2.213948 -0.153988
vt 2.138331 -0.118187
vt 2.215832 -0.117090
vt 2.294125 -0.117059
vt 2.217524 -0.087546
vt 2.295455 -0.088525
vt 2.374064 -0.089263
vt 2.296474 -0.063234
vt 2.374811 -0.064851
vt 2.454609 -0.064326
vt 4.529962 -0.913762
vt 4.592992 -0.902142
vt 4.572576 -0.925567
vt 4.660125 -0.888106
vt 4.729170 -0.873044
vt 4.770683 -0.887010
vt 4.798748 -0.858047
vt -1.152075 -0.984404
vt -1.174832 -0.953975
vt -1.128141 -0.941285
vt -1.100833 -0.898407
vt -1.065039 -0.856404
vt -1.026826 -0.815513
vt -3.062152 -0.088309
vt -3.049983 -0.088914
vt -3.056600 -0.109214
vt -3.068807 -0.108630
vt -3.106009 -0.086231
vt -3.112792 -0.106600
vt -3.169515 -0.104306
vt -3.162443 -0.083540
vt -3.121818 -0.134453
vt -3.178840 -0.132200
vt -3.236130 -0.129892
vt -3.189636 -0.165196
vt -3.247348 -0.162923
vt -3.305353 -0.160770
vt -3.258640 -0.197063
vt -3.317019 -0.195125
vt -3.375456 -0.193167
vt -3.328264 -0.228949
vt -3.387020 -0.227194
vt -3.445852 -0.225486
vt -3.398110 -0.260569
vt -3.457216 -0.259018
vt -3.516216 -0.257604
vt -3.467994 -0.292043
vt -3.527098 -0.290767
vt -3.585956 -0.289680
vt -3.537262 -0.323620
vt -3.596141 -0.322696
vt -3.654695 -0.321908
vt -3.605478 -0.355470
vt -3.663948 -0.354947
vt -3.722311 -0.354553
vt -3.672380 -0.387934
vt -3.730799 -0.387774
vt -3.789404 -0.387879
vt -3.738356 -0.421154
vt -3.797021 -0.421513
vt -3.856287 -0.422244
vt -3.803099 -0.455507
vt -3.862198 -0.456487
vt -3.807528 -0.490343
vt -3.865937 -0.491756
vt -3.810374 -0.526322
vt -3.868267 -0.528064
vt -3.812369 -0.562558
vt -3.869946 -0.564572
vt -3.813997 -0.598810
vt -3.871201 -0.601010
vt -3.928946 -0.603577
vt -3.872279 -0.637013
vt -3.929529 -0.639713
vt -3.987117 -0.642831
vt -3.930021 -0.675153
vt -3.986963 -0.678314
vt -4.043822 -0.681915
vt -4.044745 -0.646350
vt -4.100040 -0.685825
vt -4.101611 -0.650157
vt -4.155233 -0.689905
vt -4.098941 -0.720536
vt -4.153915 -0.724844
vt -4.207781 -0.729281
vt -4.152669 -0.758620
vt -4.206846 -0.763327
vt -4.260098 -0.767876
vt -4.204875 -0.795900
vt -4.258667 -0.800796
vt -4.310902 -0.805700
vt -4.312442 -0.772468
vt -4.254612 -0.832502
vt -4.306957 -0.837943
vt -4.357609 -0.844044
vt -4.300343 -0.869631
vt -4.350397 -0.876272
vt -4.400224 -0.883441
vt -4.341874 -0.907982
vt -4.391040 -0.915692
vt -4.439745 -0.923598
vt -4.449697 -0.891067
vt 2.845561 -1.167281
vt 2.765112 -1.190892
vt 2.742872 -1.221245
vt 2.691755 -1.209734
vt 1.876586 -1.141658
vt 1.821561 -1.139685
vt 1.831404 -1.093131
vt 1.767063 -1.137845
vt 1.774718 -1.091453
vt 1.782770 -1.046657
vt 1.718171 -1.090596
vt 1.724590 -1.045213
vt 1.735367 -0.999885
vt 1.668449 -1.043731
vt 1.678290 -0.996833
vt 1.691705 -0.950905
vt 1.623269 -0.994535
vt 1.634642 -0.947502
vt 1.646287 -0.902233
vt 1.576832 -0.946208
vt 1.586138 -0.900775
vt 1.595189 -0.856602
vt 1.548284 -0.856560
vt 1.540560 -0.900725
vt 1.525394 -0.900721
vt 1.532686 -0.856558
vt 1.540015 -0.813087
vt 1.555999 -0.813044
vt 1.604094 -0.812938
vt 1.547225 -0.770125
vt 1.563562 -0.770023
vt 1.612744 -0.769735
vt 1.554033 -0.727836
vt 1.570742 -0.727687
vt 1.621056 -0.727250
vt 1.560248 -0.686490
vt 1.577338 -0.686297
vt 1.628795 -0.685726
vt 1.565862 -0.645990
vt 1.583257 -0.645772
vt 1.635657 -0.645113
vt 1.571042 -0.605909
vt 1.588699 -0.605662
vt 1.641872 -0.604907
vt 1.576014 -0.566171
vt 1.593886 -0.565899
vt 1.647678 -0.565060
vt 1.581107 -0.526677
vt 1.599133 -0.526378
vt 1.653342 -0.525475
vt 1.586371 -0.487185
vt 1.604504 -0.486894
vt 1.659009 -0.486026
vt 1.591853 -0.447700
vt 1.610047 -0.447428
vt 1.664720 -0.446630
vt 1.597557 -0.408222
vt 1.615763 -0.407974
vt 1.670468 -0.407266
vt 1.603456 -0.368686
vt 1.621616 -0.368477
vt 1.676221 -0.367895
vt 1.609470 -0.329084
vt 1.627538 -0.328907
vt 1.681895 -0.328429
vt 1.615548 -0.289276
vt 1.633456 -0.289113
vt 1.687385 -0.288674
vt 1.759746 -0.288021
vt 1.692626 -0.248795
vt 1.764299 -0.248118
vt 1.836468 -0.247081
vt 1.768295 -0.207792
vt 1.839748 -0.206813
vt 1.912132 -0.205423
vt 1.842480 -0.166160
vt 1.913989 -0.164770
vt 1.986735 -0.162442
vt 1.915624 -0.124433
vt 1.987766 -0.122575
vt 2.061934 -0.120184
vt 1.989236 -0.088215
vt 2.063496 -0.087593
vt 2.139961 -0.087325
vt 2.064835 -0.060915
vt 2.141243 -0.061305
vt 2.218884 -0.062183
vt 1.780283 -0.064948
vt 1.848817 -0.062430
vt 1.847193 -0.089468
vt 1.778258 -0.090673
vt 1.709679 -0.092651
vt 1.711984 -0.067584
vt 1.775358 -0.126382
vt 1.706356 -0.126969
vt 1.658630 -0.093778
vt 1.654938 -0.127503
vt 1.637929 -0.127694
vt 1.641753 -0.094164
vt 1.644407 -0.069360
vt 1.661189 -0.068903
vt 1.664008 -0.127409
vt 1.702077 -0.167683
vt 1.659271 -0.167967
vt -3.085086 -0.135838
vt -3.095040 -0.168855
vt -3.132126 -0.167464
vt -3.076404 -0.108272
vt -3.087288 -0.169156
vt -3.074829 -0.169644
vt -3.084206 -0.202799
vt -3.096831 -0.202383
vt -3.142220 -0.200949
vt -3.200356 -0.199001
vt -3.151941 -0.234053
vt -3.210729 -0.232435
vt -3.269554 -0.230729
vt -3.220711 -0.265389
vt -3.279978 -0.263857
vt -3.339103 -0.262201
vt -3.290012 -0.296484
vt -3.349458 -0.294931
vt -3.408687 -0.293451
vt -3.359256 -0.327356
vt -3.418674 -0.325943
vt -3.478096 -0.324693
vt -3.428205 -0.358256
vt -3.487538 -0.357152
vt -3.546656 -0.356229
vt -3.496494 -0.389600
vt -3.555386 -0.388851
vt -3.614017 -0.388314
vt -3.563530 -0.421696
vt -3.621870 -0.421274
vt -3.680072 -0.421095
vt -3.628756 -0.454660
vt -3.686681 -0.454655
vt -3.744713 -0.454957
vt -3.691750 -0.488985
vt -3.749429 -0.489552
vt -3.695595 -0.524168
vt -3.752799 -0.525026
vt -3.698504 -0.559775
vt -3.755289 -0.560989
vt -3.700791 -0.595535
vt -3.757219 -0.596986
vt -3.702937 -0.631167
vt -3.758954 -0.632759
vt -3.815390 -0.634696
vt -3.760750 -0.668087
vt -3.816786 -0.670058
vt -3.873216 -0.672402
vt -3.818140 -0.704779
vt -3.874129 -0.707070
vt -3.930433 -0.709788
vt -3.874751 -0.740949
vt -3.930513 -0.743477
vt -3.986470 -0.746573
vt -3.986860 -0.712927
vt -4.042326 -0.750177
vt -4.043127 -0.716527
vt -4.097782 -0.754176
vt -4.041029 -0.782731
vt -4.096093 -0.786687
vt -4.150640 -0.791093
vt -4.093558 -0.818366
vt -4.147507 -0.822648
vt -4.201241 -0.827330
vt -4.143356 -0.853626
vt -4.196319 -0.858360
vt -4.248767 -0.863649
vt -4.190543 -0.888792
vt -4.241954 -0.894337
vt -4.292324 -0.900747
vt -4.235119 -0.924260
vt -4.284235 -0.931345
vt -4.332809 -0.939348
vt -4.277841 -0.958240
vt -4.325548 -0.965431
vt 3.676923 -0.824194
vt 3.630344 -0.822299
vt 3.730594 -0.789141
vt 3.723550 -0.826329
vt 3.777490 -0.791776
vt 3.770254 -0.828653
vt 3.785350 -0.754637
vt 3.833791 -0.758493
vt 3.825353 -0.794629
vt 3.844832 -0.722781
vt 3.894987 -0.727613
vt 3.883536 -0.762725
vt 3.908030 -0.692294
vt 3.958721 -0.697184
vt 3.945345 -0.732187
vt 3.973100 -0.661853
vt 4.024846 -0.667255
vt 4.009795 -0.702091
vt 4.040606 -0.632283
vt 4.093868 -0.638570
vt 4.077254 -0.673063
vt 4.110780 -0.603747
vt 4.165237 -0.610755
vt 4.147520 -0.645319
vt 4.183236 -0.575554
vt 4.238827 -0.583208
vt 4.220022 -0.618314
vt 4.257991 -0.547160
vt 4.314748 -0.555393
vt 4.294714 -0.591505
vt 4.335159 -0.518140
vt 4.393508 -0.527029
vt 4.371881 -0.564418
vt 4.415256 -0.488399
vt 4.476088 -0.498143
vt 4.452442 -0.536910
vt 4.499334 -0.458225
vt 4.538585 -0.509322
vt 4.601739 -0.521855
vt 4.511814 -0.547812
vt 4.429272 -0.574290
vt 4.350811 -0.600517
vt 4.275107 -0.626495
vt 4.201545 -0.652577
vt 4.130146 -0.679367
vt 4.061296 -0.707337
vt 3.995801 -0.736858
vt 3.933207 -0.767164
vt 3.873566 -0.798316
vt 3.863529 -0.834910
vt 3.816926 -0.831374
vt -3.404754 -0.955256
vt -3.450364 -0.952571
vt -3.437119 -0.915792
vt -3.390971 -0.918043
vt -3.345507 -0.920211
vt -3.359154 -0.958001
vt -3.310200 -0.922201
vt -3.300329 -0.922750
vt -3.313831 -0.960922
vt -3.323718 -0.960286
vt -3.378088 -0.879698
vt -3.332177 -0.881103
vt -3.296607 -0.882742
vt -3.286654 -0.883199
vt 1.525965 -1.041884
vt 1.559794 -1.041814
vt 1.553624 -1.090068
vt 1.520025 -1.090242
vt -3.302791 -0.882457
vt -3.320438 -0.841798
vt -3.290193 -0.842845
vt 1.532950 -0.993306
vt 1.567686 -0.993381
vt 1.614156 -1.042416
vt 1.525469 -0.993292
vt 1.511410 -0.993270
vt 1.518183 -0.946070
vt 1.532834 -0.946097
vt -3.278632 -0.804301
vt -3.310208 -0.803325
vt -3.300376 -0.766408
vt -3.267519 -0.767292
vt 1.540628 -0.946115
vt 1.548633 -0.900730
vt -3.359137 -0.803042
vt -3.351267 -0.766153
vt -3.342752 -0.729959
vt -3.290433 -0.730361
vt -3.260622 -0.767479
vt -3.249542 -0.731403
vt -3.238130 -0.731697
vt -3.249520 -0.767784
vt -3.333934 -0.694176
vt -3.280413 -0.694813
vt -3.238577 -0.695876
vt -3.226912 -0.696177
vt -3.325139 -0.658749
vt -3.270491 -0.659652
vt -3.227733 -0.660753
vt -3.215811 -0.661063
vt -3.316644 -0.623902
vt -3.260828 -0.624998
vt -3.217167 -0.626156
vt -3.204998 -0.626482
vt -3.308723 -0.589800
vt -3.251616 -0.591067
vt -3.207055 -0.592308
vt -3.194633 -0.592654
vt -3.300975 -0.556434
vt -3.242727 -0.557855
vt -3.197369 -0.559147
vt -3.184720 -0.559505
vt -3.292973 -0.523593
vt -3.234007 -0.525048
vt -3.187921 -0.526331
vt -3.175062 -0.526684
vt -3.284660 -0.490999
vt -3.225199 -0.492506
vt -3.178566 -0.493790
vt -3.165545 -0.494141
vt -3.276063 -0.458699
vt -3.216142 -0.460223
vt -3.169164 -0.461475
vt -3.156028 -0.461816
vt -3.267114 -0.426575
vt -3.207008 -0.428047
vt -3.159820 -0.429204
vt -3.146619 -0.429520
vt -3.258020 -0.394494
vt -3.197859 -0.395903
vt -3.150607 -0.396971
vt -3.137383 -0.397265
vt -3.248930 -0.362396
vt -3.188772 -0.363766
vt -3.141551 -0.364775
vt -3.128340 -0.365055
vt -3.239723 -0.330246
vt -3.179714 -0.331607
vt -3.132648 -0.332567
vt -3.119487 -0.332838
vt -3.230348 -0.297978
vt -3.170626 -0.299335
vt -3.123820 -0.300318
vt -3.110745 -0.300599
vt -3.161363 -0.266806
vt -3.114960 -0.267900
vt -3.102012 -0.268217
vt -3.105974 -0.235247
vt -3.093169 -0.235595
vt 1.648716 -0.249009
vt 1.642995 -0.289031
vt -3.113936 -0.235035
vt -3.104685 -0.202127
vt 1.654140 -0.208696
vt 1.697546 -0.208464
vt 1.644829 -0.208749
vt 1.627359 -0.208859
vt 1.632893 -0.168161
vt 1.650096 -0.168032
vt 1.771993 -0.166993
vt 1.845023 -0.125670
vt 1.917297 -0.088750
vt 1.918441 -0.061287
vt 1.990141 -0.060905
vt -3.299617 -0.328822
vt -3.308939 -0.360962
vt -3.368711 -0.359557
vt -3.318074 -0.393063
vt -3.377853 -0.391702
vt -3.437276 -0.390548
vt -3.386807 -0.423932
vt -3.446063 -0.422942
vt -3.505035 -0.422204
vt -3.454334 -0.455571
vt -3.512749 -0.455160
vt -3.570914 -0.454852
vt -3.519501 -0.488593
vt -3.576963 -0.488604
vt -3.634358 -0.488762
vt -3.581835 -0.523104
vt -3.638642 -0.523533
vt -3.585716 -0.558120
vt -3.641996 -0.558845
vt -3.588940 -0.593371
vt -3.644727 -0.594372
vt -3.591856 -0.628677
vt -3.647250 -0.629846
vt -3.594898 -0.663942
vt -3.649824 -0.665122
vt -3.705103 -0.666467
vt -3.652587 -0.700165
vt -3.707361 -0.701384
vt -3.762540 -0.702903
vt -3.709641 -0.735964
vt -3.764251 -0.737239
vt -3.819329 -0.738886
vt -3.765940 -0.771156
vt -3.820367 -0.772464
vt -3.875179 -0.774237
vt -3.821450 -0.805709
vt -3.875510 -0.807087
vt -3.929941 -0.808958
vt -3.930282 -0.776485
vt -3.984545 -0.811404
vt -3.985629 -0.779306
vt -4.039216 -0.814547
vt -3.983414 -0.843108
vt -4.036932 -0.845857
vt -4.090190 -0.849444
vt -4.034040 -0.876936
vt -4.086081 -0.880185
vt -4.138363 -0.884113
vt -4.081794 -0.910336
vt -4.133373 -0.913763
vt -4.184729 -0.918371
vt -4.129986 -0.942112
vt -4.180349 -0.946061
vt -4.229739 -0.951613
vt -3.589750 -0.947818
vt -3.637663 -0.946729
vt -3.629881 -0.910103
vt -3.581232 -0.910979
vt -3.532722 -0.911928
vt -3.542873 -0.948817
vt -3.484409 -0.913438
vt -3.496320 -0.950281
vt -3.572642 -0.875333
vt -3.522840 -0.876325
vt -3.473022 -0.877443
vt -3.424366 -0.878627
vt -3.514727 -0.840996
vt -3.464579 -0.841497
vt -3.415004 -0.841184
vt -3.367483 -0.841070
vt -3.458145 -0.805245
vt -3.408291 -0.804274
vt -3.451938 -0.768702
vt -3.401938 -0.767394
vt -3.445332 -0.732210
vt -3.394764 -0.730866
vt -3.438659 -0.695827
vt -3.386969 -0.694629
vt -3.432461 -0.659936
vt -3.379279 -0.658822
vt -3.426866 -0.624645
vt -3.372200 -0.623679
vt -3.421583 -0.589856
vt -3.365661 -0.589296
vt -3.416658 -0.555589
vt -3.359087 -0.555411
vt -3.410725 -0.522069
vt -3.351981 -0.522410
vt -3.403399 -0.488976
vt -3.344172 -0.489738
vt -3.395387 -0.456310
vt -3.335907 -0.457336
vt -3.327150 -0.425160
vt -3.461792 -0.488687
vt -3.468297 -0.522336
vt -3.525169 -0.522746
vt -3.473392 -0.556673
vt -3.529587 -0.557455
vt -3.477551 -0.591225
vt -3.533262 -0.592395
vt -3.481758 -0.626167
vt -3.536748 -0.627519
vt -3.486191 -0.661482
vt -3.540346 -0.662807
vt -3.491084 -0.697127
vt -3.544374 -0.698187
vt -3.598223 -0.699122
vt -3.548912 -0.733644
vt -3.601813 -0.734244
vt -3.655473 -0.734980
vt -3.605728 -0.769361
vt -3.658527 -0.769652
vt -3.711967 -0.770242
vt -3.662092 -0.804181
vt -3.714686 -0.804295
vt -3.767832 -0.804793
vt -3.718174 -0.838418
vt -3.770232 -0.838447
vt -3.822800 -0.838842
vt -3.773444 -0.872411
vt -3.824701 -0.872171
vt -3.876504 -0.872302
vt -3.875903 -0.839693
vt -3.928893 -0.872935
vt -3.929503 -0.841095
vt -3.981798 -0.874446
vt -3.928646 -0.905149
vt -3.979544 -0.905872
vt -4.030539 -0.907793
vt -3.980059 -0.937958
vt -4.029540 -0.938236
vt -4.079389 -0.939535
vt -3.734761 -0.943953
vt -3.783557 -0.942425
vt -3.777770 -0.907055
vt -3.728167 -0.908080
vt -3.678885 -0.909154
vt -3.686088 -0.945427
vt -3.722662 -0.872941
vt -3.672403 -0.873684
vt -3.622412 -0.874466
vt -3.666712 -0.838769
vt -3.615842 -0.839427
vt -3.565152 -0.840215
vt -3.610241 -0.804454
vt -3.559023 -0.804935
vt -3.508341 -0.805258
vt -3.553782 -0.769255
vt -3.502603 -0.769107
vt -3.496689 -0.733070
vt -3.832592 -0.940960
vt -3.827716 -0.906146
vt -3.881703 -0.939617
vt -3.877975 -0.905439
vt -3.930836 -0.938524
vt 1.662241 -1.090551
vt 1.607859 -1.090234
vt 1.657586 -1.136647
vt 1.603080 -1.136693
vt 1.548518 -1.136777
vt 1.507541 -1.136999
vt 1.493938 -1.137068
vt 1.499214 -1.090331
vt 1.512798 -1.090274
vt 1.712484 -1.136844
vt -4.527079 -0.603639
vt 3.877971 0.040622
vt 3.934913 0.038823
vt 3.931565 0.010657
vt 3.873899 0.011417
vt 3.798090 0.013193
vt 3.803093 0.042688
vt 3.868537 -0.022020
vt 3.791823 -0.020044
vt 0.079600 -0.165071
vt 0.078818 -0.198911
vt 0.038258 -0.199425
vt 0.080317 -0.135003
vt 0.079603 -0.233234
vt 0.037094 -0.233797
vt -0.023226 -0.234077
vt 0.036081 -0.268069
vt -0.024923 -0.268428
vt -0.086049 -0.268375
vt -0.026516 -0.302652
vt -0.088108 -0.302624
vt -0.149615 -0.302161
vt -0.089999 -0.336828
vt -0.151783 -0.336527
vt -0.213258 -0.335865
vt -0.153673 -0.370862
vt -0.215273 -0.370561
vt -0.276739 -0.370095
vt -0.216918 -0.405294
vt -0.278362 -0.405341
vt -0.339537 -0.405336
vt -0.279519 -0.440778
vt -0.340458 -0.441476
vt -0.401185 -0.442125
vt -0.340824 -0.477866
vt -0.401059 -0.479504
vt -0.461358 -0.481264
vt -0.399864 -0.516934
vt -0.459844 -0.519876
vt -0.456761 -0.557573
vt 0.075251 -0.267547
vt 3.786337 -0.053894
vt 3.992303 0.037196
vt 1.514784 -1.136961
vt 1.643831 -0.249033
vt 1.649315 -0.208720
vt 1.638052 -0.289072
vt 1.536591 -0.946105
vt 1.544452 -0.900727
vt 1.522188 -1.041891
vt 1.529074 -0.993297
vt 1.516282 -1.090259
vt 1.659307 -0.127456
vt 1.654516 -0.168000
vt 1.667632 -0.093579
vt 1.670146 -0.068669
vt 1.637156 -0.328819
vt 1.631284 -0.368371
vt 1.625452 -0.407847
vt 1.619731 -0.447286
vt 1.614156 -0.486741
vt 1.608730 -0.526221
vt 1.603404 -0.565753
vt 1.598104 -0.605531
vt 1.592524 -0.645656
vt 1.586437 -0.686198
vt 1.579643 -0.727609
vt 1.572263 -0.769972
vt 1.564507 -0.813023
vt 1.556587 -0.856565
vt -3.110041 -0.235139
vt -3.100841 -0.202253
vt -3.123005 -0.267706
vt -3.131939 -0.300145
vt -3.140819 -0.332399
vt -3.149754 -0.364599
vt -3.158813 -0.396788
vt -3.168016 -0.429007
vt -3.177319 -0.461261
vt -3.186656 -0.493571
vt -3.195910 -0.526111
vt -3.205228 -0.558925
vt -3.214778 -0.592093
vt -3.224734 -0.625955
vt -3.235140 -0.660560
vt -3.245827 -0.695689
vt -3.256634 -0.731220
vt -3.275387 -0.804402
vt -3.264144 -0.767384
vt -3.287083 -0.842955
vt -3.299766 -0.882597
vt -3.316327 -0.921859
vt -3.329857 -0.959892
vt -3.081328 -0.135984
vt -3.072685 -0.108447
vt -3.091245 -0.169003
vt -3.069731 -0.087941
vt 1.518676 -1.041898
vt 1.639291 -0.249059
vt 1.511032 -1.136983
vt 1.662964 -0.093681
vt 1.665502 -0.068788
vt 1.632172 -0.328862
vt 1.626275 -0.368423
vt 1.620432 -0.407911
vt 1.614715 -0.447359
vt 1.609157 -0.486820
vt 1.603759 -0.526301
vt 1.598470 -0.565828
vt 1.593230 -0.605599
vt 1.587724 -0.645715
vt 1.581723 -0.686249
vt 1.575032 -0.727648
vt 1.567755 -0.769998
vt 1.560100 -0.813033
vt 1.552287 -0.856562
vt -3.077415 -0.136136
vt -3.283836 -0.843068
vt -3.272001 -0.804508
vt -3.119067 -0.267801
vt -3.127967 -0.300230
vt -3.136820 -0.332481
vt -3.145740 -0.364685
vt -3.154797 -0.396878
vt -3.164008 -0.429103
vt -3.173328 -0.461366
vt -3.182698 -0.493679
vt -3.192000 -0.526218
vt -3.201382 -0.559033
vt -3.210999 -0.592199
vt -3.221029 -0.626054
vt -3.231516 -0.660655
vt -3.242281 -0.695781
vt -3.253161 -0.731309
vt -3.313328 -0.922027
vt -3.326852 -0.960085
vt -3.066023 -0.088120
vt -3.261319 -0.804842
vt -3.273595 -0.843426
vt -3.065089 -0.136621
vt 1.621597 -0.249163
vt 1.504977 -1.041923
s 1
usemtl ShortsMat2
f 1/1/1 2/2/2 3/3/3
f 4/4/4 5/5/5 6/6/6
f 7/7/7 8/8/8 9/9/9
f 10/10/10 11/11/11 12/12/12
f 13/13/13 14/14/14 15/15/15
f 13/13/13 15/15/15 16/16/16
f 13/13/13 17/17/17 18/18/18
f 13/13/13 18/18/18 19/19/19
f 13/13/13 16/16/16 20/20/20
f 13/13/13 20/20/20 17/17/17
f 21/21/21 22/22/22 23/23/23
f 21/21/21 23/23/23 24/24/24
f 21/21/21 25/25/25 26/26/26
f 21/21/21 26/26/26 22/22/22
f 21/21/21 27/27/27 28/28/28
f 21/21/21 28/28/28 25/25/25
f 21/21/21 29/29/29 30/30/30
f 21/21/21 30/30/30 27/27/27
f 21/21/21 24/24/24 31/31/31
f 21/21/21 31/31/31 29/29/29
f 32/32/32 33/33/33 34/34/34
f 32/32/32 34/34/34 35/35/35
f 32/32/32 36/36/36 37/37/37
f 32/32/32 37/37/37 38/38/38
f 32/32/32 38/38/38 39/39/39
f 32/32/32 39/39/39 33/33/33
f 40/40/40 41/41/41 42/42/42
f 40/40/40 42/42/42 43/43/43
f 40/40/40 43/43/43 44/44/44
f 40/40/40 44/44/44 45/45/45
f 40/40/40 45/45/45 46/46/46
f 40/40/40 46/46/46 47/47/47
f 40/40/40 47/47/47 48/48/48
f 40/40/40 48/48/48 49/49/49
f 49/49/49 48/48/48 50/50/50
f 49/49/49 50/50/50 51/51/51
f 49/49/49 51/51/51 52/52/52
f 49/49/49 52/52/52 53/53/53
f 49/49/49 53/53/53 41/41/41
f 49/49/49 41/41/41 40/40/40
f 53/53/53 52/52/52 54/54/54
f 53/53/53 54/54/54 55/55/55
f 53/53/53 55/55/55 56/56/56
f 53/53/53 56/56/56 41/41/41
f 56/56/56 55/55/55 57/57/57
f 56/56/56 57/57/57 58/58/58
f 56/56/56 58/58/58 59/59/59
f 56/56/56 59/59/59 60/60/60
f 56/56/56 60/60/60 42/42/42
f 56/56/56 42/42/42 41/41/41
f 60/60/60 59/59/59 61/61/61
f 60/60/60 61/61/61 62/62/62
f 60/60/60 62/62/62 63/63/63
f 60/60/60 63/63/63 42/42/42
f 63/63/63 64/64/64 43/43/43
f 63/63/63 43/43/43 42/42/42
f 63/63/63 62/62/62 65/65/65
f 63/63/63 65/65/65 66/66/66
f 63/63/63 66/66/66 67/67/67
f 63/63/63 67/67/67 64/64/64
f 67/67/67 68/68/68 69/69/69
f 67/67/67 69/69/69 64/64/64
f 67/67/67 66/66/66 70/70/70
f 67/67/67 70/70/70 71/71/71
f 67/67/67 71/71/71 72/72/72
f 67/67/67 72/72/72 68/68/68
f 72/72/72 73/73/73 74/74/74
f 72/72/72 74/74/74 68/68/68
f 72/72/72 71/71/71 75/75/75
f 72/72/72 75/75/75 76/76/76
f 72/72/72 76/76/76 77/77/77
f 72/72/72 77/77/77 73/73/73
f 78/78/78 79/79/79 80/80/80
f 78/78/78 80/80/80 81/81/81
f 77/77/77 76/76/76 82/82/82
f 77/77/77 82/82/82 83/83/83
f 78/78/78 84/84/84 85/85/85
f 78/78/78 85/85/85 79/79/79
f 85/85/85 86/86/86 87/87/87
f 85/85/85 87/87/87 79/79/79
f 85/85/85 84/84/84 88/88/88
f 85/85/85 88/88/88 89/89/89
f 85/85/85 89/89/89 90/90/90
f 85/85/85 90/90/90 86/86/86
f 90/90/90 91/91/91 92/92/92
f 90/90/90 92/92/92 86/86/86
f 90/90/90 89/89/89 93/93/93
f 90/90/90 93/93/93 94/94/94
f 90/90/90 94/94/94 95/95/95
f 90/90/90 95/95/95 91/91/91
f 95/95/95 96/96/96 97/97/97
f 95/95/95 97/97/97 91/91/91
f 95/95/95 94/94/94 98/98/98
f 95/95/95 98/98/98 99/99/99
f 95/95/95 99/99/99 100/100/100
f 95/95/95 100/100/100 96/96/96
f 100/100/100 101/101/101 102/102/102
f 100/100/100 102/102/102 96/96/96
f 100/100/100 99/99/99 103/103/103
f 100/100/100 103/103/103 104/104/104
f 100/100/100 104/104/104 105/105/105
f 100/100/100 105/105/105 101/101/101
f 105/105/105 106/106/106 107/107/107
f 105/105/105 107/107/107 101/101/101
f 105/105/105 104/104/104 108/108/108
f 105/105/105 108/108/108 109/109/109
f 105/105/105 109/109/109 110/110/110
f 105/105/105 110/110/110 106/106/106
f 110/110/110 111/111/111 112/112/112
f 110/110/110 112/112/112 106/106/106
f 110/110/110 109/109/109 113/113/113
f 110/110/110 113/113/113 114/114/114
f 110/110/110 114/114/114 115/115/115
f 110/110/110 115/115/115 111/111/111
f 115/115/115 116/116/116 117/117/117
f 115/115/115 117/117/117 111/111/111
f 115/115/115 114/114/114 118/118/118
f 115/115/115 118/118/118 119/119/119
f 115/115/115 119/119/119 120/120/120
f 115/115/115 120/120/120 116/116/116
f 120/120/120 121/121/121 122/122/122
f 120/120/120 122/122/122 116/116/116
f 120/120/120 119/119/119 123/123/123
f 120/120/120 123/123/123 124/124/124
f 120/120/120 124/124/124 125/125/125
f 120/120/120 125/125/125 121/121/121
f 125/125/125 126/126/126 127/127/127
f 125/125/125 127/127/127 121/121/121
f 128/128/128 129/129/129 130/130/130
f 128/128/128 130/130/130 131/131/131
f 128/128/128 131/131/131 132/132/132
f 128/128/128 132/132/132 133/133/133
f 132/132/132 134/134/134 135/135/135
f 132/132/132 135/135/135 133/133/133
f 132/132/132 131/131/131 136/136/136
f 132/132/132 136/136/136 137/137/137
f 132/132/132 137/137/137 138/138/138
f 132/132/132 138/138/138 134/134/134
f 138/138/138 139/139/139 140/140/140
f 138/138/138 140/140/140 134/134/134
f 138/138/138 137/137/137 141/141/141
f 138/138/138 141/141/141 142/142/142
f 138/138/138 142/142/142 143/143/143
f 138/138/138 143/143/143 139/139/139
f 143/143/143 144/144/144 145/145/145
f 143/143/143 145/145/145 139/139/139
f 143/143/143 142/142/142 146/146/146
f 143/143/143 146/146/146 147/147/147
f 143/143/143 147/147/147 148/148/148
f 143/143/143 148/148/148 144/144/144
f 148/148/148 149/149/149 150/150/150
f 148/148/148 150/150/150 144/144/144
f 148/148/148 147/147/147 151/151/151
f 148/148/148 151/151/151 152/152/152
f 148/148/148 152/152/152 153/153/153
f 148/148/148 153/153/153 149/149/149
f 153/153/153 154/154/154 155/155/155
f 153/153/153 155/155/155 149/149/149
f 153/153/153 152/152/152 156/156/156
f 153/153/153 156/156/156 157/157/157
f 153/153/153 157/157/157 158/158/158
f 153/153/153 158/158/158 154/154/154
f 158/158/158 159/159/159 160/160/160
f 158/158/158 160/160/160 154/154/154
f 158/158/158 157/157/157 161/161/161
f 158/158/158 161/161/161 162/162/162
f 158/158/158 162/162/162 163/163/163
f 158/158/158 163/163/163 159/159/159
f 163/163/163 164/164/164 165/165/165
f 163/163/163 165/165/165 159/159/159
f 163/163/163 162/162/162 166/166/166
f 163/163/163 166/166/166 167/167/167
f 163/163/163 167/167/167 168/168/168
f 163/163/163 168/168/168 164/164/164
f 169/169/169 170/170/170 171/171/171
f 169/169/169 171/171/171 172/172/172
f 168/168/168 167/167/167 173/173/173
f 168/168/168 173/173/173 174/174/174
f 169/169/169 175/175/175 176/176/176
f 169/169/169 176/176/176 170/170/170
f 176/176/176 177/177/177 178/178/178
f 176/176/176 178/178/178 170/170/170
f 176/176/176 175/175/175 179/179/179
f 176/176/176 179/179/179 180/180/180
f 176/176/176 180/180/180 181/181/181
f 176/176/176 181/181/181 177/177/177
f 181/181/181 182/182/182 183/183/183
f 181/181/181 183/183/183 177/177/177
f 181/181/181 180/180/180 184/184/184
f 181/181/181 184/184/184 185/185/185
f 181/181/181 185/185/185 186/186/186
f 181/181/181 186/186/186 182/182/182
f 186/186/186 187/187/187 188/188/188
f 186/186/186 188/188/188 182/182/182
f 186/186/186 185/185/185 189/189/189
f 186/186/186 189/189/189 190/190/190
f 186/186/186 190/190/190 191/191/191
f 186/186/186 191/191/191 187/187/187
f 191/191/191 192/192/192 193/193/193
f 191/191/191 193/193/193 187/187/187
f 191/191/191 190/190/190 194/194/194
f 191/191/191 194/194/194 195/195/195
f 191/191/191 195/195/195 196/196/196
f 191/191/191 196/196/196 192/192/192
f 196/196/196 197/197/197 198/198/198
f 196/196/196 198/198/198 192/192/192
f 196/196/196 195/195/195 199/199/199
f 196/196/196 199/199/199 200/200/200
f 196/196/196 200/200/200 201/201/201
f 196/196/196 201/201/201 197/197/197
f 201/201/201 202/202/202 203/203/203
f 201/201/201 203/203/203 197/197/197
f 201/201/201 200/200/200 204/204/204
f 201/201/201 204/204/204 205/205/205
f 201/201/201 205/205/205 206/206/206
f 201/201/201 206/206/206 202/202/202
f 206/206/206 207/207/207 208/208/208
f 206/206/206 208/208/208 202/202/202
f 206/206/206 205/205/205 209/209/209
f 206/206/206 209/209/209 210/210/210
f 206/206/206 210/210/210 211/211/211
f 206/206/206 211/211/211 207/207/207
f 211/211/211 212/212/212 213/213/213
f 211/211/211 213/213/213 207/207/207
f 211/211/211 210/210/210 214/214/214
f 211/211/211 214/214/214 215/215/215
f 211/211/211 215/215/215 216/216/216
f 211/211/211 216/216/216 212/212/212
f 216/216/216 217/217/217 218/218/218
f 216/216/216 218/218/218 212/212/212
f 216/216/216 215/215/215 219/219/219
f 216/216/216 219/219/219 220/220/220
f 216/216/216 220/220/220 221/221/221
f 216/216/216 221/221/221 217/217/217
f 221/221/221 222/222/222 223/223/223
f 221/221/221 223/223/223 217/217/217
f 221/221/221 220/220/220 224/224/224
f 221/221/221 224/224/224 225/225/225
f 221/221/221 225/225/225 226/226/226
f 221/221/221 226/226/226 222/222/222
f 226/226/226 227/227/227 228/228/228
f 226/226/226 228/228/228 222/222/222
f 226/226/226 225/225/225 229/229/229
f 226/226/226 229/229/229 230/230/230
f 226/226/226 230/230/230 231/231/231
f 226/226/226 231/231/231 227/227/227
f 231/231/231 232/232/232 233/233/233
f 231/231/231 233/233/233 227/227/227
f 231/231/231 230/230/230 234/234/234
f 231/231/231 234/234/234 235/235/235
f 231/231/231 235/235/235 236/236/236
f 231/231/231 236/236/236 232/232/232
f 236/236/236 237/237/237 238/238/238
f 236/236/236 238/238/238 232/232/232
f 236/236/236 235/235/235 239/239/239
f 236/236/236 239/239/239 240/240/240
f 236/236/236 240/240/240 241/241/241
f 236/236/236 241/241/241 237/237/237
f 241/241/241 242/242/242 243/243/243
f 241/241/241 243/243/243 237/237/237
f 241/241/241 240/240/240 244/244/244
f 241/241/241 244/244/244 245/245/245
f 241/241/241 245/245/245 246/246/246
f 241/241/241 246/246/246 242/242/242
f 246/246/246 247/247/247 248/248/248
f 246/246/246 248/248/248 242/242/242
f 246/246/246 245/245/245 249/249/249
f 246/246/246 249/249/249 250/250/250
f 246/246/246 250/250/250 251/251/251
f 246/246/246 251/251/251 247/247/247
f 251/251/251 252/252/252 253/253/253
f 251/251/251 253/253/253 247/247/247
f 251/251/251 250/250/250 254/254/254
f 251/251/251 254/254/254 255/255/255
f 251/251/251 255/255/255 256/256/256
f 251/251/251 256/256/256 252/252/252
f 256/256/256 257/257/257 258/258/258
f 256/256/256 258/258/258 252/252/252
f 259/259/259 260/260/260 261/261/261
f 259/259/259 261/261/261 262/262/262
f 259/259/259 262/262/262 263/263/263
f 259/259/259 263/263/263 264/264/264
f 263/263/263 262/262/262 265/265/265
f 263/263/263 265/265/265 266/266/266
f 267/267/267 268/268/268 269/269/269
f 267/267/267 269/269/269 258/258/258
f 267/267/267 258/258/258 257/257/257
f 267/267/267 257/257/257 270/270/270
f 269/269/269 268/268/268 271/271/271
f 269/269/269 271/271/271 272/272/272
f 269/269/269 272/272/272 273/273/273
f 269/269/269 273/273/273 253/253/253
f 269/269/269 253/253/253 252/252/252
f 269/269/269 252/252/252 258/258/258
f 273/273/273 272/272/272 274/274/274
f 273/273/273 274/274/274 275/275/275
f 273/273/273 275/275/275 276/276/276
f 273/273/273 276/276/276 248/248/248
f 273/273/273 248/248/248 247/247/247
f 273/273/273 247/247/247 253/253/253
f 276/276/276 275/275/275 277/277/277
f 276/276/276 277/277/277 278/278/278
f 276/276/276 278/278/278 279/279/279
f 276/276/276 279/279/279 243/243/243
f 276/276/276 243/243/243 242/242/242
f 276/276/276 242/242/242 248/248/248
f 279/279/279 278/278/278 280/280/280
f 279/279/279 280/280/280 281/281/281
f 279/279/279 281/281/281 282/282/282
f 279/279/279 282/282/282 238/238/238
f 279/279/279 238/238/238 237/237/237
f 279/279/279 237/237/237 243/243/243
f 282/282/282 281/281/281 283/283/283
f 282/282/282 283/283/283 284/284/284
f 282/282/282 284/284/284 285/285/285
f 282/282/282 285/285/285 233/233/233
f 282/282/282 233/233/233 232/232/232
f 282/282/282 232/232/232 238/238/238
f 285/285/285 284/284/284 286/286/286
f 285/285/285 286/286/286 287/287/287
f 285/285/285 287/287/287 288/288/288
f 285/285/285 288/288/288 228/228/228
f 285/285/285 228/228/228 227/227/227
f 285/285/285 227/227/227 233/233/233
f 288/288/288 287/287/287 289/289/289
f 288/288/288 289/289/289 290/290/290
f 288/288/288 290/290/290 291/291/291
f 288/288/288 291/291/291 223/223/223
f 288/288/288 223/223/223 222/222/222
f 288/288/288 222/222/222 228/228/228
f 291/291/291 290/290/290 292/292/292
f 291/291/291 292/292/292 293/293/293
f 291/291/291 293/293/293 294/294/294
f 291/291/291 294/294/294 218/218/218
f 291/291/291 218/218/218 217/217/217
f 291/291/291 217/217/217 223/223/223
f 294/294/294 293/293/293 295/295/295
f 294/294/294 295/295/295 296/296/296
f 294/294/294 296/296/296 297/297/297
f 294/294/294 297/297/297 213/213/213
f 294/294/294 213/213/213 212/212/212
f 294/294/294 212/212/212 218/218/218
f 297/297/297 296/296/296 298/298/298
f 297/297/297 298/298/298 299/299/299
f 297/297/297 299/299/299 300/300/300
f 297/297/297 300/300/300 208/208/208
f 297/297/297 208/208/208 207/207/207
f 297/297/297 207/207/207 213/213/213
f 300/300/300 299/299/299 301/301/301
f 300/300/300 301/301/301 302/302/302
f 300/300/300 302/302/302 303/303/303
f 300/300/300 303/303/303 203/203/203
f 300/300/300 203/203/203 202/202/202
f 300/300/300 202/202/202 208/208/208
f 303/303/303 302/302/302 304/304/304
f 303/303/303 304/304/304 305/305/305
f 303/303/303 305/305/305 306/306/306
f 303/303/303 306/306/306 198/198/198
f 303/303/303 198/198/198 197/197/197
f 303/303/303 197/197/197 203/203/203
f 306/306/306 305/305/305 307/307/307
f 306/306/306 307/307/307 308/308/308
f 306/306/306 308/308/308 309/309/309
f 306/306/306 309/309/309 193/193/193
f 306/306/306 193/193/193 192/192/192
f 306/306/306 192/192/192 198/198/198
f 309/309/309 308/308/308 310/310/310
f 309/309/309 310/310/310 311/311/311
f 309/309/309 311/311/311 312/312/312
f 309/309/309 312/312/312 188/188/188
f 309/309/309 188/188/188 187/187/187
f 309/309/309 187/187/187 193/193/193
f 312/312/312 311/311/311 313/313/313
f 312/312/312 313/313/313 314/314/314
f 312/312/312 314/314/314 315/315/315
f 312/312/312 315/315/315 183/183/183
f 312/312/312 183/183/183 182/182/182
f 312/312/312 182/182/182 188/188/188
f 315/315/315 314/314/314 316/316/316
f 315/315/315 316/316/316 317/317/317
f 315/315/315 317/317/317 318/318/318
f 315/315/315 318/318/318 178/178/178
f 315/315/315 178/178/178 177/177/177
f 315/315/315 177/177/177 183/183/183
f 318/318/318 317/317/317 319/319/319
f 318/318/318 319/319/319 320/320/320
f 318/318/318 320/320/320 321/321/321
f 318/318/318 321/321/321 171/171/171
f 318/318/318 171/171/171 170/170/170
f 318/318/318 170/170/170 178/178/178
f 321/321/321 320/320/320 322/322/322
f 321/321/321 322/322/322 323/323/323
f 321/321/321 323/323/323 324/324/324
f 321/321/321 324/324/324 325/325/325
f 321/321/321 325/325/325 172/172/172
f 321/321/321 172/172/172 171/171/171
f 324/324/324 323/323/323 326/326/326
f 324/324/324 326/326/326 327/327/327
f 328/328/328 329/329/329 330/330/330
f 328/328/328 330/330/330 160/160/160
f 328/328/328 160/160/160 159/159/159
f 328/328/328 159/159/159 165/165/165
f 330/330/330 329/329/329 331/331/331
f 330/330/330 331/331/331 332/332/332
f 330/330/330 332/332/332 333/333/333
f 330/330/330 333/333/333 155/155/155
f 330/330/330 155/155/155 154/154/154
f 330/330/330 154/154/154 160/160/160
f 333/333/333 332/332/332 334/334/334
f 333/333/333 334/334/334 335/335/335
f 333/333/333 335/335/335 336/336/336
f 333/333/333 336/336/336 150/150/150
f 333/333/333 150/150/150 149/149/149
f 333/333/333 149/149/149 155/155/155
f 336/336/336 335/335/335 337/337/337
f 336/336/336 337/337/337 338/338/338
f 336/336/336 338/338/338 339/339/339
f 336/336/336 339/339/339 145/145/145
f 336/336/336 145/145/145 144/144/144
f 336/336/336 144/144/144 150/150/150
f 339/339/339 338/338/338 340/340/340
f 339/339/339 340/340/340 341/341/341
f 339/339/339 341/341/341 342/342/342
f 339/339/339 342/342/342 140/140/140
f 339/339/339 140/140/140 139/139/139
f 339/339/339 139/139/139 145/145/145
f 342/342/342 135/135/135 134/134/134
f 342/342/342 134/134/134 140/140/140
f 343/343/343 344/344/344 345/345/345
f 343/343/343 345/345/345 346/346/346
f 343/343/343 346/346/346 347/347/347
f 343/343/343 347/347/347 348/348/348
f 347/347/347 346/346/346 349/349/349
f 347/347/347 349/349/349 350/350/350
f 347/347/347 350/350/350 351/351/351
f 347/347/347 351/351/351 127/127/127
f 347/347/347 127/127/127 126/126/126
f 347/347/347 126/126/126 348/348/348
f 351/351/351 350/350/350 352/352/352
f 351/351/351 352/352/352 353/353/353
f 351/351/351 353/353/353 354/354/354
f 351/351/351 354/354/354 122/122/122
f 351/351/351 122/122/122 121/121/121
f 351/351/351 121/121/121 127/127/127
f 354/354/354 353/353/353 355/355/355
f 354/354/354 355/355/355 356/356/356
f 354/354/354 356/356/356 357/357/357
f 354/354/354 357/357/357 117/117/117
f 354/354/354 117/117/117 116/116/116
f 354/354/354 116/116/116 122/122/122
f 357/357/357 356/356/356 358/358/358
f 357/357/357 358/358/358 359/359/359
f 357/357/357 359/359/359 360/360/360
f 357/357/357 360/360/360 112/112/112
f 357/357/357 112/112/112 111/111/111
f 357/357/357 111/111/111 117/117/117
f 360/360/360 359/359/359 361/361/361
f 360/360/360 361/361/361 362/362/362
f 360/360/360 362/362/362 363/363/363
f 360/360/360 363/363/363 107/107/107
f 360/360/360 107/107/107 106/106/106
f 360/360/360 106/106/106 112/112/112
f 363/363/363 362/362/362 364/364/364
f 363/363/363 364/364/364 365/365/365
f 363/363/363 365/365/365 366/366/366
f 363/363/363 366/366/366 102/102/102
f 363/363/363 102/102/102 101/101/101
f 363/363/363 101/101/101 107/107/107
f 366/366/366 365/365/365 367/367/367
f 366/366/366 367/367/367 368/368/368
f 366/366/366 368/368/368 369/369/369
f 366/366/366 369/369/369 97/97/97
f 366/366/366 97/97/97 96/96/96
f 366/366/366 96/96/96 102/102/102
f 369/369/369 368/368/368 370/370/370
f 369/369/369 370/370/370 371/371/371
f 369/369/369 371/371/371 372/372/372
f 369/369/369 372/372/372 92/92/92
f 369/369/369 92/92/92 91/91/91
f 369/369/369 91/91/91 97/97/97
f 372/372/372 371/371/371 373/373/373
f 372/372/372 373/373/373 374/374/374
f 372/372/372 374/374/374 375/375/375
f 372/372/372 375/375/375 87/87/87
f 372/372/372 87/87/87 86/86/86
f 372/372/372 86/86/86 92/92/92
f 375/375/375 374/374/374 376/376/376
f 375/375/375 376/376/376 377/377/377
f 375/375/375 377/377/377 378/378/378
f 375/375/375 378/378/378 80/80/80
f 375/375/375 80/80/80 79/79/79
f 375/375/375 79/79/79 87/87/87
f 378/378/378 377/377/377 379/379/379
f 378/378/378 379/379/379 380/380/380
f 378/378/378 380/380/380 381/381/381
f 378/378/378 381/381/381 382/382/382
f 378/378/378 382/382/382 81/81/81
f 378/378/378 81/81/81 80/80/80
f 381/381/381 380/380/380 383/383/383
f 381/381/381 383/383/383 384/384/384
f 385/385/385 386/386/386 44/44/44
f 385/385/385 44/44/44 69/69/69
f 385/385/385 69/69/69 68/68/68
f 385/385/385 68/68/68 74/74/74
f 384/384/384 383/383/383 387/387/387
f 384/384/384 387/387/387 388/388/388
f 386/386/386 389/389/389 45/45/45
f 386/386/386 45/45/45 44/44/44
f 388/388/388 387/387/387 390/390/390
f 388/388/388 390/390/390 391/391/391
f 389/389/389 392/392/392 46/46/46
f 389/389/389 46/46/46 45/45/45
f 391/391/391 390/390/390 393/393/393
f 391/391/391 393/393/393 394/394/394
f 392/392/392 395/395/395 396/396/396
f 392/392/392 396/396/396 46/46/46
f 396/396/396 395/395/395 397/397/397
f 396/396/396 397/397/397 398/398/398
f 396/396/396 398/398/398 399/399/399
f 396/396/396 399/399/399 400/400/400
f 396/396/396 400/400/400 47/47/47
f 396/396/396 47/47/47 46/46/46
f 400/400/400 399/399/399 401/401/401
f 400/400/400 401/401/401 402/402/402
f 400/400/400 402/402/402 48/48/48
f 400/400/400 48/48/48 47/47/47
f 402/402/402 401/401/401 403/403/403
f 402/402/402 403/403/403 404/404/404
f 402/402/402 404/404/404 50/50/50
f 402/402/402 50/50/50 48/48/48
f 404/404/404 403/403/403 405/405/405
f 404/404/404 405/405/405 406/406/406
f 404/404/404 406/406/406 407/407/407
f 404/404/404 407/407/407 50/50/50
f 407/407/407 406/406/406 408/408/408
f 407/407/407 408/408/408 409/409/409
f 407/407/407 409/409/409 410/410/410
f 407/407/407 410/410/410 411/411/411
f 407/407/407 411/411/411 51/51/51
f 407/407/407 51/51/51 50/50/50
f 411/411/411 410/410/410 412/412/412
f 411/411/411 412/412/412 413/413/413
f 411/411/411 413/413/413 52/52/52
f 411/411/411 52/52/52 51/51/51
f 413/413/413 412/412/412 414/414/414
f 413/413/413 414/414/414 415/415/415
f 413/413/413 415/415/415 54/54/54
f 413/413/413 54/54/54 52/52/52
f 415/415/415 414/414/414 416/416/416
f 415/415/415 416/416/416 417/417/417
f 415/415/415 417/417/417 418/418/418
f 415/415/415 418/418/418 54/54/54
f 418/418/418 417/417/417 419/419/419
f 418/418/418 419/419/419 420/420/420
f 418/418/418 420/420/420 421/421/421
f 418/418/418 421/421/421 57/57/57
f 418/418/418 57/57/57 55/55/55
f 418/418/418 55/55/55 54/54/54
f 421/421/421 420/420/420 422/422/422
f 421/421/421 422/422/422 423/423/423
f 421/421/421 423/423/423 424/424/424
f 421/421/421 424/424/424 425/425/425
f 421/421/421 425/425/425 58/58/58
f 421/421/421 58/58/58 57/57/57
f 425/425/425 424/424/424 426/426/426
f 425/425/425 426/426/426 427/427/427
f 425/425/425 427/427/427 59/59/59
f 425/425/425 59/59/59 58/58/58
f 427/427/427 426/426/426 428/428/428
f 427/427/427 428/428/428 429/429/429
f 427/427/427 429/429/429 61/61/61
f 427/427/427 61/61/61 59/59/59
f 429/429/429 428/428/428 430/430/430
f 429/429/429 430/430/430 431/431/431
f 429/429/429 431/431/431 432/432/432
f 429/429/429 432/432/432 61/61/61
f 432/432/432 65/65/65 62/62/62
f 432/432/432 62/62/62 61/61/61
f 432/432/432 431/431/431 433/433/433
f 432/432/432 433/433/433 434/434/434
f 432/432/432 434/434/434 435/435/435
f 432/432/432 435/435/435 65/65/65
f 435/435/435 70/70/70 66/66/66
f 435/435/435 66/66/66 65/65/65
f 435/435/435 434/434/434 436/436/436
f 435/435/435 436/436/436 437/437/437
f 435/435/435 437/437/437 438/438/438
f 435/435/435 438/438/438 70/70/70
f 438/438/438 75/75/75 71/71/71
f 438/438/438 71/71/71 70/70/70
f 438/438/438 437/437/437 439/439/439
f 438/438/438 439/439/439 440/440/440
f 438/438/438 440/440/440 441/441/441
f 438/438/438 441/441/441 75/75/75
f 441/441/441 82/82/82 76/76/76
f 441/441/441 76/76/76 75/75/75
f 441/441/441 440/440/440 442/442/442
f 441/441/441 442/442/442 443/443/443
f 441/441/441 443/443/443 444/444/444
f 441/441/441 444/444/444 82/82/82
f 444/444/444 445/445/445 83/83/83
f 444/444/444 83/83/83 82/82/82
f 444/444/444 443/443/443 446/446/446
f 444/444/444 446/446/446 447/447/447
f 444/444/444 447/447/447 448/448/448
f 444/444/444 448/448/448 445/445/445
f 449/449/449 93/93/93 89/89/89
f 449/449/449 89/89/89 88/88/88
f 448/448/448 447/447/447 450/450/450
f 448/448/448 450/450/450 451/451/451
f 449/449/449 452/452/452 453/453/453
f 449/449/449 453/453/453 93/93/93
f 453/453/453 98/98/98 94/94/94
f 453/453/453 94/94/94 93/93/93
f 453/453/453 452/452/452 454/454/454
f 453/453/453 454/454/454 455/455/455
f 453/453/453 455/455/455 456/456/456
f 453/453/453 456/456/456 98/98/98
f 456/456/456 103/103/103 99/99/99
f 456/456/456 99/99/99 98/98/98
f 456/456/456 455/455/455 457/457/457
f 456/456/456 457/457/457 458/458/458
f 456/456/456 458/458/458 459/459/459
f 456/456/456 459/459/459 103/103/103
f 459/459/459 108/108/108 104/104/104
f 459/459/459 104/104/104 103/103/103
f 459/459/459 458/458/458 460/460/460
f 459/459/459 460/460/460 461/461/461
f 459/459/459 461/461/461 462/462/462
f 459/459/459 462/462/462 108/108/108
f 462/462/462 113/113/113 109/109/109
f 462/462/462 109/109/109 108/108/108
f 462/462/462 461/461/461 463/463/463
f 462/462/462 463/463/463 464/464/464
f 462/462/462 464/464/464 465/465/465
f 462/462/462 465/465/465 113/113/113
f 465/465/465 118/118/118 114/114/114
f 465/465/465 114/114/114 113/113/113
f 465/465/465 464/464/464 466/466/466
f 465/465/465 466/466/466 467/467/467
f 465/465/465 467/467/467 468/468/468
f 465/465/465 468/468/468 118/118/118
f 468/468/468 123/123/123 119/119/119
f 468/468/468 119/119/119 118/118/118
f 469/469/469 470/470/470 471/471/471
f 469/469/469 471/471/471 472/472/472
f 469/469/469 472/472/472 473/473/473
f 469/469/469 473/473/473 474/474/474
f 473/473/473 475/475/475 476/476/476
f 473/473/473 476/476/476 474/474/474
f 473/473/473 472/472/472 477/477/477
f 473/473/473 477/477/477 478/478/478
f 473/473/473 478/478/478 479/479/479
f 473/473/473 479/479/479 475/475/475
f 479/479/479 480/480/480 481/481/481
f 479/479/479 481/481/481 475/475/475
f 479/479/479 478/478/478 482/482/482
f 479/479/479 482/482/482 483/483/483
f 479/479/479 483/483/483 484/484/484
f 479/479/479 484/484/484 480/480/480
f 484/484/484 485/485/485 486/486/486
f 484/484/484 486/486/486 480/480/480
f 484/484/484 483/483/483 487/487/487
f 484/484/484 487/487/487 488/488/488
f 484/484/484 488/488/488 489/489/489
f 484/484/484 489/489/489 485/485/485
f 489/489/489 490/490/490 491/491/491
f 489/489/489 491/491/491 485/485/485
f 489/489/489 488/488/488 492/492/492
f 489/489/489 492/492/492 493/493/493
f 489/489/489 493/493/493 494/494/494
f 489/489/489 494/494/494 490/490/490
f 494/494/494 495/495/495 496/496/496
f 494/494/494 496/496/496 490/490/490
f 494/494/494 493/493/493 497/497/497
f 494/494/494 497/497/497 498/498/498
f 494/494/494 498/498/498 499/499/499
f 494/494/494 499/499/499 495/495/495
f 499/499/499 500/500/500 501/501/501
f 499/499/499 501/501/501 495/495/495
f 499/499/499 498/498/498 502/502/502
f 499/499/499 502/502/502 503/503/503
f 499/499/499 503/503/503 504/504/504
f 499/499/499 504/504/504 500/500/500
f 504/504/504 505/505/505 506/506/506
f 504/504/504 506/506/506 500/500/500
f 504/504/504 503/503/503 507/507/507
f 504/504/504 507/507/507 508/508/508
f 504/504/504 508/508/508 509/509/509
f 504/504/504 509/509/509 505/505/505
f 509/509/509 510/510/510 511/511/511
f 509/509/509 511/511/511 505/505/505
f 509/509/509 508/508/508 512/512/512
f 509/509/509 512/512/512 513/513/513
f 509/509/509 513/513/513 514/514/514
f 509/509/509 514/514/514 510/510/510
f 514/514/514 515/515/515 516/516/516
f 514/514/514 516/516/516 510/510/510
f 514/514/514 513/513/513 517/517/517
f 514/514/514 517/517/517 518/518/518
f 514/514/514 518/518/518 519/519/519
f 514/514/514 519/519/519 515/515/515
f 519/519/519 520/520/520 521/521/521
f 519/519/519 521/521/521 515/515/515
f 519/519/519 518/518/518 522/522/522
f 519/519/519 522/522/522 523/523/523
f 519/519/519 523/523/523 524/524/524
f 519/519/519 524/524/524 520/520/520
f 524/524/524 525/525/525 526/526/526
f 524/524/524 526/526/526 520/520/520
f 524/524/524 523/523/523 527/527/527
f 524/524/524 527/527/527 528/528/528
f 524/524/524 528/528/528 529/529/529
f 524/524/524 529/529/529 525/525/525
f 529/529/529 530/530/530 531/531/531
f 529/529/529 531/531/531 525/525/525
f 529/529/529 528/528/528 532/532/532
f 529/529/529 532/532/532 533/533/533
f 529/529/529 533/533/533 534/534/534
f 529/529/529 534/534/534 530/530/530
f 534/534/534 535/535/535 536/536/536
f 534/534/534 536/536/536 530/530/530
f 534/534/534 533/533/533 537/537/537
f 534/534/534 537/537/537 538/538/538
f 534/534/534 538/538/538 539/539/539
f 534/534/534 539/539/539 535/535/535
f 539/539/539 540/540/540 541/541/541
f 539/539/539 541/541/541 535/535/535
f 539/539/539 538/538/538 542/542/542
f 539/539/539 542/542/542 543/543/543
f 539/539/539 543/543/543 544/544/544
f 539/539/539 544/544/544 540/540/540
f 544/544/544 545/545/545 546/546/546
f 544/544/544 546/546/546 540/540/540
f 544/544/544 543/543/543 547/547/547
f 544/544/544 547/547/547 548/548/548
f 544/544/544 548/548/548 549/549/549
f 544/544/544 549/549/549 545/545/545
f 550/550/550 551/551/551 552/552/552
f 550/550/550 552/552/552 553/553/553
f 549/549/549 548/548/548 554/554/554
f 549/549/549 554/554/554 555/555/555
f 550/550/550 556/556/556 557/557/557
f 550/550/550 557/557/557 551/551/551
f 557/557/557 558/558/558 559/559/559
f 557/557/557 559/559/559 551/551/551
f 557/557/557 556/556/556 560/560/560
f 557/557/557 560/560/560 561/561/561
f 557/557/557 561/561/561 562/562/562
f 557/557/557 562/562/562 558/558/558
f 562/562/562 563/563/563 564/564/564
f 562/562/562 564/564/564 558/558/558
f 562/562/562 561/561/561 565/565/565
f 562/562/562 565/565/565 566/566/566
f 562/562/562 566/566/566 567/567/567
f 562/562/562 567/567/567 563/563/563
f 567/567/567 568/568/568 569/569/569
f 567/567/567 569/569/569 563/563/563
f 567/567/567 566/566/566 570/570/570
f 567/567/567 570/570/570 571/571/571
f 567/567/567 571/571/571 572/572/572
f 567/567/567 572/572/572 568/568/568
f 572/572/572 573/573/573 574/574/574
f 572/572/572 574/574/574 568/568/568
f 572/572/572 571/571/571 575/575/575
f 572/572/572 575/575/575 576/576/576
f 572/572/572 576/576/576 577/577/577
f 572/572/572 577/577/577 573/573/573
f 577/577/577 578/578/578 579/579/579
f 577/577/577 579/579/579 573/573/573
f 577/577/577 576/576/576 580/580/580
f 577/577/577 580/580/580 581/581/581
f 577/577/577 581/581/581 582/582/582
f 577/577/577 582/582/582 578/578/578
f 582/582/582 583/583/583 584/584/584
f 582/582/582 584/584/584 578/578/578
f 582/582/582 581/581/581 585/585/585
f 582/582/582 585/585/585 586/586/586
f 582/582/582 586/586/586 587/587/587
f 582/582/582 587/587/587 583/583/583
f 587/587/587 588/588/588 589/589/589
f 587/587/587 589/589/589 583/583/583
f 587/587/587 586/586/586 590/590/590
f 587/587/587 590/590/590 591/591/591
f 587/587/587 591/591/591 592/592/592
f 587/587/587 592/592/592 588/588/588
f 592/592/592 593/593/593 594/594/594
f 592/592/592 594/594/594 588/588/588
f 592/592/592 591/591/591 595/595/595
f 592/592/592 595/595/595 596/596/596
f 592/592/592 596/596/596 597/597/597
f 592/592/592 597/597/597 593/593/593
f 597/597/597 598/598/598 599/599/599
f 597/597/597 599/599/599 593/593/593
f 600/600/600 601/601/601 602/602/602
f 600/600/600 602/602/602 603/603/603
f 600/600/600 603/603/603 604/604/604
f 600/600/600 604/604/604 605/605/605
f 604/604/604 603/603/603 606/606/606
f 604/604/604 606/606/606 607/607/607
f 604/604/604 607/607/607 608/608/608
f 604/604/604 608/608/608 599/599/599
f 604/604/604 599/599/599 598/598/598
f 604/604/604 598/598/598 605/605/605
f 608/608/608 607/607/607 609/609/609
f 608/608/608 609/609/609 610/610/610
f 608/608/608 610/610/610 611/611/611
f 608/608/608 611/611/611 594/594/594
f 608/608/608 594/594/594 593/593/593
f 608/608/608 593/593/593 599/599/599
f 611/611/611 610/610/610 612/612/612
f 611/611/611 612/612/612 613/613/613
f 611/611/611 613/613/613 614/614/614
f 611/611/611 614/614/614 589/589/589
f 611/611/611 589/589/589 588/588/588
f 611/611/611 588/588/588 594/594/594
f 614/614/614 613/613/613 615/615/615
f 614/614/614 615/615/615 616/616/616
f 614/614/614 616/616/616 617/617/617
f 614/614/614 617/617/617 584/584/584
f 614/614/614 584/584/584 583/583/583
f 614/614/614 583/583/583 589/589/589
f 617/617/617 616/616/616 618/618/618
f 617/617/617 618/618/618 619/619/619
f 617/617/617 619/619/619 620/620/620
f 617/617/617 620/620/620 579/579/579
f 617/617/617 579/579/579 578/578/578
f 617/617/617 578/578/578 584/584/584
f 620/620/620 619/619/619 621/621/621
f 620/620/620 621/621/621 622/622/622
f 620/620/620 622/622/622 623/623/623
f 620/620/620 623/623/623 574/574/574
f 620/620/620 574/574/574 573/573/573
f 620/620/620 573/573/573 579/579/579
f 623/623/623 622/622/622 624/624/624
f 623/623/623 624/624/624 625/625/625
f 623/623/623 625/625/625 626/626/626
f 623/623/623 626/626/626 569/569/569
f 623/623/623 569/569/569 568/568/568
f 623/623/623 568/568/568 574/574/574
f 626/626/626 625/625/625 627/627/627
f 626/626/626 627/627/627 628/628/628
f 626/626/626 628/628/628 629/629/629
f 626/626/626 629/629/629 564/564/564
f 626/626/626 564/564/564 563/563/563
f 626/626/626 563/563/563 569/569/569
f 629/629/629 628/628/628 630/630/630
f 629/629/629 630/630/630 631/631/631
f 629/629/629 631/631/631 632/632/632
f 629/629/629 632/632/632 559/559/559
f 629/629/629 559/559/559 558/558/558
f 629/629/629 558/558/558 564/564/564
f 632/632/632 631/631/631 633/633/633
f 632/632/632 633/633/633 634/634/634
f 632/632/632 634/634/634 635/635/635
f 632/632/632 635/635/635 552/552/552
f 632/632/632 552/552/552 551/551/551
f 632/632/632 551/551/551 559/559/559
f 635/635/635 634/634/634 636/636/636
f 635/635/635 636/636/636 637/637/637
f 635/635/635 637/637/637 638/638/638
f 635/635/635 638/638/638 639/639/639
f 635/635/635 639/639/639 553/553/553
f 635/635/635 553/553/553 552/552/552
f 638/638/638 637/637/637 640/640/640
f 638/638/638 640/640/640 641/641/641
f 642/642/642 643/643/643 644/644/644
f 642/642/642 644/644/644 541/541/541
f 642/642/642 541/541/541 540/540/540
f 642/642/642 540/540/540 546/546/546
f 644/644/644 643/643/643 645/645/645
f 644/644/644 645/645/645 646/646/646
f 644/644/644 646/646/646 647/647/647
f 644/644/644 647/647/647 536/536/536
f 644/644/644 536/536/536 535/535/535
f 644/644/644 535/535/535 541/541/541
f 647/647/647 646/646/646 648/648/648
f 647/647/647 648/648/648 649/649/649
f 647/647/647 649/649/649 650/650/650
f 647/647/647 650/650/650 531/531/531
f 647/647/647 531/531/531 530/530/530
f 647/647/647 530/530/530 536/536/536
f 650/650/650 649/649/649 651/651/651
f 650/650/650 651/651/651 652/652/652
f 650/650/650 652/652/652 653/653/653
f 650/650/650 653/653/653 526/526/526
f 650/650/650 526/526/526 525/525/525
f 650/650/650 525/525/525 531/531/531
f 653/653/653 652/652/652 654/654/654
f 653/653/653 654/654/654 655/655/655
f 653/653/653 655/655/655 656/656/656
f 653/653/653 656/656/656 521/521/521
f 653/653/653 521/521/521 520/520/520
f 653/653/653 520/520/520 526/526/526
f 656/656/656 655/655/655 657/657/657
f 656/656/656 657/657/657 658/658/658
f 656/656/656 658/658/658 659/659/659
f 656/656/656 659/659/659 516/516/516
f 656/656/656 516/516/516 515/515/515
f 656/656/656 515/515/515 521/521/521
f 659/659/659 658/658/658 660/660/660
f 659/659/659 660/660/660 661/661/661
f 659/659/659 661/661/661 662/662/662
f 659/659/659 662/662/662 511/511/511
f 659/659/659 511/511/511 510/510/510
f 659/659/659 510/510/510 516/516/516
f 662/662/662 661/661/661 663/663/663
f 662/662/662 663/663/663 664/664/664
f 662/662/662 664/664/664 665/665/665
f 662/662/662 665/665/665 506/506/506
f 662/662/662 506/506/506 505/505/505
f 662/662/662 505/505/505 511/511/511
f 665/665/665 664/664/664 666/666/666
f 665/665/665 666/666/666 667/667/667
f 665/665/665 667/667/667 668/668/668
f 665/665/665 668/668/668 501/501/501
f 665/665/665 501/501/501 500/500/500
f 665/665/665 500/500/500 506/506/506
f 668/668/668 667/667/667 669/669/669
f 668/668/668 669/669/669 670/670/670
f 668/668/668 670/670/670 671/671/671
f 668/668/668 671/671/671 496/496/496
f 668/668/668 496/496/496 495/495/495
f 668/668/668 495/495/495 501/501/501
f 671/671/671 670/670/670 672/672/672
f 671/671/671 672/672/672 673/673/673
f 671/671/671 673/673/673 674/674/674
f 671/671/671 674/674/674 491/491/491
f 671/671/671 491/491/491 490/490/490
f 671/671/671 490/490/490 496/496/496
f 674/674/674 673/673/673 675/675/675
f 674/674/674 675/675/675 676/676/676
f 674/674/674 676/676/676 677/677/677
f 674/674/674 677/677/677 486/486/486
f 674/674/674 486/486/486 485/485/485
f 674/674/674 485/485/485 491/491/491
f 677/677/677 676/676/676 678/678/678
f 677/677/677 678/678/678 679/679/679
f 677/677/677 679/679/679 680/680/680
f 677/677/677 680/680/680 481/481/481
f 677/677/677 481/481/481 480/480/480
f 677/677/677 480/480/480 486/486/486
f 680/680/680 476/476/476 475/475/475
f 680/680/680 475/475/475 481/481/481
f 678/678/678 676/676/676 675/675/675
f 678/678/678 675/675/675 681/681/681
f 675/675/675 130/130/130 129/129/129
f 675/675/675 129/129/129 681/681/681
f 675/675/675 673/673/673 672/672/672
f 675/675/675 672/672/672 130/130/130
f 672/672/672 136/136/136 131/131/131
f 672/672/672 131/131/131 130/130/130
f 672/672/672 670/670/670 669/669/669
f 672/672/672 669/669/669 136/136/136
f 669/669/669 141/141/141 137/137/137
f 669/669/669 137/137/137 136/136/136
f 669/669/669 667/667/667 666/666/666
f 669/669/669 666/666/666 141/141/141
f 666/666/666 146/146/146 142/142/142
f 666/666/666 142/142/142 141/141/141
f 666/666/666 664/664/664 663/663/663
f 666/666/666 663/663/663 146/146/146
f 663/663/663 151/151/151 147/147/147
f 663/663/663 147/147/147 146/146/146
f 663/663/663 661/661/661 660/660/660
f 663/663/663 660/660/660 151/151/151
f 660/660/660 156/156/156 152/152/152
f 660/660/660 152/152/152 151/151/151
f 660/660/660 658/658/658 657/657/657
f 660/660/660 657/657/657 156/156/156
f 657/657/657 161/161/161 157/157/157
f 657/657/657 157/157/157 156/156/156
f 657/657/657 655/655/655 654/654/654
f 657/657/657 654/654/654 161/161/161
f 654/654/654 166/166/166 162/162/162
f 654/654/654 162/162/162 161/161/161
f 654/654/654 652/652/652 651/651/651
f 654/654/654 651/651/651 166/166/166
f 651/651/651 173/173/173 167/167/167
f 651/651/651 167/167/167 166/166/166
f 651/651/651 649/649/649 648/648/648
f 651/651/651 648/648/648 173/173/173
f 648/648/648 682/682/682 174/174/174
f 648/648/648 174/174/174 173/173/173
f 648/648/648 646/646/646 645/645/645
f 648/648/648 645/645/645 682/682/682
f 683/683/683 184/184/184 180/180/180
f 683/683/683 180/180/180 179/179/179
f 683/683/683 641/641/641 640/640/640
f 683/683/683 640/640/640 184/184/184
f 640/640/640 189/189/189 185/185/185
f 640/640/640 185/185/185 184/184/184
f 640/640/640 637/637/637 636/636/636
f 640/640/640 636/636/636 189/189/189
f 636/636/636 194/194/194 190/190/190
f 636/636/636 190/190/190 189/189/189
f 636/636/636 634/634/634 633/633/633
f 636/636/636 633/633/633 194/194/194
f 633/633/633 199/199/199 195/195/195
f 633/633/633 195/195/195 194/194/194
f 633/633/633 631/631/631 630/630/630
f 633/633/633 630/630/630 199/199/199
f 630/630/630 204/204/204 200/200/200
f 630/630/630 200/200/200 199/199/199
f 630/630/630 628/628/628 627/627/627
f 630/630/630 627/627/627 204/204/204
f 627/627/627 209/209/209 205/205/205
f 627/627/627 205/205/205 204/204/204
f 627/627/627 625/625/625 624/624/624
f 627/627/627 624/624/624 209/209/209
f 624/624/624 214/214/214 210/210/210
f 624/624/624 210/210/210 209/209/209
f 624/624/624 622/622/622 621/621/621
f 624/624/624 621/621/621 214/214/214
f 621/621/621 219/219/219 215/215/215
f 621/621/621 215/215/215 214/214/214
f 621/621/621 619/619/619 618/618/618
f 621/621/621 618/618/618 219/219/219
f 618/618/618 224/224/224 220/220/220
f 618/618/618 220/220/220 219/219/219
f 618/618/618 616/616/616 615/615/615
f 618/618/618 615/615/615 224/224/224
f 615/615/615 229/229/229 225/225/225
f 615/615/615 225/225/225 224/224/224
f 615/615/615 613/613/613 612/612/612
f 615/615/615 612/612/612 229/229/229
f 612/612/612 234/234/234 230/230/230
f 612/612/612 230/230/230 229/229/229
f 612/612/612 610/610/610 609/609/609
f 612/612/612 609/609/609 234/234/234
f 609/609/609 239/239/239 235/235/235
f 609/609/609 235/235/235 234/234/234
f 609/609/609 607/607/607 606/606/606
f 609/609/609 606/606/606 239/239/239
f 606/606/606 244/244/244 240/240/240
f 606/606/606 240/240/240 239/239/239
f 606/606/606 603/603/603 602/602/602
f 606/606/606 602/602/602 244/244/244
f 602/602/602 249/249/249 245/245/245
f 602/602/602 245/245/245 244/244/244
f 602/602/602 601/601/601 684/684/684
f 602/602/602 684/684/684 249/249/249
f 684/684/684 254/254/254 250/250/250
f 684/684/684 250/250/250 249/249/249
f 685/685/685 686/686/686 687/687/687
f 685/685/685 687/687/687 688/688/688
f 685/685/685 688/688/688 689/689/689
f 685/685/685 689/689/689 690/690/690
f 689/689/689 688/688/688 691/691/691
f 689/689/689 691/691/691 692/692/692
f 689/689/689 692/692/692 693/693/693
f 689/689/689 693/693/693 261/261/261
f 689/689/689 261/261/261 260/260/260
f 689/689/689 260/260/260 690/690/690
f 693/693/693 692/692/692 694/694/694
f 693/693/693 694/694/694 695/695/695
f 693/693/693 695/695/695 696/696/696
f 693/693/693 696/696/696 265/265/265
f 693/693/693 265/265/265 262/262/262
f 693/693/693 262/262/262 261/261/261
f 696/696/696 695/695/695 697/697/697
f 696/696/696 697/697/697 698/698/698
f 696/696/696 698/698/698 699/699/699
f 696/696/696 699/699/699 700/700/700
f 696/696/696 700/700/700 266/266/266
f 696/696/696 266/266/266 265/265/265
f 699/699/699 698/698/698 701/701/701
f 699/699/699 701/701/701 702/702/702
f 703/703/703 704/704/704 705/705/705
f 703/703/703 705/705/705 274/274/274
f 703/703/703 274/274/274 272/272/272
f 703/703/703 272/272/272 271/271/271
f 705/705/705 704/704/704 706/706/706
f 705/705/705 706/706/706 707/707/707
f 705/705/705 707/707/707 708/708/708
f 705/705/705 708/708/708 277/277/277
f 705/705/705 277/277/277 275/275/275
f 705/705/705 275/275/275 274/274/274
f 708/708/708 707/707/707 709/709/709
f 708/708/708 709/709/709 710/710/710
f 708/708/708 710/710/710 711/711/711
f 708/708/708 711/711/711 280/280/280
f 708/708/708 280/280/280 278/278/278
f 708/708/708 278/278/278 277/277/277
f 711/711/711 710/710/710 712/712/712
f 711/711/711 712/712/712 713/713/713
f 711/711/711 713/713/713 714/714/714
f 711/711/711 714/714/714 283/283/283
f 711/711/711 283/283/283 281/281/281
f 711/711/711 281/281/281 280/280/280
f 714/714/714 713/713/713 715/715/715
f 714/714/714 715/715/715 716/716/716
f 714/714/714 716/716/716 717/717/717
f 714/714/714 717/717/717 286/286/286
f 714/714/714 286/286/286 284/284/284
f 714/714/714 284/284/284 283/283/283
f 717/717/717 716/716/716 718/718/718
f 717/717/717 718/718/718 719/719/719
f 717/717/717 719/719/719 720/720/720
f 717/717/717 720/720/720 289/289/289
f 717/717/717 289/289/289 287/287/287
f 717/717/717 287/287/287 286/286/286
f 720/720/720 719/719/719 28/28/28
f 720/720/720 28/28/28 721/721/721
f 720/720/720 721/721/721 722/722/722
f 720/720/720 722/722/722 292/292/292
f 720/720/720 292/292/292 290/290/290
f 720/720/720 290/290/290 289/289/289
f 722/722/722 721/721/721 723/723/723
f 722/722/722 723/723/723 724/724/724
f 722/722/722 724/724/724 725/725/725
f 722/722/722 725/725/725 295/295/295
f 722/722/722 295/295/295 293/293/293
f 722/722/722 293/293/293 292/292/292
f 725/725/725 724/724/724 726/726/726
f 725/725/725 726/726/726 727/727/727
f 725/725/725 727/727/727 728/728/728
f 725/725/725 728/728/728 298/298/298
f 725/725/725 298/298/298 296/296/296
f 725/725/725 296/296/296 295/295/295
f 728/728/728 727/727/727 729/729/729
f 728/728/728 729/729/729 730/730/730
f 728/728/728 730/730/730 731/731/731
f 728/728/728 731/731/731 301/301/301
f 728/728/728 301/301/301 299/299/299
f 728/728/728 299/299/299 298/298/298
f 731/731/731 730/730/730 732/732/732
f 731/731/731 732/732/732 733/733/733
f 731/731/731 733/733/733 734/734/734
f 731/731/731 734/734/734 304/304/304
f 731/731/731 304/304/304 302/302/302
f 731/731/731 302/302/302 301/301/301
f 734/734/734 733/733/733 735/735/735
f 734/734/734 735/735/735 736/736/736
f 734/734/734 736/736/736 737/737/737
f 734/734/734 737/737/737 307/307/307
f 734/734/734 307/307/307 305/305/305
f 734/734/734 305/305/305 304/304/304
f 737/737/737 736/736/736 738/738/738
f 737/737/737 738/738/738 739/739/739
f 737/737/737 739/739/739 740/740/740
f 737/737/737 740/740/740 310/310/310
f 737/737/737 310/310/310 308/308/308
f 737/737/737 308/308/308 307/307/307
f 740/740/740 739/739/739 741/741/741
f 740/740/740 741/741/741 742/742/742
f 740/740/740 742/742/742 743/743/743
f 740/740/740 743/743/743 313/313/313
f 740/740/740 313/313/313 311/311/311
f 740/740/740 311/311/311 310/310/310
f 743/743/743 742/742/742 744/744/744
f 743/743/743 744/744/744 745/745/745
f 743/743/743 745/745/745 746/746/746
f 743/743/743 746/746/746 316/316/316
f 743/743/743 316/316/316 314/314/314
f 743/743/743 314/314/314 313/313/313
f 746/746/746 745/745/745 747/747/747
f 746/746/746 747/747/747 748/748/748
f 746/746/746 748/748/748 749/749/749
f 746/746/746 749/749/749 319/319/319
f 746/746/746 319/319/319 317/317/317
f 746/746/746 317/317/317 316/316/316
f 749/749/749 748/748/748 750/750/750
f 749/749/749 750/750/750 751/751/751
f 749/749/749 751/751/751 752/752/752
f 749/749/749 752/752/752 322/322/322
f 749/749/749 322/322/322 320/320/320
f 749/749/749 320/320/320 319/319/319
f 752/752/752 751/751/751 753/753/753
f 752/752/752 753/753/753 754/754/754
f 752/752/752 754/754/754 755/755/755
f 752/752/752 755/755/755 326/326/326
f 752/752/752 326/326/326 323/323/323
f 752/752/752 323/323/323 322/322/322
f 755/755/755 754/754/754 756/756/756
f 755/755/755 756/756/756 757/757/757
f 755/755/755 757/757/757 758/758/758
f 755/755/755 758/758/758 759/759/759
f 755/755/755 759/759/759 327/327/327
f 755/755/755 327/327/327 326/326/326
f 758/758/758 757/757/757 760/760/760
f 758/758/758 760/760/760 761/761/761
f 762/762/762 763/763/763 764/764/764
f 762/762/762 764/764/764 334/334/334
f 762/762/762 334/334/334 332/332/332
f 762/762/762 332/332/332 331/331/331
f 764/764/764 763/763/763 765/765/765
f 764/764/764 765/765/765 766/766/766
f 764/764/764 766/766/766 767/767/767
f 764/764/764 767/767/767 337/337/337
f 764/764/764 337/337/337 335/335/335
f 764/764/764 335/335/335 334/334/334
f 767/767/767 340/340/340 338/338/338
f 767/767/767 338/338/338 337/337/337
f 768/768/768 769/769/769 770/770/770
f 768/768/768 770/770/770 771/771/771
f 768/768/768 771/771/771 772/772/772
f 768/768/768 772/772/772 773/773/773
f 772/772/772 771/771/771 774/774/774
f 772/772/772 774/774/774 775/775/775
f 772/772/772 775/775/775 776/776/776
f 772/772/772 776/776/776 345/345/345
f 772/772/772 345/345/345 344/344/344
f 772/772/772 344/344/344 773/773/773
f 776/776/776 775/775/775 777/777/777
f 776/776/776 777/777/777 778/778/778
f 776/776/776 778/778/778 779/779/779
f 776/776/776 779/779/779 349/349/349
f 776/776/776 349/349/349 346/346/346
f 776/776/776 346/346/346 345/345/345
f 779/779/779 778/778/778 780/780/780
f 779/779/779 780/780/780 781/781/781
f 779/779/779 781/781/781 782/782/782
f 779/779/779 782/782/782 352/352/352
f 779/779/779 352/352/352 350/350/350
f 779/779/779 350/350/350 349/349/349
f 782/782/782 781/781/781 783/783/783
f 782/782/782 783/783/783 784/784/784
f 782/782/782 784/784/784 785/785/785
f 782/782/782 785/785/785 355/355/355
f 782/782/782 355/355/355 353/353/353
f 782/782/782 353/353/353 352/352/352
f 785/785/785 784/784/784 786/786/786
f 785/785/785 786/786/786 787/787/787
f 785/785/785 787/787/787 788/788/788
f 785/785/785 788/788/788 358/358/358
f 785/785/785 358/358/358 356/356/356
f 785/785/785 356/356/356 355/355/355
f 788/788/788 787/787/787 789/789/789
f 788/788/788 789/789/789 790/790/790
f 788/788/788 790/790/790 791/791/791
f 788/788/788 791/791/791 361/361/361
f 788/788/788 361/361/361 359/359/359
f 788/788/788 359/359/359 358/358/358
f 791/791/791 790/790/790 792/792/792
f 791/791/791 792/792/792 793/793/793
f 791/791/791 793/793/793 794/794/794
f 791/791/791 794/794/794 364/364/364
f 791/791/791 364/364/364 362/362/362
f 791/791/791 362/362/362 361/361/361
f 794/794/794 793/793/793 795/795/795
f 794/794/794 795/795/795 796/796/796
f 794/794/794 796/796/796 797/797/797
f 794/794/794 797/797/797 367/367/367
f 794/794/794 367/367/367 365/365/365
f 794/794/794 365/365/365 364/364/364
f 797/797/797 796/796/796 798/798/798
f 797/797/797 798/798/798 799/799/799
f 797/797/797 799/799/799 800/800/800
f 797/797/797 800/800/800 370/370/370
f 797/797/797 370/370/370 368/368/368
f 797/797/797 368/368/368 367/367/367
f 800/800/800 799/799/799 801/801/801
f 800/800/800 801/801/801 15/15/15
f 800/800/800 15/15/15 14/14/14
f 800/800/800 14/14/14 373/373/373
f 800/800/800 373/373/373 371/371/371
f 800/800/800 371/371/371 370/370/370
f 801/801/801 802/802/802 803/803/803
f 801/801/801 803/803/803 804/804/804
f 801/801/801 804/804/804 16/16/16
f 801/801/801 16/16/16 15/15/15
f 801/801/801 799/799/799 798/798/798
f 801/801/801 798/798/798 802/802/802
f 804/804/804 803/803/803 805/805/805
f 804/804/804 805/805/805 806/806/806
f 804/804/804 806/806/806 20/20/20
f 804/804/804 20/20/20 16/16/16
f 806/806/806 805/805/805 807/807/807
f 806/806/806 807/807/807 808/808/808
f 806/806/806 808/808/808 809/809/809
f 806/806/806 809/809/809 20/20/20
f 809/809/809 808/808/808 810/810/810
f 809/809/809 810/810/810 811/811/811
f 809/809/809 811/811/811 812/812/812
f 809/809/809 812/812/812 813/813/813
f 809/809/809 813/813/813 17/17/17
f 809/809/809 17/17/17 20/20/20
f 813/813/813 812/812/812 814/814/814
f 813/813/813 814/814/814 815/815/815
f 813/813/813 815/815/815 18/18/18
f 813/813/813 18/18/18 17/17/17
f 815/815/815 814/814/814 816/816/816
f 815/815/815 816/816/816 817/817/817
f 815/815/815 817/817/817 818/818/818
f 815/815/815 818/818/818 18/18/18
f 818/818/818 817/817/817 819/819/819
f 818/818/818 819/819/819 820/820/820
f 818/818/818 820/820/820 821/821/821
f 818/818/818 821/821/821 822/822/822
f 818/818/818 822/822/822 19/19/19
f 818/818/818 19/19/19 18/18/18
f 822/822/822 821/821/821 823/823/823
f 822/822/822 823/823/823 824/824/824
f 822/822/822 824/824/824 825/825/825
f 822/822/822 825/825/825 19/19/19
f 825/825/825 824/824/824 826/826/826
f 825/825/825 826/826/826 827/827/827
f 825/825/825 827/827/827 379/379/379
f 825/825/825 379/379/379 828/828/828
f 825/825/825 828/828/828 13/13/13
f 825/825/825 13/13/13 19/19/19
f 828/828/828 379/379/379 377/377/377
f 828/828/828 377/377/377 376/376/376
f 828/828/828 376/376/376 14/14/14
f 828/828/828 14/14/14 13/13/13
f 827/827/827 826/826/826 387/387/387
f 827/827/827 387/387/387 383/383/383
f 827/827/827 383/383/383 380/380/380
f 827/827/827 380/380/380 379/379/379
f 826/826/826 824/824/824 823/823/823
f 826/826/826 823/823/823 829/829/829
f 826/826/826 829/829/829 390/390/390
f 826/826/826 390/390/390 387/387/387
f 829/829/829 823/823/823 830/830/830
f 829/829/829 830/830/830 831/831/831
f 829/829/829 831/831/831 393/393/393
f 829/829/829 393/393/393 390/390/390
f 831/831/831 830/830/830 832/832/832
f 831/831/831 832/832/832 833/833/833
f 831/831/831 833/833/833 834/834/834
f 831/831/831 834/834/834 393/393/393
f 834/834/834 833/833/833 835/835/835
f 834/834/834 835/835/835 836/836/836
f 834/834/834 836/836/836 837/837/837
f 834/834/834 837/837/837 838/838/838
f 834/834/834 838/838/838 394/394/394
f 834/834/834 394/394/394 393/393/393
f 837/837/837 836/836/836 839/839/839
f 837/837/837 839/839/839 840/840/840
f 841/841/841 842/842/842 843/843/843
f 841/841/841 843/843/843 844/844/844
f 841/841/841 844/844/844 398/398/398
f 841/841/841 398/398/398 397/397/397
f 844/844/844 843/843/843 845/845/845
f 844/844/844 845/845/845 846/846/846
f 844/844/844 846/846/846 399/399/399
f 844/844/844 399/399/399 398/398/398
f 846/846/846 845/845/845 847/847/847
f 846/846/846 847/847/847 848/848/848
f 846/846/846 848/848/848 401/401/401
f 846/846/846 401/401/401 399/399/399
f 848/848/848 847/847/847 849/849/849
f 848/848/848 849/849/849 850/850/850
f 848/848/848 850/850/850 403/403/403
f 848/848/848 403/403/403 401/401/401
f 850/850/850 849/849/849 851/851/851
f 850/850/850 851/851/851 852/852/852
f 850/850/850 852/852/852 405/405/405
f 850/850/850 405/405/405 403/403/403
f 852/852/852 851/851/851 853/853/853
f 852/852/852 853/853/853 854/854/854
f 852/852/852 854/854/854 855/855/855
f 852/852/852 855/855/855 405/405/405
f 855/855/855 854/854/854 856/856/856
f 855/855/855 856/856/856 857/857/857
f 855/855/855 857/857/857 858/858/858
f 855/855/855 858/858/858 408/408/408
f 855/855/855 408/408/408 406/406/406
f 855/855/855 406/406/406 405/405/405
f 858/858/858 857/857/857 859/859/859
f 858/858/858 859/859/859 860/860/860
f 858/858/858 860/860/860 861/861/861
f 858/858/858 861/861/861 862/862/862
f 858/858/858 862/862/862 409/409/409
f 858/858/858 409/409/409 408/408/408
f 862/862/862 861/861/861 863/863/863
f 862/862/862 863/863/863 864/864/864
f 862/862/862 864/864/864 410/410/410
f 862/862/862 410/410/410 409/409/409
f 864/864/864 863/863/863 865/865/865
f 864/864/864 865/865/865 866/866/866
f 864/864/864 866/866/866 412/412/412
f 864/864/864 412/412/412 410/410/410
f 866/866/866 865/865/865 867/867/867
f 866/866/866 867/867/867 868/868/868
f 866/866/866 868/868/868 414/414/414
f 866/866/866 414/414/414 412/412/412
f 868/868/868 867/867/867 869/869/869
f 868/868/868 869/869/869 870/870/870
f 868/868/868 870/870/870 416/416/416
f 868/868/868 416/416/416 414/414/414
f 870/870/870 869/869/869 871/871/871
f 870/870/870 871/871/871 872/872/872
f 870/870/870 872/872/872 873/873/873
f 870/870/870 873/873/873 416/416/416
f 873/873/873 872/872/872 874/874/874
f 873/873/873 874/874/874 875/875/875
f 873/873/873 875/875/875 876/876/876
f 873/873/873 876/876/876 419/419/419
f 873/873/873 419/419/419 417/417/417
f 873/873/873 417/417/417 416/416/416
f 876/876/876 875/875/875 877/877/877
f 876/876/876 877/877/877 878/878/878
f 876/876/876 878/878/878 879/879/879
f 876/876/876 879/879/879 422/422/422
f 876/876/876 422/422/422 420/420/420
f 876/876/876 420/420/420 419/419/419
f 879/879/879 878/878/878 880/880/880
f 879/879/879 880/880/880 881/881/881
f 879/879/879 881/881/881 882/882/882
f 879/879/879 882/882/882 883/883/883
f 879/879/879 883/883/883 423/423/423
f 879/879/879 423/423/423 422/422/422
f 883/883/883 882/882/882 884/884/884
f 883/883/883 884/884/884 885/885/885
f 883/883/883 885/885/885 424/424/424
f 883/883/883 424/424/424 423/423/423
f 885/885/885 884/884/884 886/886/886
f 885/885/885 886/886/886 887/887/887
f 885/885/885 887/887/887 426/426/426
f 885/885/885 426/426/426 424/424/424
f 887/887/887 886/886/886 888/888/888
f 887/887/887 888/888/888 889/889/889
f 887/887/887 889/889/889 428/428/428
f 887/887/887 428/428/428 426/426/426
f 889/889/889 888/888/888 890/890/890
f 889/889/889 890/890/890 891/891/891
f 889/889/889 891/891/891 430/430/430
f 889/889/889 430/430/430 428/428/428
f 891/891/891 890/890/890 892/892/892
f 891/891/891 892/892/892 893/893/893
f 891/891/891 893/893/893 894/894/894
f 891/891/891 894/894/894 430/430/430
f 894/894/894 433/433/433 431/431/431
f 894/894/894 431/431/431 430/430/430
f 894/894/894 893/893/893 895/895/895
f 894/894/894 895/895/895 896/896/896
f 894/894/894 896/896/896 897/897/897
f 894/894/894 897/897/897 433/433/433
f 897/897/897 436/436/436 434/434/434
f 897/897/897 434/434/434 433/433/433
f 897/897/897 896/896/896 898/898/898
f 897/897/897 898/898/898 899/899/899
f 897/897/897 899/899/899 900/900/900
f 897/897/897 900/900/900 436/436/436
f 900/900/900 439/439/439 437/437/437
f 900/900/900 437/437/437 436/436/436
f 900/900/900 899/899/899 901/901/901
f 900/900/900 901/901/901 902/902/902
f 900/900/900 902/902/902 903/903/903
f 900/900/900 903/903/903 439/439/439
f 903/903/903 442/442/442 440/440/440
f 903/903/903 440/440/440 439/439/439
f 903/903/903 902/902/902 904/904/904
f 903/903/903 904/904/904 905/905/905
f 903/903/903 905/905/905 906/906/906
f 903/903/903 906/906/906 442/442/442
f 906/906/906 446/446/446 443/443/443
f 906/906/906 443/443/443 442/442/442
f 906/906/906 905/905/905 907/907/907
f 906/906/906 907/907/907 908/908/908
f 906/906/906 908/908/908 909/909/909
f 906/906/906 909/909/909 446/446/446
f 909/909/909 450/450/450 447/447/447
f 909/909/909 447/447/447 446/446/446
f 909/909/909 908/908/908 910/910/910
f 909/909/909 910/910/910 911/911/911
f 909/909/909 911/911/911 912/912/912
f 909/909/909 912/912/912 450/450/450
f 912/912/912 913/913/913 451/451/451
f 912/912/912 451/451/451 450/450/450
f 912/912/912 911/911/911 914/914/914
f 912/912/912 914/914/914 915/915/915
f 912/912/912 915/915/915 916/916/916
f 912/912/912 916/916/916 913/913/913
f 917/917/917 457/457/457 455/455/455
f 917/917/917 455/455/455 454/454/454
f 916/916/916 915/915/915 918/918/918
f 916/916/916 918/918/918 919/919/919
f 917/917/917 920/920/920 921/921/921
f 917/917/917 921/921/921 457/457/457
f 921/921/921 460/460/460 458/458/458
f 921/921/921 458/458/458 457/457/457
f 921/921/921 920/920/920 922/922/922
f 921/921/921 922/922/922 923/923/923
f 921/921/921 923/923/923 924/924/924
f 921/921/921 924/924/924 460/460/460
f 924/924/924 463/463/463 461/461/461
f 924/924/924 461/461/461 460/460/460
f 924/924/924 923/923/923 925/925/925
f 924/924/924 925/925/925 926/926/926
f 924/924/924 926/926/926 927/927/927
f 924/924/924 927/927/927 463/463/463
f 927/927/927 466/466/466 464/464/464
f 927/927/927 464/464/464 463/463/463
f 928/928/928 929/929/929 930/930/930
f 928/928/928 930/930/930 931/931/931
f 928/928/928 931/931/931 932/932/932
f 928/928/928 932/932/932 933/933/933
f 932/932/932 471/471/471 470/470/470
f 932/932/932 470/470/470 933/933/933
f 932/932/932 931/931/931 934/934/934
f 932/932/932 934/934/934 935/935/935
f 932/932/932 935/935/935 936/936/936
f 932/932/932 936/936/936 471/471/471
f 936/936/936 477/477/477 472/472/472
f 936/936/936 472/472/472 471/471/471
f 936/936/936 935/935/935 937/937/937
f 936/936/936 937/937/937 938/938/938
f 936/936/936 938/938/938 939/939/939
f 936/936/936 939/939/939 477/477/477
f 939/939/939 482/482/482 478/478/478
f 939/939/939 478/478/478 477/477/477
f 939/939/939 938/938/938 940/940/940
f 939/939/939 940/940/940 941/941/941
f 939/939/939 941/941/941 942/942/942
f 939/939/939 942/942/942 482/482/482
f 942/942/942 487/487/487 483/483/483
f 942/942/942 483/483/483 482/482/482
f 942/942/942 941/941/941 943/943/943
f 942/942/942 943/943/943 944/944/944
f 942/942/942 944/944/944 945/945/945
f 942/942/942 945/945/945 487/487/487
f 945/945/945 492/492/492 488/488/488
f 945/945/945 488/488/488 487/487/487
f 945/945/945 944/944/944 946/946/946
f 945/945/945 946/946/946 947/947/947
f 945/945/945 947/947/947 948/948/948
f 945/945/945 948/948/948 492/492/492
f 948/948/948 497/497/497 493/493/493
f 948/948/948 493/493/493 492/492/492
f 948/948/948 947/947/947 949/949/949
f 948/948/948 949/949/949 950/950/950
f 948/948/948 950/950/950 951/951/951
f 948/948/948 951/951/951 497/497/497
f 951/951/951 502/502/502 498/498/498
f 951/951/951 498/498/498 497/497/497
f 951/951/951 950/950/950 952/952/952
f 951/951/951 952/952/952 953/953/953
f 951/951/951 953/953/953 954/954/954
f 951/951/951 954/954/954 502/502/502
f 954/954/954 507/507/507 503/503/503
f 954/954/954 503/503/503 502/502/502
f 954/954/954 953/953/953 955/955/955
f 954/954/954 955/955/955 956/956/956
f 954/954/954 956/956/956 957/957/957
f 954/954/954 957/957/957 507/507/507
f 957/957/957 512/512/512 508/508/508
f 957/957/957 508/508/508 507/507/507
f 957/957/957 956/956/956 810/810/810
f 957/957/957 810/810/810 958/958/958
f 957/957/957 958/958/958 959/959/959
f 957/957/957 959/959/959 512/512/512
f 959/959/959 517/517/517 513/513/513
f 959/959/959 513/513/513 512/512/512
f 959/959/959 958/958/958 807/807/807
f 959/959/959 807/807/807 960/960/960
f 959/959/959 960/960/960 961/961/961
f 959/959/959 961/961/961 517/517/517
f 961/961/961 522/522/522 518/518/518
f 961/961/961 518/518/518 517/517/517
f 961/961/961 960/960/960 962/962/962
f 961/961/961 962/962/962 963/963/963
f 961/961/961 963/963/963 964/964/964
f 961/961/961 964/964/964 522/522/522
f 964/964/964 527/527/527 523/523/523
f 964/964/964 523/523/523 522/522/522
f 964/964/964 963/963/963 965/965/965
f 964/964/964 965/965/965 966/966/966
f 964/964/964 966/966/966 967/967/967
f 964/964/964 967/967/967 527/527/527
f 967/967/967 532/532/532 528/528/528
f 967/967/967 528/528/528 527/527/527
f 967/967/967 966/966/966 968/968/968
f 967/967/967 968/968/968 969/969/969
f 967/967/967 969/969/969 970/970/970
f 967/967/967 970/970/970 532/532/532
f 970/970/970 537/537/537 533/533/533
f 970/970/970 533/533/533 532/532/532
f 970/970/970 969/969/969 971/971/971
f 970/970/970 971/971/971 972/972/972
f 970/970/970 972/972/972 973/973/973
f 970/970/970 973/973/973 537/537/537
f 973/973/973 542/542/542 538/538/538
f 973/973/973 538/538/538 537/537/537
f 973/973/973 972/972/972 974/974/974
f 973/973/973 974/974/974 975/975/975
f 973/973/973 975/975/975 976/976/976
f 973/973/973 976/976/976 542/542/542
f 976/976/976 547/547/547 543/543/543
f 976/976/976 543/543/543 542/542/542
f 976/976/976 975/975/975 977/977/977
f 976/976/976 977/977/977 978/978/978
f 976/976/976 978/978/978 979/979/979
f 976/976/976 979/979/979 547/547/547
f 979/979/979 554/554/554 548/548/548
f 979/979/979 548/548/548 547/547/547
f 979/979/979 978/978/978 980/980/980
f 979/979/979 980/980/980 981/981/981
f 979/979/979 981/981/981 982/982/982
f 979/979/979 982/982/982 554/554/554
f 982/982/982 983/983/983 555/555/555
f 982/982/982 555/555/555 554/554/554
f 982/982/982 981/981/981 984/984/984
f 982/982/982 984/984/984 985/985/985
f 982/982/982 985/985/985 986/986/986
f 982/982/982 986/986/986 983/983/983
f 987/987/987 565/565/565 561/561/561
f 987/987/987 561/561/561 560/560/560
f 986/986/986 985/985/985 988/988/988
f 986/986/986 988/988/988 989/989/989
f 987/987/987 990/990/990 991/991/991
f 987/987/987 991/991/991 565/565/565
f 991/991/991 570/570/570 566/566/566
f 991/991/991 566/566/566 565/565/565
f 991/991/991 990/990/990 992/992/992
f 991/991/991 992/992/992 993/993/993
f 991/991/991 993/993/993 994/994/994
f 991/991/991 994/994/994 570/570/570
f 994/994/994 575/575/575 571/571/571
f 994/994/994 571/571/571 570/570/570
f 994/994/994 993/993/993 995/995/995
f 994/994/994 995/995/995 996/996/996
f 994/994/994 996/996/996 997/997/997
f 994/994/994 997/997/997 575/575/575
f 997/997/997 580/580/580 576/576/576
f 997/997/997 576/576/576 575/575/575
f 997/997/997 996/996/996 998/998/998
f 997/997/997 998/998/998 999/999/999
f 997/997/997 999/999/999 1000/1000/1000
f 997/997/997 1000/1000/1000 580/580/580
f 1000/1000/1000 585/585/585 581/581/581
f 1000/1000/1000 581/581/581 580/580/580
f 1000/1000/1000 999/999/999 1001/1001/1001
f 1000/1000/1000 1001/1001/1001 1002/1002/1002
f 1000/1000/1000 1002/1002/1002 1003/1003/1003
f 1000/1000/1000 1003/1003/1003 585/585/585
f 1003/1003/1003 590/590/590 586/586/586
f 1003/1003/1003 586/586/586 585/585/585
f 1003/1003/1003 1002/1002/1002 1004/1004/1004
f 1003/1003/1003 1004/1004/1004 1005/1005/1005
f 1003/1003/1003 1005/1005/1005 1006/1006/1006
f 1003/1003/1003 1006/1006/1006 590/590/590
f 1006/1006/1006 595/595/595 591/591/591
f 1006/1006/1006 591/591/591 590/590/590
f 1007/1007/1007 1008/1008/1008 1009/1009/1009
f 1007/1007/1007 1009/1009/1009 1010/1010/1010
f 1007/1007/1007 1010/1010/1010 1011/1011/1011
f 1007/1007/1007 1011/1011/1011 1012/1012/1012
f 1011/1011/1011 1013/1013/1013 1014/1014/1014
f 1011/1011/1011 1014/1014/1014 1012/1012/1012
f 1011/1011/1011 1010/1010/1010 1015/1015/1015
f 1011/1011/1011 1015/1015/1015 1016/1016/1016
f 1011/1011/1011 1016/1016/1016 1017/1017/1017
f 1011/1011/1011 1017/1017/1017 1013/1013/1013
f 1017/1017/1017 1018/1018/1018 1019/1019/1019
f 1017/1017/1017 1019/1019/1019 1013/1013/1013
f 1017/1017/1017 1016/1016/1016 1020/1020/1020
f 1017/1017/1017 1020/1020/1020 1021/1021/1021
f 1017/1017/1017 1021/1021/1021 1022/1022/1022
f 1017/1017/1017 1022/1022/1022 1018/1018/1018
f 1022/1022/1022 1023/1023/1023 1024/1024/1024
f 1022/1022/1022 1024/1024/1024 1018/1018/1018
f 1022/1022/1022 1021/1021/1021 1025/1025/1025
f 1022/1022/1022 1025/1025/1025 1026/1026/1026
f 1022/1022/1022 1026/1026/1026 1027/1027/1027
f 1022/1022/1022 1027/1027/1027 1023/1023/1023
f 1027/1027/1027 1028/1028/1028 1029/1029/1029
f 1027/1027/1027 1029/1029/1029 1023/1023/1023
f 1027/1027/1027 1026/1026/1026 1030/1030/1030
f 1027/1027/1027 1030/1030/1030 1031/1031/1031
f 1027/1027/1027 1031/1031/1031 1032/1032/1032
f 1027/1027/1027 1032/1032/1032 1028/1028/1028
f 1032/1032/1032 1033/1033/1033 1034/1034/1034
f 1032/1032/1032 1034/1034/1034 1028/1028/1028
f 1032/1032/1032 1031/1031/1031 1035/1035/1035
f 1032/1032/1032 1035/1035/1035 1036/1036/1036
f 1032/1032/1032 1036/1036/1036 1037/1037/1037
f 1032/1032/1032 1037/1037/1037 1033/1033/1033
f 1037/1037/1037 1036/1036/1036 1038/1038/1038
f 1037/1037/1037 1038/1038/1038 1039/1039/1039
f 1037/1037/1037 1039/1039/1039 1040/1040/1040
f 1037/1037/1037 1040/1040/1040 1041/1041/1041
f 1040/1040/1040 1042/1042/1042 1043/1043/1043
f 1040/1040/1040 1043/1043/1043 1041/1041/1041
f 1040/1040/1040 1039/1039/1039 1044/1044/1044
f 1040/1040/1040 1044/1044/1044 1045/1045/1045
f 1040/1040/1040 1045/1045/1045 1046/1046/1046
f 1040/1040/1040 1046/1046/1046 1042/1042/1042
f 1046/1046/1046 1047/1047/1047 1048/1048/1048
f 1046/1046/1046 1048/1048/1048 1042/1042/1042
f 1046/1046/1046 1045/1045/1045 1049/1049/1049
f 1046/1046/1046 1049/1049/1049 1050/1050/1050
f 1046/1046/1046 1050/1050/1050 1051/1051/1051
f 1046/1046/1046 1051/1051/1051 1047/1047/1047
f 1051/1051/1051 1052/1052/1052 1053/1053/1053
f 1051/1051/1051 1053/1053/1053 1047/1047/1047
f 1051/1051/1051 1050/1050/1050 1054/1054/1054
f 1051/1051/1051 1054/1054/1054 1055/1055/1055
f 1051/1051/1051 1055/1055/1055 1056/1056/1056
f 1051/1051/1051 1056/1056/1056 1052/1052/1052
f 1056/1056/1056 1057/1057/1057 1058/1058/1058
f 1056/1056/1056 1058/1058/1058 1052/1052/1052
f 1056/1056/1056 1055/1055/1055 1059/1059/1059
f 1056/1056/1056 1059/1059/1059 1060/1060/1060
f 1056/1056/1056 1060/1060/1060 1061/1061/1061
f 1056/1056/1056 1061/1061/1061 1057/1057/1057
f 1061/1061/1061 1062/1062/1062 1063/1063/1063
f 1061/1061/1061 1063/1063/1063 1057/1057/1057
f 1061/1061/1061 1060/1060/1060 1064/1064/1064
f 1061/1061/1061 1064/1064/1064 1065/1065/1065
f 1061/1061/1061 1065/1065/1065 1066/1066/1066
f 1061/1061/1061 1066/1066/1066 1062/1062/1062
f 1066/1066/1066 1067/1067/1067 1068/1068/1068
f 1066/1066/1066 1068/1068/1068 1062/1062/1062
f 1066/1066/1066 1065/1065/1065 1069/1069/1069
f 1066/1066/1066 1069/1069/1069 1070/1070/1070
f 1066/1066/1066 1070/1070/1070 1071/1071/1071
f 1066/1066/1066 1071/1071/1071 1067/1067/1067
f 1071/1071/1071 1072/1072/1072 1073/1073/1073
f 1071/1071/1071 1073/1073/1073 1067/1067/1067
f 1071/1071/1071 1070/1070/1070 1074/1074/1074
f 1071/1071/1071 1074/1074/1074 1075/1075/1075
f 1071/1071/1071 1075/1075/1075 1076/1076/1076
f 1071/1071/1071 1076/1076/1076 1072/1072/1072
f 1076/1076/1076 1077/1077/1077 1078/1078/1078
f 1076/1076/1076 1078/1078/1078 1072/1072/1072
f 1076/1076/1076 1075/1075/1075 1079/1079/1079
f 1076/1076/1076 1079/1079/1079 1080/1080/1080
f 1076/1076/1076 1080/1080/1080 1081/1081/1081
f 1076/1076/1076 1081/1081/1081 1077/1077/1077
f 1081/1081/1081 1082/1082/1082 1083/1083/1083
f 1081/1081/1081 1083/1083/1083 1077/1077/1077
f 1081/1081/1081 1080/1080/1080 1084/1084/1084
f 1081/1081/1081 1084/1084/1084 1085/1085/1085
f 1081/1081/1081 1085/1085/1085 1086/1086/1086
f 1081/1081/1081 1086/1086/1086 1082/1082/1082
f 1087/1087/1087 1088/1088/1088 1089/1089/1089
f 1087/1087/1087 1089/1089/1089 1090/1090/1090
f 1086/1086/1086 1085/1085/1085 1091/1091/1091
f 1086/1086/1086 1091/1091/1091 1092/1092/1092
f 1087/1087/1087 1093/1093/1093 1094/1094/1094
f 1087/1087/1087 1094/1094/1094 1088/1088/1088
f 1094/1094/1094 1095/1095/1095 1096/1096/1096
f 1094/1094/1094 1096/1096/1096 1088/1088/1088
f 1097/1097/1097 1098/1098/1098 1099/1099/1099
f 1097/1097/1097 1099/1099/1099 1100/1100/1100
f 1097/1097/1097 1100/1100/1100 1101/1101/1101
f 1097/1097/1097 1101/1101/1101 1102/1102/1102
f 1101/1101/1101 1100/1100/1100 1103/1103/1103
f 1101/1101/1101 1103/1103/1103 1104/1104/1104
f 1101/1101/1101 1104/1104/1104 1105/1105/1105
f 1101/1101/1101 1105/1105/1105 1106/1106/1106
f 1101/1101/1101 1106/1106/1106 1107/1107/1107
f 1101/1101/1101 1107/1107/1107 1102/1102/1102
f 1108/1108/1108 840/840/840 839/839/839
f 1108/1108/1108 839/839/839 1109/1109/1109
f 1108/1108/1108 1109/1109/1109 1096/1096/1096
f 1108/1108/1108 1096/1096/1096 1095/1095/1095
f 1107/1107/1107 1106/1106/1106 843/843/843
f 1107/1107/1107 843/843/843 842/842/842
f 1109/1109/1109 839/839/839 1110/1110/1110
f 1109/1109/1109 1110/1110/1110 1111/1111/1111
f 1109/1109/1109 1111/1111/1111 1112/1112/1112
f 1109/1109/1109 1112/1112/1112 1096/1096/1096
f 1112/1112/1112 1111/1111/1111 1113/1113/1113
f 1112/1112/1112 1113/1113/1113 1114/1114/1114
f 1112/1112/1112 1114/1114/1114 1115/1115/1115
f 1112/1112/1112 1115/1115/1115 1089/1089/1089
f 1112/1112/1112 1089/1089/1089 1088/1088/1088
f 1112/1112/1112 1088/1088/1088 1096/1096/1096
f 1115/1115/1115 1114/1114/1114 1116/1116/1116
f 1115/1115/1115 1116/1116/1116 1117/1117/1117
f 1115/1115/1115 1117/1117/1117 1118/1118/1118
f 1115/1115/1115 1118/1118/1118 1119/1119/1119
f 1115/1115/1115 1119/1119/1119 1090/1090/1090
f 1115/1115/1115 1090/1090/1090 1089/1089/1089
f 1118/1118/1118 1117/1117/1117 1120/1120/1120
f 1118/1118/1118 1120/1120/1120 1121/1121/1121
f 1122/1122/1122 1123/1123/1123 1124/1124/1124
f 1122/1122/1122 1124/1124/1124 1078/1078/1078
f 1122/1122/1122 1078/1078/1078 1077/1077/1077
f 1122/1122/1122 1077/1077/1077 1083/1083/1083
f 1124/1124/1124 1123/1123/1123 1125/1125/1125
f 1124/1124/1124 1125/1125/1125 1126/1126/1126
f 1124/1124/1124 1126/1126/1126 1127/1127/1127
f 1124/1124/1124 1127/1127/1127 1073/1073/1073
f 1124/1124/1124 1073/1073/1073 1072/1072/1072
f 1124/1124/1124 1072/1072/1072 1078/1078/1078
f 1127/1127/1127 1126/1126/1126 1128/1128/1128
f 1127/1127/1127 1128/1128/1128 1129/1129/1129
f 1127/1127/1127 1129/1129/1129 1130/1130/1130
f 1127/1127/1127 1130/1130/1130 1068/1068/1068
f 1127/1127/1127 1068/1068/1068 1067/1067/1067
f 1127/1127/1127 1067/1067/1067 1073/1073/1073
f 1130/1130/1130 1129/1129/1129 1131/1131/1131
f 1130/1130/1130 1131/1131/1131 1132/1132/1132
f 1130/1130/1130 1132/1132/1132 1133/1133/1133
f 1130/1130/1130 1133/1133/1133 1063/1063/1063
f 1130/1130/1130 1063/1063/1063 1062/1062/1062
f 1130/1130/1130 1062/1062/1062 1068/1068/1068
f 1133/1133/1133 1132/1132/1132 1134/1134/1134
f 1133/1133/1133 1134/1134/1134 1135/1135/1135
f 1133/1133/1133 1135/1135/1135 1136/1136/1136
f 1133/1133/1133 1136/1136/1136 1058/1058/1058
f 1133/1133/1133 1058/1058/1058 1057/1057/1057
f 1133/1133/1133 1057/1057/1057 1063/1063/1063
f 1136/1136/1136 1135/1135/1135 1137/1137/1137
f 1136/1136/1136 1137/1137/1137 1138/1138/1138
f 1136/1136/1136 1138/1138/1138 1139/1139/1139
f 1136/1136/1136 1139/1139/1139 1053/1053/1053
f 1136/1136/1136 1053/1053/1053 1052/1052/1052
f 1136/1136/1136 1052/1052/1052 1058/1058/1058
f 1139/1139/1139 1138/1138/1138 1140/1140/1140
f 1139/1139/1139 1140/1140/1140 1141/1141/1141
f 1139/1139/1139 1141/1141/1141 1142/1142/1142
f 1139/1139/1139 1142/1142/1142 1048/1048/1048
f 1139/1139/1139 1048/1048/1048 1047/1047/1047
f 1139/1139/1139 1047/1047/1047 1053/1053/1053
f 1142/1142/1142 1141/1141/1141 1143/1143/1143
f 1142/1142/1142 1143/1143/1143 1144/1144/1144
f 1142/1142/1142 1144/1144/1144 1145/1145/1145
f 1142/1142/1142 1145/1145/1145 1043/1043/1043
f 1142/1142/1142 1043/1043/1043 1042/1042/1042
f 1142/1142/1142 1042/1042/1042 1048/1048/1048
f 1145/1145/1145 1144/1144/1144 1146/1146/1146
f 1145/1145/1145 1146/1146/1146 1147/1147/1147
f 1145/1145/1145 1147/1147/1147 1148/1148/1148
f 1145/1145/1145 1148/1148/1148 1149/1149/1149
f 1145/1145/1145 1149/1149/1149 1041/1041/1041
f 1145/1145/1145 1041/1041/1041 1043/1043/1043
f 1148/1148/1148 1147/1147/1147 1150/1150/1150
f 1148/1148/1148 1150/1150/1150 1151/1151/1151
f 1148/1148/1148 1151/1151/1151 1152/1152/1152
f 1148/1148/1148 1152/1152/1152 1034/1034/1034
f 1148/1148/1148 1034/1034/1034 1033/1033/1033
f 1148/1148/1148 1033/1033/1033 1149/1149/1149
f 1152/1152/1152 1151/1151/1151 1153/1153/1153
f 1152/1152/1152 1153/1153/1153 1154/1154/1154
f 1152/1152/1152 1154/1154/1154 1155/1155/1155
f 1152/1152/1152 1155/1155/1155 1029/1029/1029
f 1152/1152/1152 1029/1029/1029 1028/1028/1028
f 1152/1152/1152 1028/1028/1028 1034/1034/1034
f 1155/1155/1155 1154/1154/1154 1156/1156/1156
f 1155/1155/1155 1156/1156/1156 1157/1157/1157
f 1155/1155/1155 1157/1157/1157 1158/1158/1158
f 1155/1155/1155 1158/1158/1158 1024/1024/1024
f 1155/1155/1155 1024/1024/1024 1023/1023/1023
f 1155/1155/1155 1023/1023/1023 1029/1029/1029
f 1158/1158/1158 1157/1157/1157 1159/1159/1159
f 1158/1158/1158 1159/1159/1159 1160/1160/1160
f 1158/1158/1158 1160/1160/1160 1161/1161/1161
f 1158/1158/1158 1161/1161/1161 1019/1019/1019
f 1158/1158/1158 1019/1019/1019 1018/1018/1018
f 1158/1158/1158 1018/1018/1018 1024/1024/1024
f 1161/1161/1161 1014/1014/1014 1013/1013/1013
f 1161/1161/1161 1013/1013/1013 1019/1019/1019
f 1162/1162/1162 1163/1163/1163 1164/1164/1164
f 1162/1162/1162 1164/1164/1164 1165/1165/1165
f 1162/1162/1162 1165/1165/1165 1166/1166/1166
f 1162/1162/1162 1166/1166/1166 1167/1167/1167
f 1166/1166/1166 1165/1165/1165 1168/1168/1168
f 1166/1166/1166 1168/1168/1168 1169/1169/1169
f 1166/1166/1166 1169/1169/1169 1170/1170/1170
f 1166/1166/1166 1170/1170/1170 687/687/687
f 1166/1166/1166 687/687/687 686/686/686
f 1166/1166/1166 686/686/686 1167/1167/1167
f 1170/1170/1170 1169/1169/1169 1171/1171/1171
f 1170/1170/1170 1171/1171/1171 1172/1172/1172
f 1170/1170/1170 1172/1172/1172 1173/1173/1173
f 1170/1170/1170 1173/1173/1173 691/691/691
f 1170/1170/1170 691/691/691 688/688/688
f 1170/1170/1170 688/688/688 687/687/687
f 1173/1173/1173 1172/1172/1172 1174/1174/1174
f 1173/1173/1173 1174/1174/1174 1175/1175/1175
f 1173/1173/1173 1175/1175/1175 1176/1176/1176
f 1173/1173/1173 1176/1176/1176 694/694/694
f 1173/1173/1173 694/694/694 692/692/692
f 1173/1173/1173 692/692/692 691/691/691
f 1176/1176/1176 1175/1175/1175 1177/1177/1177
f 1176/1176/1176 1177/1177/1177 1178/1178/1178
f 1176/1176/1176 1178/1178/1178 1179/1179/1179
f 1176/1176/1176 1179/1179/1179 697/697/697
f 1176/1176/1176 697/697/697 695/695/695
f 1176/1176/1176 695/695/695 694/694/694
f 1179/1179/1179 1178/1178/1178 1180/1180/1180
f 1179/1179/1179 1180/1180/1180 1181/1181/1181
f 1179/1179/1179 1181/1181/1181 1182/1182/1182
f 1179/1179/1179 1182/1182/1182 701/701/701
f 1179/1179/1179 701/701/701 698/698/698
f 1179/1179/1179 698/698/698 697/697/697
f 1182/1182/1182 1181/1181/1181 1183/1183/1183
f 1182/1182/1182 1183/1183/1183 1184/1184/1184
f 1182/1182/1182 1184/1184/1184 1185/1185/1185
f 1182/1182/1182 1185/1185/1185 1186/1186/1186
f 1182/1182/1182 1186/1186/1186 702/702/702
f 1182/1182/1182 702/702/702 701/701/701
f 1185/1185/1185 1184/1184/1184 1187/1187/1187
f 1185/1185/1185 1187/1187/1187 1188/1188/1188
f 1189/1189/1189 1190/1190/1190 1191/1191/1191
f 1189/1189/1189 1191/1191/1191 709/709/709
f 1189/1189/1189 709/709/709 707/707/707
f 1189/1189/1189 707/707/707 706/706/706
f 1191/1191/1191 1190/1190/1190 1192/1192/1192
f 1191/1191/1191 1192/1192/1192 1193/1193/1193
f 1191/1191/1191 1193/1193/1193 1194/1194/1194
f 1191/1191/1191 1194/1194/1194 712/712/712
f 1191/1191/1191 712/712/712 710/710/710
f 1191/1191/1191 710/710/710 709/709/709
f 1194/1194/1194 1193/1193/1193 1195/1195/1195
f 1194/1194/1194 1195/1195/1195 1196/1196/1196
f 1194/1194/1194 1196/1196/1196 1197/1197/1197
f 1194/1194/1194 1197/1197/1197 715/715/715
f 1194/1194/1194 715/715/715 713/713/713
f 1194/1194/1194 713/713/713 712/712/712
f 1197/1197/1197 1196/1196/1196 1198/1198/1198
f 1197/1197/1197 1198/1198/1198 26/26/26
f 1197/1197/1197 26/26/26 25/25/25
f 1197/1197/1197 25/25/25 718/718/718
f 1197/1197/1197 718/718/718 716/716/716
f 1197/1197/1197 716/716/716 715/715/715
f 1198/1198/1198 1199/1199/1199 1200/1200/1200
f 1198/1198/1198 1200/1200/1200 1201/1201/1201
f 1198/1198/1198 1201/1201/1201 22/22/22
f 1198/1198/1198 22/22/22 26/26/26
f 1198/1198/1198 1196/1196/1196 1195/1195/1195
f 1198/1198/1198 1195/1195/1195 1199/1199/1199
f 1201/1201/1201 1200/1200/1200 1202/1202/1202
f 1201/1201/1201 1202/1202/1202 1203/1203/1203
f 1201/1201/1201 1203/1203/1203 23/23/23
f 1201/1201/1201 23/23/23 22/22/22
f 1203/1203/1203 1202/1202/1202 1204/1204/1204
f 1203/1203/1203 1204/1204/1204 1205/1205/1205
f 1203/1203/1203 1205/1205/1205 1206/1206/1206
f 1203/1203/1203 1206/1206/1206 23/23/23
f 1206/1206/1206 1207/1207/1207 1069/1069/1069
f 1206/1206/1206 1069/1069/1069 1208/1208/1208
f 1206/1206/1206 1208/1208/1208 24/24/24
f 1206/1206/1206 24/24/24 23/23/23
f 1206/1206/1206 1205/1205/1205 1209/1209/1209
f 1206/1206/1206 1209/1209/1209 1207/1207/1207
f 1209/1209/1209 1210/1210/1210 1074/1074/1074
f 1209/1209/1209 1074/1074/1074 1207/1207/1207
f 1209/1209/1209 1205/1205/1205 1204/1204/1204
f 1209/1209/1209 1204/1204/1204 1211/1211/1211
f 1209/1209/1209 1211/1211/1211 1212/1212/1212
f 1209/1209/1209 1212/1212/1212 1210/1210/1210
f 1212/1212/1212 1213/1213/1213 1079/1079/1079
f 1212/1212/1212 1079/1079/1079 1210/1210/1210
f 1212/1212/1212 1211/1211/1211 1214/1214/1214
f 1212/1212/1212 1214/1214/1214 1215/1215/1215
f 1212/1212/1212 1215/1215/1215 1216/1216/1216
f 1212/1212/1212 1216/1216/1216 1213/1213/1213
f 1216/1216/1216 1217/1217/1217 1084/1084/1084
f 1216/1216/1216 1084/1084/1084 1213/1213/1213
f 1218/1218/1218 1219/1219/1219 1220/1220/1220
f 1218/1218/1218 1220/1220/1220 1221/1221/1221
f 1218/1218/1218 1221/1221/1221 1222/1222/1222
f 1218/1218/1218 1222/1222/1222 1223/1223/1223
f 1222/1222/1222 1224/1224/1224 1225/1225/1225
f 1222/1222/1222 1225/1225/1225 1223/1223/1223
f 1222/1222/1222 1221/1221/1221 1226/1226/1226
f 1222/1222/1222 1226/1226/1226 1227/1227/1227
f 1222/1222/1222 1227/1227/1227 1228/1228/1228
f 1222/1222/1222 1228/1228/1228 1224/1224/1224
f 1228/1228/1228 1227/1227/1227 1229/1229/1229
f 1228/1228/1228 1229/1229/1229 1230/1230/1230
f 1228/1228/1228 1230/1230/1230 1231/1231/1231
f 1228/1228/1228 1231/1231/1231 1232/1232/1232
f 1228/1228/1228 1232/1232/1232 1233/1233/1233
f 1228/1228/1228 1233/1233/1233 1224/1224/1224
f 1234/1234/1234 1235/1235/1235 1236/1236/1236
f 1234/1234/1234 1236/1236/1236 1103/1103/1103
f 1234/1234/1234 1103/1103/1103 1100/1100/1100
f 1234/1234/1234 1100/1100/1100 1099/1099/1099
f 1236/1236/1236 1235/1235/1235 1237/1237/1237
f 1236/1236/1236 1237/1237/1237 1238/1238/1238
f 1236/1236/1236 1238/1238/1238 1239/1239/1239
f 1236/1236/1236 1239/1239/1239 1240/1240/1240
f 1236/1236/1236 1240/1240/1240 1104/1104/1104
f 1236/1236/1236 1104/1104/1104 1103/1103/1103
f 1240/1240/1240 1239/1239/1239 1241/1241/1241
f 1240/1240/1240 1241/1241/1241 1242/1242/1242
f 1240/1240/1240 1242/1242/1242 1105/1105/1105
f 1240/1240/1240 1105/1105/1105 1104/1104/1104
f 1242/1242/1242 1241/1241/1241 849/849/849
f 1242/1242/1242 849/849/849 847/847/847
f 1242/1242/1242 847/847/847 845/845/845
f 1242/1242/1242 845/845/845 1105/1105/1105
f 1241/1241/1241 1239/1239/1239 1243/1243/1243
f 1241/1241/1241 1243/1243/1243 1244/1244/1244
f 1241/1241/1241 1244/1244/1244 851/851/851
f 1241/1241/1241 851/851/851 849/849/849
f 1244/1244/1244 1243/1243/1243 1245/1245/1245
f 1244/1244/1244 1245/1245/1245 1246/1246/1246
f 1244/1244/1244 1246/1246/1246 853/853/853
f 1244/1244/1244 853/853/853 851/851/851
f 1246/1246/1246 1245/1245/1245 1247/1247/1247
f 1246/1246/1246 1247/1247/1247 1248/1248/1248
f 1246/1246/1246 1248/1248/1248 1249/1249/1249
f 1246/1246/1246 1249/1249/1249 853/853/853
f 1249/1249/1249 1248/1248/1248 1250/1250/1250
f 1249/1249/1249 1250/1250/1250 1251/1251/1251
f 1249/1249/1249 1251/1251/1251 1252/1252/1252
f 1249/1249/1249 1252/1252/1252 856/856/856
f 1249/1249/1249 856/856/856 854/854/854
f 1249/1249/1249 854/854/854 853/853/853
f 1252/1252/1252 1251/1251/1251 1253/1253/1253
f 1252/1252/1252 1253/1253/1253 1254/1254/1254
f 1252/1252/1252 1254/1254/1254 1255/1255/1255
f 1252/1252/1252 1255/1255/1255 859/859/859
f 1252/1252/1252 859/859/859 857/857/857
f 1252/1252/1252 857/857/857 856/856/856
f 1255/1255/1255 1254/1254/1254 1256/1256/1256
f 1255/1255/1255 1256/1256/1256 1257/1257/1257
f 1255/1255/1255 1257/1257/1257 1258/1258/1258
f 1255/1255/1255 1258/1258/1258 1259/1259/1259
f 1255/1255/1255 1259/1259/1259 860/860/860
f 1255/1255/1255 860/860/860 859/859/859
f 1259/1259/1259 1258/1258/1258 1260/1260/1260
f 1259/1259/1259 1260/1260/1260 1261/1261/1261
f 1259/1259/1259 1261/1261/1261 861/861/861
f 1259/1259/1259 861/861/861 860/860/860
f 1261/1261/1261 1260/1260/1260 1262/1262/1262
f 1261/1261/1261 1262/1262/1262 1263/1263/1263
f 1261/1261/1261 1263/1263/1263 863/863/863
f 1261/1261/1261 863/863/863 861/861/861
f 1263/1263/1263 1262/1262/1262 1264/1264/1264
f 1263/1263/1263 1264/1264/1264 1265/1265/1265
f 1263/1263/1263 1265/1265/1265 865/865/865
f 1263/1263/1263 865/865/865 863/863/863
f 1265/1265/1265 1264/1264/1264 1266/1266/1266
f 1265/1265/1265 1266/1266/1266 1267/1267/1267
f 1265/1265/1265 1267/1267/1267 867/867/867
f 1265/1265/1265 867/867/867 865/865/865
f 1267/1267/1267 1266/1266/1266 1268/1268/1268
f 1267/1267/1267 1268/1268/1268 1269/1269/1269
f 1267/1267/1267 1269/1269/1269 869/869/869
f 1267/1267/1267 869/869/869 867/867/867
f 1269/1269/1269 1268/1268/1268 1270/1270/1270
f 1269/1269/1269 1270/1270/1270 1271/1271/1271
f 1269/1269/1269 1271/1271/1271 871/871/871
f 1269/1269/1269 871/871/871 869/869/869
f 1271/1271/1271 1270/1270/1270 1272/1272/1272
f 1271/1271/1271 1272/1272/1272 1273/1273/1273
f 1271/1271/1271 1273/1273/1273 1274/1274/1274
f 1271/1271/1271 1274/1274/1274 871/871/871
f 1274/1274/1274 1273/1273/1273 1275/1275/1275
f 1274/1274/1274 1275/1275/1275 1276/1276/1276
f 1274/1274/1274 1276/1276/1276 1277/1277/1277
f 1274/1274/1274 1277/1277/1277 874/874/874
f 1274/1274/1274 874/874/874 872/872/872
f 1274/1274/1274 872/872/872 871/871/871
f 1277/1277/1277 1276/1276/1276 1278/1278/1278
f 1277/1277/1277 1278/1278/1278 1279/1279/1279
f 1277/1277/1277 1279/1279/1279 1280/1280/1280
f 1277/1277/1277 1280/1280/1280 877/877/877
f 1277/1277/1277 877/877/877 875/875/875
f 1277/1277/1277 875/875/875 874/874/874
f 1280/1280/1280 1279/1279/1279 1281/1281/1281
f 1280/1280/1280 1281/1281/1281 1282/1282/1282
f 1280/1280/1280 1282/1282/1282 1283/1283/1283
f 1280/1280/1280 1283/1283/1283 880/880/880
f 1280/1280/1280 880/880/880 878/878/878
f 1280/1280/1280 878/878/878 877/877/877
f 1283/1283/1283 1282/1282/1282 1284/1284/1284
f 1283/1283/1283 1284/1284/1284 1285/1285/1285
f 1283/1283/1283 1285/1285/1285 1286/1286/1286
f 1283/1283/1283 1286/1286/1286 1287/1287/1287
f 1283/1283/1283 1287/1287/1287 881/881/881
f 1283/1283/1283 881/881/881 880/880/880
f 1287/1287/1287 1286/1286/1286 1288/1288/1288
f 1287/1287/1287 1288/1288/1288 1289/1289/1289
f 1287/1287/1287 1289/1289/1289 882/882/882
f 1287/1287/1287 882/882/882 881/881/881
f 1289/1289/1289 1288/1288/1288 1290/1290/1290
f 1289/1289/1289 1290/1290/1290 1291/1291/1291
f 1289/1289/1289 1291/1291/1291 884/884/884
f 1289/1289/1289 884/884/884 882/882/882
f 1291/1291/1291 1290/1290/1290 1292/1292/1292
f 1291/1291/1291 1292/1292/1292 1293/1293/1293
f 1291/1291/1291 1293/1293/1293 886/886/886
f 1291/1291/1291 886/886/886 884/884/884
f 1293/1293/1293 1292/1292/1292 1294/1294/1294
f 1293/1293/1293 1294/1294/1294 1295/1295/1295
f 1293/1293/1293 1295/1295/1295 888/888/888
f 1293/1293/1293 888/888/888 886/886/886
f 1295/1295/1295 1294/1294/1294 1296/1296/1296
f 1295/1295/1295 1296/1296/1296 1297/1297/1297
f 1295/1295/1295 1297/1297/1297 890/890/890
f 1295/1295/1295 890/890/890 888/888/888
f 1297/1297/1297 1296/1296/1296 1298/1298/1298
f 1297/1297/1297 1298/1298/1298 1299/1299/1299
f 1297/1297/1297 1299/1299/1299 892/892/892
f 1297/1297/1297 892/892/892 890/890/890
f 1299/1299/1299 1298/1298/1298 1300/1300/1300
f 1299/1299/1299 1300/1300/1300 1301/1301/1301
f 1299/1299/1299 1301/1301/1301 1302/1302/1302
f 1299/1299/1299 1302/1302/1302 892/892/892
f 1302/1302/1302 895/895/895 893/893/893
f 1302/1302/1302 893/893/893 892/892/892
f 1302/1302/1302 1301/1301/1301 1303/1303/1303
f 1302/1302/1302 1303/1303/1303 1304/1304/1304
f 1302/1302/1302 1304/1304/1304 1305/1305/1305
f 1302/1302/1302 1305/1305/1305 895/895/895
f 1305/1305/1305 898/898/898 896/896/896
f 1305/1305/1305 896/896/896 895/895/895
f 1305/1305/1305 1304/1304/1304 1306/1306/1306
f 1305/1305/1305 1306/1306/1306 1307/1307/1307
f 1305/1305/1305 1307/1307/1307 1308/1308/1308
f 1305/1305/1305 1308/1308/1308 898/898/898
f 1308/1308/1308 901/901/901 899/899/899
f 1308/1308/1308 899/899/899 898/898/898
f 1308/1308/1308 1307/1307/1307 1309/1309/1309
f 1308/1308/1308 1309/1309/1309 1310/1310/1310
f 1308/1308/1308 1310/1310/1310 1311/1311/1311
f 1308/1308/1308 1311/1311/1311 901/901/901
f 1311/1311/1311 904/904/904 902/902/902
f 1311/1311/1311 902/902/902 901/901/901
f 1311/1311/1311 1310/1310/1310 1312/1312/1312
f 1311/1311/1311 1312/1312/1312 1313/1313/1313
f 1311/1311/1311 1313/1313/1313 1314/1314/1314
f 1311/1311/1311 1314/1314/1314 904/904/904
f 1314/1314/1314 907/907/907 905/905/905
f 1314/1314/1314 905/905/905 904/904/904
f 1314/1314/1314 1313/1313/1313 1315/1315/1315
f 1314/1314/1314 1315/1315/1315 1316/1316/1316
f 1314/1314/1314 1316/1316/1316 1317/1317/1317
f 1314/1314/1314 1317/1317/1317 907/907/907
f 1317/1317/1317 910/910/910 908/908/908
f 1317/1317/1317 908/908/908 907/907/907
f 1317/1317/1317 1316/1316/1316 1318/1318/1318
f 1317/1317/1317 1318/1318/1318 1319/1319/1319
f 1317/1317/1317 1319/1319/1319 1320/1320/1320
f 1317/1317/1317 1320/1320/1320 910/910/910
f 1320/1320/1320 914/914/914 911/911/911
f 1320/1320/1320 911/911/911 910/910/910
f 1320/1320/1320 1319/1319/1319 1321/1321/1321
f 1320/1320/1320 1321/1321/1321 1322/1322/1322
f 1320/1320/1320 1322/1322/1322 1323/1323/1323
f 1320/1320/1320 1323/1323/1323 914/914/914
f 1323/1323/1323 918/918/918 915/915/915
f 1323/1323/1323 915/915/915 914/914/914
f 1323/1323/1323 1322/1322/1322 1324/1324/1324
f 1323/1323/1323 1324/1324/1324 1325/1325/1325
f 1323/1323/1323 1325/1325/1325 1326/1326/1326
f 1323/1323/1323 1326/1326/1326 918/918/918
f 1326/1326/1326 1327/1327/1327 919/919/919
f 1326/1326/1326 919/919/919 918/918/918
f 1326/1326/1326 1325/1325/1325 1328/1328/1328
f 1326/1326/1326 1328/1328/1328 1329/1329/1329
f 1326/1326/1326 1329/1329/1329 1330/1330/1330
f 1326/1326/1326 1330/1330/1330 1327/1327/1327
f 1331/1331/1331 925/925/925 923/923/923
f 1331/1331/1331 923/923/923 922/922/922
f 1332/1332/1332 3/3/3 2/2/2
f 1332/1332/1332 2/2/2 1333/1333/1333
f 1332/1332/1332 1333/1333/1333 1334/1334/1334
f 1332/1332/1332 1334/1334/1334 1335/1335/1335
f 1334/1334/1334 930/930/930 929/929/929
f 1334/1334/1334 929/929/929 1335/1335/1335
f 1334/1334/1334 1333/1333/1333 1336/1336/1336
f 1334/1334/1334 1336/1336/1336 1337/1337/1337
f 1334/1334/1334 1337/1337/1337 1338/1338/1338
f 1334/1334/1334 1338/1338/1338 930/930/930
f 1338/1338/1338 934/934/934 931/931/931
f 1338/1338/1338 931/931/931 930/930/930
f 1338/1338/1338 1337/1337/1337 1339/1339/1339
f 1338/1338/1338 1339/1339/1339 1340/1340/1340
f 1338/1338/1338 1340/1340/1340 1341/1341/1341
f 1338/1338/1338 1341/1341/1341 934/934/934
f 1341/1341/1341 937/937/937 935/935/935
f 1341/1341/1341 935/935/935 934/934/934
f 1341/1341/1341 1340/1340/1340 1342/1342/1342
f 1341/1341/1341 1342/1342/1342 1343/1343/1343
f 1341/1341/1341 1343/1343/1343 1344/1344/1344
f 1341/1341/1341 1344/1344/1344 937/937/937
f 1344/1344/1344 940/940/940 938/938/938
f 1344/1344/1344 938/938/938 937/937/937
f 1344/1344/1344 1343/1343/1343 1345/1345/1345
f 1344/1344/1344 1345/1345/1345 1346/1346/1346
f 1344/1344/1344 1346/1346/1346 1347/1347/1347
f 1344/1344/1344 1347/1347/1347 940/940/940
f 1347/1347/1347 943/943/943 941/941/941
f 1347/1347/1347 941/941/941 940/940/940
f 1347/1347/1347 1346/1346/1346 1348/1348/1348
f 1347/1347/1347 1348/1348/1348 1349/1349/1349
f 1347/1347/1347 1349/1349/1349 1350/1350/1350
f 1347/1347/1347 1350/1350/1350 943/943/943
f 1350/1350/1350 946/946/946 944/944/944
f 1350/1350/1350 944/944/944 943/943/943
f 1350/1350/1350 1349/1349/1349 1351/1351/1351
f 1350/1350/1350 1351/1351/1351 1352/1352/1352
f 1350/1350/1350 1352/1352/1352 1353/1353/1353
f 1350/1350/1350 1353/1353/1353 946/946/946
f 1353/1353/1353 949/949/949 947/947/947
f 1353/1353/1353 947/947/947 946/946/946
f 1353/1353/1353 1352/1352/1352 1354/1354/1354
f 1353/1353/1353 1354/1354/1354 1355/1355/1355
f 1353/1353/1353 1355/1355/1355 1356/1356/1356
f 1353/1353/1353 1356/1356/1356 949/949/949
f 1356/1356/1356 952/952/952 950/950/950
f 1356/1356/1356 950/950/950 949/949/949
f 1356/1356/1356 1355/1355/1355 1357/1357/1357
f 1356/1356/1356 1357/1357/1357 1358/1358/1358
f 1356/1356/1356 1358/1358/1358 1359/1359/1359
f 1356/1356/1356 1359/1359/1359 952/952/952
f 1359/1359/1359 955/955/955 953/953/953
f 1359/1359/1359 953/953/953 952/952/952
f 1359/1359/1359 1358/1358/1358 814/814/814
f 1359/1359/1359 814/814/814 812/812/812
f 1359/1359/1359 812/812/812 811/811/811
f 1359/1359/1359 811/811/811 955/955/955
f 1358/1358/1358 1357/1357/1357 816/816/816
f 1358/1358/1358 816/816/816 814/814/814
f 1357/1357/1357 1355/1355/1355 1354/1354/1354
f 1357/1357/1357 1354/1354/1354 1360/1360/1360
f 1357/1357/1357 1360/1360/1360 1361/1361/1361
f 1357/1357/1357 1361/1361/1361 816/816/816
f 1361/1361/1361 1360/1360/1360 1362/1362/1362
f 1361/1361/1361 1362/1362/1362 1363/1363/1363
f 1361/1361/1361 1363/1363/1363 1364/1364/1364
f 1361/1361/1361 1364/1364/1364 819/819/819
f 1361/1361/1361 819/819/819 817/817/817
f 1361/1361/1361 817/817/817 816/816/816
f 1364/1364/1364 1363/1363/1363 1365/1365/1365
f 1364/1364/1364 1365/1365/1365 1366/1366/1366
f 1364/1364/1364 1366/1366/1366 1367/1367/1367
f 1364/1364/1364 1367/1367/1367 1368/1368/1368
f 1364/1364/1364 1368/1368/1368 820/820/820
f 1364/1364/1364 820/820/820 819/819/819
f 1368/1368/1368 1367/1367/1367 1369/1369/1369
f 1368/1368/1368 1369/1369/1369 1370/1370/1370
f 1368/1368/1368 1370/1370/1370 821/821/821
f 1368/1368/1368 821/821/821 820/820/820
f 1370/1370/1370 1369/1369/1369 832/832/832
f 1370/1370/1370 832/832/832 830/830/830
f 1370/1370/1370 830/830/830 823/823/823
f 1370/1370/1370 823/823/823 821/821/821
f 1369/1369/1369 1367/1367/1367 1371/1371/1371
f 1369/1369/1369 1371/1371/1371 1372/1372/1372
f 1369/1369/1369 1372/1372/1372 1373/1373/1373
f 1369/1369/1369 1373/1373/1373 832/832/832
f 1373/1373/1373 1372/1372/1372 1374/1374/1374
f 1373/1373/1373 1374/1374/1374 1375/1375/1375
f 1373/1373/1373 1375/1375/1375 1110/1110/1110
f 1373/1373/1373 1110/1110/1110 835/835/835
f 1373/1373/1373 835/835/835 833/833/833
f 1373/1373/1373 833/833/833 832/832/832
f 1375/1375/1375 1374/1374/1374 1376/1376/1376
f 1375/1375/1375 1376/1376/1376 1113/1113/1113
f 1375/1375/1375 1113/1113/1113 1111/1111/1111
f 1375/1375/1375 1111/1111/1111 1110/1110/1110
f 1376/1376/1376 1374/1374/1374 1377/1377/1377
f 1376/1376/1376 1377/1377/1377 1378/1378/1378
f 1376/1376/1376 1378/1378/1378 1379/1379/1379
f 1376/1376/1376 1379/1379/1379 1116/1116/1116
f 1376/1376/1376 1116/1116/1116 1114/1114/1114
f 1376/1376/1376 1114/1114/1114 1113/1113/1113
f 1379/1379/1379 1378/1378/1378 1380/1380/1380
f 1379/1379/1379 1380/1380/1380 1381/1381/1381
f 1379/1379/1379 1381/1381/1381 1382/1382/1382
f 1379/1379/1379 1382/1382/1382 1120/1120/1120
f 1379/1379/1379 1120/1120/1120 1117/1117/1117
f 1379/1379/1379 1117/1117/1117 1116/1116/1116
f 1382/1382/1382 1381/1381/1381 1383/1383/1383
f 1382/1382/1382 1383/1383/1383 1384/1384/1384
f 1382/1382/1382 1384/1384/1384 1385/1385/1385
f 1382/1382/1382 1385/1385/1385 1386/1386/1386
f 1382/1382/1382 1386/1386/1386 1121/1121/1121
f 1382/1382/1382 1121/1121/1121 1120/1120/1120
f 1385/1385/1385 1384/1384/1384 1387/1387/1387
f 1385/1385/1385 1387/1387/1387 1388/1388/1388
f 1389/1389/1389 1390/1390/1390 1391/1391/1391
f 1389/1389/1389 1391/1391/1391 1128/1128/1128
f 1389/1389/1389 1128/1128/1128 1126/1126/1126
f 1389/1389/1389 1126/1126/1126 1125/1125/1125
f 1391/1391/1391 1390/1390/1390 1392/1392/1392
f 1391/1391/1391 1392/1392/1392 1393/1393/1393
f 1391/1391/1391 1393/1393/1393 1394/1394/1394
f 1391/1391/1391 1394/1394/1394 1131/1131/1131
f 1391/1391/1391 1131/1131/1131 1129/1129/1129
f 1391/1391/1391 1129/1129/1129 1128/1128/1128
f 1394/1394/1394 1393/1393/1393 1395/1395/1395
f 1394/1394/1394 1395/1395/1395 1396/1396/1396
f 1394/1394/1394 1396/1396/1396 1397/1397/1397
f 1394/1394/1394 1397/1397/1397 1134/1134/1134
f 1394/1394/1394 1134/1134/1134 1132/1132/1132
f 1394/1394/1394 1132/1132/1132 1131/1131/1131
f 1397/1397/1397 1396/1396/1396 1398/1398/1398
f 1397/1397/1397 1398/1398/1398 1399/1399/1399
f 1397/1397/1397 1399/1399/1399 1400/1400/1400
f 1397/1397/1397 1400/1400/1400 1137/1137/1137
f 1397/1397/1397 1137/1137/1137 1135/1135/1135
f 1397/1397/1397 1135/1135/1135 1134/1134/1134
f 1400/1400/1400 1399/1399/1399 1401/1401/1401
f 1400/1400/1400 1401/1401/1401 1402/1402/1402
f 1400/1400/1400 1402/1402/1402 1403/1403/1403
f 1400/1400/1400 1403/1403/1403 1140/1140/1140
f 1400/1400/1400 1140/1140/1140 1138/1138/1138
f 1400/1400/1400 1138/1138/1138 1137/1137/1137
f 1403/1403/1403 1402/1402/1402 1404/1404/1404
f 1403/1403/1403 1404/1404/1404 1405/1405/1405
f 1403/1403/1403 1405/1405/1405 1406/1406/1406
f 1403/1403/1403 1406/1406/1406 1143/1143/1143
f 1403/1403/1403 1143/1143/1143 1141/1141/1141
f 1403/1403/1403 1141/1141/1141 1140/1140/1140
f 1406/1406/1406 1405/1405/1405 1407/1407/1407
f 1406/1406/1406 1407/1407/1407 1408/1408/1408
f 1406/1406/1406 1408/1408/1408 1409/1409/1409
f 1406/1406/1406 1409/1409/1409 1146/1146/1146
f 1406/1406/1406 1146/1146/1146 1144/1144/1144
f 1406/1406/1406 1144/1144/1144 1143/1143/1143
f 1409/1409/1409 1408/1408/1408 1410/1410/1410
f 1409/1409/1409 1410/1410/1410 1411/1411/1411
f 1409/1409/1409 1411/1411/1411 1412/1412/1412
f 1409/1409/1409 1412/1412/1412 1150/1150/1150
f 1409/1409/1409 1150/1150/1150 1147/1147/1147
f 1409/1409/1409 1147/1147/1147 1146/1146/1146
f 1412/1412/1412 1411/1411/1411 1413/1413/1413
f 1412/1412/1412 1413/1413/1413 1414/1414/1414
f 1412/1412/1412 1414/1414/1414 1415/1415/1415
f 1412/1412/1412 1415/1415/1415 1153/1153/1153
f 1412/1412/1412 1153/1153/1153 1151/1151/1151
f 1412/1412/1412 1151/1151/1151 1150/1150/1150
f 1415/1415/1415 1414/1414/1414 1416/1416/1416
f 1415/1415/1415 1416/1416/1416 1417/1417/1417
f 1415/1415/1415 1417/1417/1417 1418/1418/1418
f 1415/1415/1415 1418/1418/1418 1156/1156/1156
f 1415/1415/1415 1156/1156/1156 1154/1154/1154
f 1415/1415/1415 1154/1154/1154 1153/1153/1153
f 1418/1418/1418 1159/1159/1159 1157/1157/1157
f 1418/1418/1418 1157/1157/1157 1156/1156/1156
f 1419/1419/1419 1420/1420/1420 1421/1421/1421
f 1419/1419/1419 1421/1421/1421 1422/1422/1422
f 1419/1419/1419 1422/1422/1422 1423/1423/1423
f 1419/1419/1419 1423/1423/1423 1424/1424/1424
f 1423/1423/1423 1422/1422/1422 1425/1425/1425
f 1423/1423/1423 1425/1425/1425 1426/1426/1426
f 1423/1423/1423 1426/1426/1426 1427/1427/1427
f 1423/1423/1423 1427/1427/1427 1164/1164/1164
f 1423/1423/1423 1164/1164/1164 1163/1163/1163
f 1423/1423/1423 1163/1163/1163 1424/1424/1424
f 1427/1427/1427 1426/1426/1426 1428/1428/1428
f 1427/1427/1427 1428/1428/1428 1429/1429/1429
f 1427/1427/1427 1429/1429/1429 1430/1430/1430
f 1427/1427/1427 1430/1430/1430 1168/1168/1168
f 1427/1427/1427 1168/1168/1168 1165/1165/1165
f 1427/1427/1427 1165/1165/1165 1164/1164/1164
f 1430/1430/1430 1429/1429/1429 1431/1431/1431
f 1430/1430/1430 1431/1431/1431 1432/1432/1432
f 1430/1430/1430 1432/1432/1432 1433/1433/1433
f 1430/1430/1430 1433/1433/1433 1171/1171/1171
f 1430/1430/1430 1171/1171/1171 1169/1169/1169
f 1430/1430/1430 1169/1169/1169 1168/1168/1168
f 1433/1433/1433 1432/1432/1432 1434/1434/1434
f 1433/1433/1433 1434/1434/1434 1435/1435/1435
f 1433/1433/1433 1435/1435/1435 1436/1436/1436
f 1433/1433/1433 1436/1436/1436 1174/1174/1174
f 1433/1433/1433 1174/1174/1174 1172/1172/1172
f 1433/1433/1433 1172/1172/1172 1171/1171/1171
f 1436/1436/1436 1435/1435/1435 1437/1437/1437
f 1436/1436/1436 1437/1437/1437 1438/1438/1438
f 1436/1436/1436 1438/1438/1438 1439/1439/1439
f 1436/1436/1436 1439/1439/1439 1177/1177/1177
f 1436/1436/1436 1177/1177/1177 1175/1175/1175
f 1436/1436/1436 1175/1175/1175 1174/1174/1174
f 1439/1439/1439 1438/1438/1438 1440/1440/1440
f 1439/1439/1439 1440/1440/1440 1441/1441/1441
f 1439/1439/1439 1441/1441/1441 1442/1442/1442
f 1439/1439/1439 1442/1442/1442 1180/1180/1180
f 1439/1439/1439 1180/1180/1180 1178/1178/1178
f 1439/1439/1439 1178/1178/1178 1177/1177/1177
f 1442/1442/1442 1441/1441/1441 1443/1443/1443
f 1442/1442/1442 1443/1443/1443 1444/1444/1444
f 1442/1442/1442 1444/1444/1444 1445/1445/1445
f 1442/1442/1442 1445/1445/1445 1183/1183/1183
f 1442/1442/1442 1183/1183/1183 1181/1181/1181
f 1442/1442/1442 1181/1181/1181 1180/1180/1180
f 1445/1445/1445 1444/1444/1444 1446/1446/1446
f 1445/1445/1445 1446/1446/1446 1447/1447/1447
f 1445/1445/1445 1447/1447/1447 1448/1448/1448
f 1445/1445/1445 1448/1448/1448 1187/1187/1187
f 1445/1445/1445 1187/1187/1187 1184/1184/1184
f 1445/1445/1445 1184/1184/1184 1183/1183/1183
f 1448/1448/1448 1447/1447/1447 1449/1449/1449
f 1448/1448/1448 1449/1449/1449 1450/1450/1450
f 1448/1448/1448 1450/1450/1450 1451/1451/1451
f 1448/1448/1448 1451/1451/1451 1452/1452/1452
f 1448/1448/1448 1452/1452/1452 1188/1188/1188
f 1448/1448/1448 1188/1188/1188 1187/1187/1187
f 1451/1451/1451 1450/1450/1450 1453/1453/1453
f 1451/1451/1451 1453/1453/1453 1454/1454/1454
f 1455/1455/1455 1456/1456/1456 1199/1199/1199
f 1455/1455/1455 1199/1199/1199 1195/1195/1195
f 1455/1455/1455 1195/1195/1195 1193/1193/1193
f 1455/1455/1455 1193/1193/1193 1192/1192/1192
f 1454/1454/1454 1453/1453/1453 36/36/36
f 1454/1454/1454 36/36/36 1457/1457/1457
f 1456/1456/1456 1458/1458/1458 1200/1200/1200
f 1456/1456/1456 1200/1200/1200 1199/1199/1199
f 1457/1457/1457 36/36/36 32/32/32
f 1457/1457/1457 32/32/32 1459/1459/1459
f 1458/1458/1458 1460/1460/1460 1202/1202/1202
f 1458/1458/1458 1202/1202/1202 1200/1200/1200
f 1459/1459/1459 32/32/32 35/35/35
f 1459/1459/1459 35/35/35 1461/1461/1461
f 1460/1460/1460 1462/1462/1462 1204/1204/1204
f 1460/1460/1460 1204/1204/1204 1202/1202/1202
f 1462/1462/1462 1214/1214/1214 1211/1211/1211
f 1462/1462/1462 1211/1211/1211 1204/1204/1204
f 1461/1461/1461 35/35/35 1463/1463/1463
f 1461/1461/1461 1463/1463/1463 1464/1464/1464
f 1463/1463/1463 1220/1220/1220 1219/1219/1219
f 1463/1463/1463 1219/1219/1219 1464/1464/1464
f 1463/1463/1463 35/35/35 34/34/34
f 1463/1463/1463 34/34/34 1465/1465/1465
f 1463/1463/1463 1465/1465/1465 1466/1466/1466
f 1463/1463/1463 1466/1466/1466 1220/1220/1220
f 1466/1466/1466 1465/1465/1465 1467/1467/1467
f 1466/1466/1466 1467/1467/1467 1468/1468/1468
f 1466/1466/1466 1468/1468/1468 1469/1469/1469
f 1466/1466/1466 1469/1469/1469 1226/1226/1226
f 1466/1466/1466 1226/1226/1226 1221/1221/1221
f 1466/1466/1466 1221/1221/1221 1220/1220/1220
f 1469/1469/1469 1468/1468/1468 1470/1470/1470
f 1469/1469/1469 1470/1470/1470 1471/1471/1471
f 1469/1469/1469 1471/1471/1471 1472/1472/1472
f 1469/1469/1469 1472/1472/1472 1229/1229/1229
f 1469/1469/1469 1229/1229/1229 1227/1227/1227
f 1469/1469/1469 1227/1227/1227 1226/1226/1226
f 1472/1472/1472 1471/1471/1471 1473/1473/1473
f 1472/1472/1472 1473/1473/1473 1474/1474/1474
f 1472/1472/1472 1474/1474/1474 1475/1475/1475
f 1472/1472/1472 1475/1475/1475 1476/1476/1476
f 1472/1472/1472 1476/1476/1476 1230/1230/1230
f 1472/1472/1472 1230/1230/1230 1229/1229/1229
f 1476/1476/1476 1475/1475/1475 1477/1477/1477
f 1476/1476/1476 1477/1477/1477 1478/1478/1478
f 1476/1476/1476 1478/1478/1478 1231/1231/1231
f 1476/1476/1476 1231/1231/1231 1230/1230/1230
f 1477/1477/1477 1475/1475/1475 1479/1479/1479
f 1477/1477/1477 1479/1479/1479 1480/1480/1480
f 1481/1481/1481 1482/1482/1482 1483/1483/1483
f 1481/1481/1481 1483/1483/1483 1484/1484/1484
f 1481/1481/1481 1484/1484/1484 1238/1238/1238
f 1481/1481/1481 1238/1238/1238 1237/1237/1237
f 1484/1484/1484 1483/1483/1483 1245/1245/1245
f 1484/1484/1484 1245/1245/1245 1243/1243/1243
f 1484/1484/1484 1243/1243/1243 1239/1239/1239
f 1484/1484/1484 1239/1239/1239 1238/1238/1238
f 1483/1483/1483 1482/1482/1482 1485/1485/1485
f 1483/1483/1483 1485/1485/1485 1486/1486/1486
f 1483/1483/1483 1486/1486/1486 1247/1247/1247
f 1483/1483/1483 1247/1247/1247 1245/1245/1245
f 1486/1486/1486 1485/1485/1485 1487/1487/1487
f 1486/1486/1486 1487/1487/1487 1488/1488/1488
f 1486/1486/1486 1488/1488/1488 1489/1489/1489
f 1486/1486/1486 1489/1489/1489 1247/1247/1247
f 1489/1489/1489 1488/1488/1488 1490/1490/1490
f 1489/1489/1489 1490/1490/1490 1491/1491/1491
f 1489/1489/1489 1491/1491/1491 1492/1492/1492
f 1489/1489/1489 1492/1492/1492 1250/1250/1250
f 1489/1489/1489 1250/1250/1250 1248/1248/1248
f 1489/1489/1489 1248/1248/1248 1247/1247/1247
f 1492/1492/1492 1491/1491/1491 1493/1493/1493
f 1492/1492/1492 1493/1493/1493 1494/1494/1494
f 1492/1492/1492 1494/1494/1494 1495/1495/1495
f 1492/1492/1492 1495/1495/1495 1253/1253/1253
f 1492/1492/1492 1253/1253/1253 1251/1251/1251
f 1492/1492/1492 1251/1251/1251 1250/1250/1250
f 1495/1495/1495 1494/1494/1494 1496/1496/1496
f 1495/1495/1495 1496/1496/1496 1497/1497/1497
f 1495/1495/1495 1497/1497/1497 1498/1498/1498
f 1495/1495/1495 1498/1498/1498 1256/1256/1256
f 1495/1495/1495 1256/1256/1256 1254/1254/1254
f 1495/1495/1495 1254/1254/1254 1253/1253/1253
f 1498/1498/1498 1497/1497/1497 1499/1499/1499
f 1498/1498/1498 1499/1499/1499 1500/1500/1500
f 1498/1498/1498 1500/1500/1500 1501/1501/1501
f 1498/1498/1498 1501/1501/1501 1502/1502/1502
f 1498/1498/1498 1502/1502/1502 1257/1257/1257
f 1498/1498/1498 1257/1257/1257 1256/1256/1256
f 1502/1502/1502 1501/1501/1501 1503/1503/1503
f 1502/1502/1502 1503/1503/1503 1504/1504/1504
f 1502/1502/1502 1504/1504/1504 1258/1258/1258
f 1502/1502/1502 1258/1258/1258 1257/1257/1257
f 1504/1504/1504 1503/1503/1503 1505/1505/1505
f 1504/1504/1504 1505/1505/1505 1506/1506/1506
f 1504/1504/1504 1506/1506/1506 1260/1260/1260
f 1504/1504/1504 1260/1260/1260 1258/1258/1258
f 1506/1506/1506 1505/1505/1505 1507/1507/1507
f 1506/1506/1506 1507/1507/1507 1508/1508/1508
f 1506/1506/1506 1508/1508/1508 1262/1262/1262
f 1506/1506/1506 1262/1262/1262 1260/1260/1260
f 1508/1508/1508 1507/1507/1507 1509/1509/1509
f 1508/1508/1508 1509/1509/1509 1510/1510/1510
f 1508/1508/1508 1510/1510/1510 1264/1264/1264
f 1508/1508/1508 1264/1264/1264 1262/1262/1262
f 1510/1510/1510 1509/1509/1509 1511/1511/1511
f 1510/1510/1510 1511/1511/1511 1512/1512/1512
f 1510/1510/1510 1512/1512/1512 1266/1266/1266
f 1510/1510/1510 1266/1266/1266 1264/1264/1264
f 1512/1512/1512 1511/1511/1511 1513/1513/1513
f 1512/1512/1512 1513/1513/1513 1514/1514/1514
f 1512/1512/1512 1514/1514/1514 1268/1268/1268
f 1512/1512/1512 1268/1268/1268 1266/1266/1266
f 1514/1514/1514 1513/1513/1513 1515/1515/1515
f 1514/1514/1514 1515/1515/1515 1516/1516/1516
f 1514/1514/1514 1516/1516/1516 1270/1270/1270
f 1514/1514/1514 1270/1270/1270 1268/1268/1268
f 1516/1516/1516 1515/1515/1515 1517/1517/1517
f 1516/1516/1516 1517/1517/1517 1518/1518/1518
f 1516/1516/1516 1518/1518/1518 1272/1272/1272
f 1516/1516/1516 1272/1272/1272 1270/1270/1270
f 1518/1518/1518 1517/1517/1517 1519/1519/1519
f 1518/1518/1518 1519/1519/1519 1520/1520/1520
f 1518/1518/1518 1520/1520/1520 1521/1521/1521
f 1518/1518/1518 1521/1521/1521 1272/1272/1272
f 1521/1521/1521 1520/1520/1520 1522/1522/1522
f 1521/1521/1521 1522/1522/1522 1523/1523/1523
f 1521/1521/1521 1523/1523/1523 1524/1524/1524
f 1521/1521/1521 1524/1524/1524 1275/1275/1275
f 1521/1521/1521 1275/1275/1275 1273/1273/1273
f 1521/1521/1521 1273/1273/1273 1272/1272/1272
f 1524/1524/1524 1523/1523/1523 1525/1525/1525
f 1524/1524/1524 1525/1525/1525 1526/1526/1526
f 1524/1524/1524 1526/1526/1526 1527/1527/1527
f 1524/1524/1524 1527/1527/1527 1278/1278/1278
f 1524/1524/1524 1278/1278/1278 1276/1276/1276
f 1524/1524/1524 1276/1276/1276 1275/1275/1275
f 1527/1527/1527 1526/1526/1526 1528/1528/1528
f 1527/1527/1527 1528/1528/1528 1529/1529/1529
f 1527/1527/1527 1529/1529/1529 1530/1530/1530
f 1527/1527/1527 1530/1530/1530 1281/1281/1281
f 1527/1527/1527 1281/1281/1281 1279/1279/1279
f 1527/1527/1527 1279/1279/1279 1278/1278/1278
f 1530/1530/1530 1529/1529/1529 1531/1531/1531
f 1530/1530/1530 1531/1531/1531 1532/1532/1532
f 1530/1530/1530 1532/1532/1532 1533/1533/1533
f 1530/1530/1530 1533/1533/1533 1284/1284/1284
f 1530/1530/1530 1284/1284/1284 1282/1282/1282
f 1530/1530/1530 1282/1282/1282 1281/1281/1281
f 1533/1533/1533 1532/1532/1532 1534/1534/1534
f 1533/1533/1533 1534/1534/1534 1535/1535/1535
f 1533/1533/1533 1535/1535/1535 1536/1536/1536
f 1533/1533/1533 1536/1536/1536 1537/1537/1537
f 1533/1533/1533 1537/1537/1537 1285/1285/1285
f 1533/1533/1533 1285/1285/1285 1284/1284/1284
f 1537/1537/1537 1536/1536/1536 1538/1538/1538
f 1537/1537/1537 1538/1538/1538 1539/1539/1539
f 1537/1537/1537 1539/1539/1539 1286/1286/1286
f 1537/1537/1537 1286/1286/1286 1285/1285/1285
f 1539/1539/1539 1538/1538/1538 1540/1540/1540
f 1539/1539/1539 1540/1540/1540 1541/1541/1541
f 1539/1539/1539 1541/1541/1541 1288/1288/1288
f 1539/1539/1539 1288/1288/1288 1286/1286/1286
f 1541/1541/1541 1540/1540/1540 1542/1542/1542
f 1541/1541/1541 1542/1542/1542 1543/1543/1543
f 1541/1541/1541 1543/1543/1543 1290/1290/1290
f 1541/1541/1541 1290/1290/1290 1288/1288/1288
f 1543/1543/1543 1542/1542/1542 1544/1544/1544
f 1543/1543/1543 1544/1544/1544 1545/1545/1545
f 1543/1543/1543 1545/1545/1545 1292/1292/1292
f 1543/1543/1543 1292/1292/1292 1290/1290/1290
f 1545/1545/1545 1544/1544/1544 1546/1546/1546
f 1545/1545/1545 1546/1546/1546 1547/1547/1547
f 1545/1545/1545 1547/1547/1547 1294/1294/1294
f 1545/1545/1545 1294/1294/1294 1292/1292/1292
f 1547/1547/1547 1546/1546/1546 1548/1548/1548
f 1547/1547/1547 1548/1548/1548 1549/1549/1549
f 1547/1547/1547 1549/1549/1549 1296/1296/1296
f 1547/1547/1547 1296/1296/1296 1294/1294/1294
f 1549/1549/1549 1548/1548/1548 1550/1550/1550
f 1549/1549/1549 1550/1550/1550 1551/1551/1551
f 1549/1549/1549 1551/1551/1551 1298/1298/1298
f 1549/1549/1549 1298/1298/1298 1296/1296/1296
f 1551/1551/1551 1550/1550/1550 1552/1552/1552
f 1551/1551/1551 1552/1552/1552 1553/1553/1553
f 1551/1551/1551 1553/1553/1553 1300/1300/1300
f 1551/1551/1551 1300/1300/1300 1298/1298/1298
f 1553/1553/1553 1552/1552/1552 1554/1554/1554
f 1553/1553/1553 1554/1554/1554 1555/1555/1555
f 1553/1553/1553 1555/1555/1555 1556/1556/1556
f 1553/1553/1553 1556/1556/1556 1300/1300/1300
f 1556/1556/1556 1303/1303/1303 1301/1301/1301
f 1556/1556/1556 1301/1301/1301 1300/1300/1300
f 1556/1556/1556 1555/1555/1555 1557/1557/1557
f 1556/1556/1556 1557/1557/1557 1558/1558/1558
f 1556/1556/1556 1558/1558/1558 1559/1559/1559
f 1556/1556/1556 1559/1559/1559 1303/1303/1303
f 1559/1559/1559 1306/1306/1306 1304/1304/1304
f 1559/1559/1559 1304/1304/1304 1303/1303/1303
f 1559/1559/1559 1558/1558/1558 1560/1560/1560
f 1559/1559/1559 1560/1560/1560 1561/1561/1561
f 1559/1559/1559 1561/1561/1561 1562/1562/1562
f 1559/1559/1559 1562/1562/1562 1306/1306/1306
f 1562/1562/1562 1309/1309/1309 1307/1307/1307
f 1562/1562/1562 1307/1307/1307 1306/1306/1306
f 1562/1562/1562 1561/1561/1561 1563/1563/1563
f 1562/1562/1562 1563/1563/1563 1564/1564/1564
f 1562/1562/1562 1564/1564/1564 1565/1565/1565
f 1562/1562/1562 1565/1565/1565 1309/1309/1309
f 1565/1565/1565 1312/1312/1312 1310/1310/1310
f 1565/1565/1565 1310/1310/1310 1309/1309/1309
f 1565/1565/1565 1564/1564/1564 1566/1566/1566
f 1565/1565/1565 1566/1566/1566 1567/1567/1567
f 1565/1565/1565 1567/1567/1567 1568/1568/1568
f 1565/1565/1565 1568/1568/1568 1312/1312/1312
f 1568/1568/1568 1315/1315/1315 1313/1313/1313
f 1568/1568/1568 1313/1313/1313 1312/1312/1312
f 1568/1568/1568 1567/1567/1567 1569/1569/1569
f 1568/1568/1568 1569/1569/1569 1570/1570/1570
f 1568/1568/1568 1570/1570/1570 1571/1571/1571
f 1568/1568/1568 1571/1571/1571 1315/1315/1315
f 1571/1571/1571 1318/1318/1318 1316/1316/1316
f 1571/1571/1571 1316/1316/1316 1315/1315/1315
f 1571/1571/1571 1570/1570/1570 1572/1572/1572
f 1571/1571/1571 1572/1572/1572 1573/1573/1573
f 1571/1571/1571 1573/1573/1573 1574/1574/1574
f 1571/1571/1571 1574/1574/1574 1318/1318/1318
f 1574/1574/1574 1321/1321/1321 1319/1319/1319
f 1574/1574/1574 1319/1319/1319 1318/1318/1318
f 1574/1574/1574 1573/1573/1573 1575/1575/1575
f 1574/1574/1574 1575/1575/1575 1576/1576/1576
f 1574/1574/1574 1576/1576/1576 1577/1577/1577
f 1574/1574/1574 1577/1577/1577 1321/1321/1321
f 1577/1577/1577 1324/1324/1324 1322/1322/1322
f 1577/1577/1577 1322/1322/1322 1321/1321/1321
f 1577/1577/1577 1576/1576/1576 1578/1578/1578
f 1577/1577/1577 1578/1578/1578 1579/1579/1579
f 1577/1577/1577 1579/1579/1579 1580/1580/1580
f 1577/1577/1577 1580/1580/1580 1324/1324/1324
f 1580/1580/1580 1328/1328/1328 1325/1325/1325
f 1580/1580/1580 1325/1325/1325 1324/1324/1324
f 1581/1581/1581 1582/1582/1582 1583/1583/1583
f 1581/1581/1581 1583/1583/1583 1584/1584/1584
f 1581/1581/1581 1584/1584/1584 8/8/8
f 1581/1581/1581 8/8/8 7/7/7
f 8/8/8 1584/1584/1584 1585/1585/1585
f 8/8/8 1585/1585/1585 1586/1586/1586
f 1/1/1 1587/1587/1587 1588/1588/1588
f 1/1/1 1588/1588/1588 2/2/2
f 1588/1588/1588 1336/1336/1336 1333/1333/1333
f 1588/1588/1588 1333/1333/1333 2/2/2
f 1588/1588/1588 1587/1587/1587 1589/1589/1589
f 1588/1588/1588 1589/1589/1589 1590/1590/1590
f 1588/1588/1588 1590/1590/1590 1591/1591/1591
f 1588/1588/1588 1591/1591/1591 1336/1336/1336
f 1591/1591/1591 1339/1339/1339 1337/1337/1337
f 1591/1591/1591 1337/1337/1337 1336/1336/1336
f 1591/1591/1591 1590/1590/1590 1592/1592/1592
f 1591/1591/1591 1592/1592/1592 1593/1593/1593
f 1591/1591/1591 1593/1593/1593 1594/1594/1594
f 1591/1591/1591 1594/1594/1594 1339/1339/1339
f 1594/1594/1594 1342/1342/1342 1340/1340/1340
f 1594/1594/1594 1340/1340/1340 1339/1339/1339
f 1594/1594/1594 1593/1593/1593 1595/1595/1595
f 1594/1594/1594 1595/1595/1595 1596/1596/1596
f 1594/1594/1594 1596/1596/1596 1597/1597/1597
f 1594/1594/1594 1597/1597/1597 1342/1342/1342
f 1597/1597/1597 1345/1345/1345 1343/1343/1343
f 1597/1597/1597 1343/1343/1343 1342/1342/1342
f 1597/1597/1597 1596/1596/1596 1598/1598/1598
f 1597/1597/1597 1598/1598/1598 1599/1599/1599
f 1597/1597/1597 1599/1599/1599 1600/1600/1600
f 1597/1597/1597 1600/1600/1600 1345/1345/1345
f 1600/1600/1600 1348/1348/1348 1346/1346/1346
f 1600/1600/1600 1346/1346/1346 1345/1345/1345
f 1600/1600/1600 1599/1599/1599 1601/1601/1601
f 1600/1600/1600 1601/1601/1601 1602/1602/1602
f 1600/1600/1600 1602/1602/1602 1603/1603/1603
f 1600/1600/1600 1603/1603/1603 1348/1348/1348
f 1603/1603/1603 1351/1351/1351 1349/1349/1349
f 1603/1603/1603 1349/1349/1349 1348/1348/1348
f 1603/1603/1603 1602/1602/1602 1604/1604/1604
f 1603/1603/1603 1604/1604/1604 1605/1605/1605
f 1603/1603/1603 1605/1605/1605 1606/1606/1606
f 1603/1603/1603 1606/1606/1606 1351/1351/1351
f 1606/1606/1606 1354/1354/1354 1352/1352/1352
f 1606/1606/1606 1352/1352/1352 1351/1351/1351
f 1606/1606/1606 1605/1605/1605 1607/1607/1607
f 1606/1606/1606 1607/1607/1607 1362/1362/1362
f 1606/1606/1606 1362/1362/1362 1360/1360/1360
f 1606/1606/1606 1360/1360/1360 1354/1354/1354
f 1607/1607/1607 1605/1605/1605 1604/1604/1604
f 1607/1607/1607 1604/1604/1604 1608/1608/1608
f 1607/1607/1607 1608/1608/1608 1609/1609/1609
f 1607/1607/1607 1609/1609/1609 1365/1365/1365
f 1607/1607/1607 1365/1365/1365 1363/1363/1363
f 1607/1607/1607 1363/1363/1363 1362/1362/1362
f 1609/1609/1609 1608/1608/1608 1610/1610/1610
f 1609/1609/1609 1610/1610/1610 1611/1611/1611
f 1609/1609/1609 1611/1611/1611 1612/1612/1612
f 1609/1609/1609 1612/1612/1612 1613/1613/1613
f 1609/1609/1609 1613/1613/1613 1366/1366/1366
f 1609/1609/1609 1366/1366/1366 1365/1365/1365
f 1613/1613/1613 1612/1612/1612 1377/1377/1377
f 1613/1613/1613 1377/1377/1377 1371/1371/1371
f 1613/1613/1613 1371/1371/1371 1367/1367/1367
f 1613/1613/1613 1367/1367/1367 1366/1366/1366
f 1612/1612/1612 1611/1611/1611 1614/1614/1614
f 1612/1612/1612 1614/1614/1614 1380/1380/1380
f 1612/1612/1612 1380/1380/1380 1378/1378/1378
f 1612/1612/1612 1378/1378/1378 1377/1377/1377
f 1614/1614/1614 1611/1611/1611 1610/1610/1610
f 1614/1614/1614 1610/1610/1610 1615/1615/1615
f 1614/1614/1614 1615/1615/1615 1616/1616/1616
f 1614/1614/1614 1616/1616/1616 1383/1383/1383
f 1614/1614/1614 1383/1383/1383 1381/1381/1381
f 1614/1614/1614 1381/1381/1381 1380/1380/1380
f 1616/1616/1616 1615/1615/1615 1617/1617/1617
f 1616/1616/1616 1617/1617/1617 1618/1618/1618
f 1616/1616/1616 1618/1618/1618 1619/1619/1619
f 1616/1616/1616 1619/1619/1619 1387/1387/1387
f 1616/1616/1616 1387/1387/1387 1384/1384/1384
f 1616/1616/1616 1384/1384/1384 1383/1383/1383
f 1619/1619/1619 1618/1618/1618 1620/1620/1620
f 1619/1619/1619 1620/1620/1620 1621/1621/1621
f 1619/1619/1619 1621/1621/1621 1622/1622/1622
f 1619/1619/1619 1622/1622/1622 1623/1623/1623
f 1619/1619/1619 1623/1623/1623 1388/1388/1388
f 1619/1619/1619 1388/1388/1388 1387/1387/1387
f 1622/1622/1622 1621/1621/1621 1624/1624/1624
f 1622/1622/1622 1624/1624/1624 1625/1625/1625
f 1626/1626/1626 1627/1627/1627 1628/1628/1628
f 1626/1626/1626 1628/1628/1628 1395/1395/1395
f 1626/1626/1626 1395/1395/1395 1393/1393/1393
f 1626/1626/1626 1393/1393/1393 1392/1392/1392
f 1628/1628/1628 1627/1627/1627 1629/1629/1629
f 1628/1628/1628 1629/1629/1629 1630/1630/1630
f 1628/1628/1628 1630/1630/1630 1631/1631/1631
f 1628/1628/1628 1631/1631/1631 1398/1398/1398
f 1628/1628/1628 1398/1398/1398 1396/1396/1396
f 1628/1628/1628 1396/1396/1396 1395/1395/1395
f 1631/1631/1631 1630/1630/1630 1632/1632/1632
f 1631/1631/1631 1632/1632/1632 1633/1633/1633
f 1631/1631/1631 1633/1633/1633 1634/1634/1634
f 1631/1631/1631 1634/1634/1634 1401/1401/1401
f 1631/1631/1631 1401/1401/1401 1399/1399/1399
f 1631/1631/1631 1399/1399/1399 1398/1398/1398
f 1634/1634/1634 1633/1633/1633 1635/1635/1635
f 1634/1634/1634 1635/1635/1635 1636/1636/1636
f 1634/1634/1634 1636/1636/1636 1637/1637/1637
f 1634/1634/1634 1637/1637/1637 1404/1404/1404
f 1634/1634/1634 1404/1404/1404 1402/1402/1402
f 1634/1634/1634 1402/1402/1402 1401/1401/1401
f 1637/1637/1637 1636/1636/1636 1638/1638/1638
f 1637/1637/1637 1638/1638/1638 1639/1639/1639
f 1637/1637/1637 1639/1639/1639 1640/1640/1640
f 1637/1637/1637 1640/1640/1640 1407/1407/1407
f 1637/1637/1637 1407/1407/1407 1405/1405/1405
f 1637/1637/1637 1405/1405/1405 1404/1404/1404
f 1640/1640/1640 1639/1639/1639 1641/1641/1641
f 1640/1640/1640 1641/1641/1641 1642/1642/1642
f 1640/1640/1640 1642/1642/1642 1643/1643/1643
f 1640/1640/1640 1643/1643/1643 1410/1410/1410
f 1640/1640/1640 1410/1410/1410 1408/1408/1408
f 1640/1640/1640 1408/1408/1408 1407/1407/1407
f 1643/1643/1643 1642/1642/1642 1644/1644/1644
f 1643/1643/1643 1644/1644/1644 1645/1645/1645
f 1643/1643/1643 1645/1645/1645 1646/1646/1646
f 1643/1643/1643 1646/1646/1646 1413/1413/1413
f 1643/1643/1643 1413/1413/1413 1411/1411/1411
f 1643/1643/1643 1411/1411/1411 1410/1410/1410
f 1646/1646/1646 1416/1416/1416 1414/1414/1414
f 1646/1646/1646 1414/1414/1414 1413/1413/1413
f 1647/1647/1647 1648/1648/1648 1649/1649/1649
f 1647/1647/1647 1649/1649/1649 1650/1650/1650
f 1647/1647/1647 1650/1650/1650 1651/1651/1651
f 1647/1647/1647 1651/1651/1651 1652/1652/1652
f 1651/1651/1651 1650/1650/1650 1653/1653/1653
f 1651/1651/1651 1653/1653/1653 1654/1654/1654
f 1651/1651/1651 1654/1654/1654 1655/1655/1655
f 1651/1651/1651 1655/1655/1655 1421/1421/1421
f 1651/1651/1651 1421/1421/1421 1420/1420/1420
f 1651/1651/1651 1420/1420/1420 1652/1652/1652
f 1655/1655/1655 1654/1654/1654 1656/1656/1656
f 1655/1655/1655 1656/1656/1656 1657/1657/1657
f 1655/1655/1655 1657/1657/1657 1658/1658/1658
f 1655/1655/1655 1658/1658/1658 1425/1425/1425
f 1655/1655/1655 1425/1425/1425 1422/1422/1422
f 1655/1655/1655 1422/1422/1422 1421/1421/1421
f 1658/1658/1658 1657/1657/1657 1659/1659/1659
f 1658/1658/1658 1659/1659/1659 1660/1660/1660
f 1658/1658/1658 1660/1660/1660 1661/1661/1661
f 1658/1658/1658 1661/1661/1661 1428/1428/1428
f 1658/1658/1658 1428/1428/1428 1426/1426/1426
f 1658/1658/1658 1426/1426/1426 1425/1425/1425
f 1661/1661/1661 1660/1660/1660 1662/1662/1662
f 1661/1661/1661 1662/1662/1662 1663/1663/1663
f 1661/1661/1661 1663/1663/1663 1664/1664/1664
f 1661/1661/1661 1664/1664/1664 1431/1431/1431
f 1661/1661/1661 1431/1431/1431 1429/1429/1429
f 1661/1661/1661 1429/1429/1429 1428/1428/1428
f 1664/1664/1664 1663/1663/1663 1665/1665/1665
f 1664/1664/1664 1665/1665/1665 1666/1666/1666
f 1664/1664/1664 1666/1666/1666 1667/1667/1667
f 1664/1664/1664 1667/1667/1667 1434/1434/1434
f 1664/1664/1664 1434/1434/1434 1432/1432/1432
f 1664/1664/1664 1432/1432/1432 1431/1431/1431
f 1667/1667/1667 1666/1666/1666 1668/1668/1668
f 1667/1667/1667 1668/1668/1668 1669/1669/1669
f 1667/1667/1667 1669/1669/1669 1670/1670/1670
f 1667/1667/1667 1670/1670/1670 1437/1437/1437
f 1667/1667/1667 1437/1437/1437 1435/1435/1435
f 1667/1667/1667 1435/1435/1435 1434/1434/1434
f 1670/1670/1670 1669/1669/1669 1671/1671/1671
f 1670/1670/1670 1671/1671/1671 1672/1672/1672
f 1670/1670/1670 1672/1672/1672 1673/1673/1673
f 1670/1670/1670 1673/1673/1673 1440/1440/1440
f 1670/1670/1670 1440/1440/1440 1438/1438/1438
f 1670/1670/1670 1438/1438/1438 1437/1437/1437
f 1673/1673/1673 1672/1672/1672 1674/1674/1674
f 1673/1673/1673 1674/1674/1674 1675/1675/1675
f 1673/1673/1673 1675/1675/1675 1676/1676/1676
f 1673/1673/1673 1676/1676/1676 1443/1443/1443
f 1673/1673/1673 1443/1443/1443 1441/1441/1441
f 1673/1673/1673 1441/1441/1441 1440/1440/1440
f 1676/1676/1676 1675/1675/1675 1677/1677/1677
f 1676/1676/1676 1677/1677/1677 1678/1678/1678
f 1676/1676/1676 1678/1678/1678 1679/1679/1679
f 1676/1676/1676 1679/1679/1679 1446/1446/1446
f 1676/1676/1676 1446/1446/1446 1444/1444/1444
f 1676/1676/1676 1444/1444/1444 1443/1443/1443
f 1679/1679/1679 1678/1678/1678 1680/1680/1680
f 1679/1679/1679 1680/1680/1680 1681/1681/1681
f 1679/1679/1679 1681/1681/1681 1682/1682/1682
f 1679/1679/1679 1682/1682/1682 1449/1449/1449
f 1679/1679/1679 1449/1449/1449 1447/1447/1447
f 1679/1679/1679 1447/1447/1447 1446/1446/1446
f 1682/1682/1682 1681/1681/1681 1683/1683/1683
f 1682/1682/1682 1683/1683/1683 37/37/37
f 1682/1682/1682 37/37/37 36/36/36
f 1682/1682/1682 36/36/36 1453/1453/1453
f 1682/1682/1682 1453/1453/1453 1450/1450/1450
f 1682/1682/1682 1450/1450/1450 1449/1449/1449
f 1683/1683/1683 1684/1684/1684 1685/1685/1685
f 1683/1683/1683 1685/1685/1685 1686/1686/1686
f 1683/1683/1683 1686/1686/1686 38/38/38
f 1683/1683/1683 38/38/38 37/37/37
f 1683/1683/1683 1681/1681/1681 1680/1680/1680
f 1683/1683/1683 1680/1680/1680 1684/1684/1684
f 1686/1686/1686 1685/1685/1685 1687/1687/1687
f 1686/1686/1686 1687/1687/1687 1688/1688/1688
f 1686/1686/1686 1688/1688/1688 39/39/39
f 1686/1686/1686 39/39/39 38/38/38
f 1688/1688/1688 1687/1687/1687 1689/1689/1689
f 1688/1688/1688 1689/1689/1689 1690/1690/1690
f 1688/1688/1688 1690/1690/1690 1691/1691/1691
f 1688/1688/1688 1691/1691/1691 39/39/39
f 1691/1691/1691 1690/1690/1690 1692/1692/1692
f 1691/1691/1691 1692/1692/1692 1693/1693/1693
f 1691/1691/1691 1693/1693/1693 1694/1694/1694
f 1691/1691/1691 1694/1694/1694 1695/1695/1695
f 1691/1691/1691 1695/1695/1695 33/33/33
f 1691/1691/1691 33/33/33 39/39/39
f 1695/1695/1695 1694/1694/1694 1696/1696/1696
f 1695/1695/1695 1696/1696/1696 1697/1697/1697
f 1695/1695/1695 1697/1697/1697 34/34/34
f 1695/1695/1695 34/34/34 33/33/33
f 1697/1697/1697 1696/1696/1696 1698/1698/1698
f 1697/1697/1697 1698/1698/1698 1467/1467/1467
f 1697/1697/1697 1467/1467/1467 1465/1465/1465
f 1697/1697/1697 1465/1465/1465 34/34/34
f 1698/1698/1698 1696/1696/1696 1699/1699/1699
f 1698/1698/1698 1699/1699/1699 1700/1700/1700
f 1698/1698/1698 1700/1700/1700 1701/1701/1701
f 1698/1698/1698 1701/1701/1701 1470/1470/1470
f 1698/1698/1698 1470/1470/1470 1468/1468/1468
f 1698/1698/1698 1468/1468/1468 1467/1467/1467
f 1701/1701/1701 1700/1700/1700 1702/1702/1702
f 1701/1701/1701 1702/1702/1702 1703/1703/1703
f 1701/1701/1701 1703/1703/1703 1704/1704/1704
f 1701/1701/1701 1704/1704/1704 1473/1473/1473
f 1701/1701/1701 1473/1473/1473 1471/1471/1471
f 1701/1701/1701 1471/1471/1471 1470/1470/1470
f 1704/1704/1704 1703/1703/1703 1705/1705/1705
f 1704/1704/1704 1705/1705/1705 1706/1706/1706
f 1704/1704/1704 1706/1706/1706 1707/1707/1707
f 1704/1704/1704 1707/1707/1707 1708/1708/1708
f 1704/1704/1704 1708/1708/1708 1474/1474/1474
f 1704/1704/1704 1474/1474/1474 1473/1473/1473
f 1708/1708/1708 1707/1707/1707 1709/1709/1709
f 1708/1708/1708 1709/1709/1709 1479/1479/1479
f 1708/1708/1708 1479/1479/1479 1475/1475/1475
f 1708/1708/1708 1475/1475/1475 1474/1474/1474
f 1709/1709/1709 1707/1707/1707 1710/1710/1710
f 1709/1709/1709 1710/1710/1710 1711/1711/1711
f 1709/1709/1709 1711/1711/1711 1712/1712/1712
f 1709/1709/1709 1712/1712/1712 1713/1713/1713
f 1709/1709/1709 1713/1713/1713 1480/1480/1480
f 1709/1709/1709 1480/1480/1480 1479/1479/1479
f 1711/1711/1711 1710/1710/1710 1714/1714/1714
f 1711/1711/1711 1714/1714/1714 1715/1715/1715
f 1711/1711/1711 1715/1715/1715 1716/1716/1716
f 1711/1711/1711 1716/1716/1716 1712/1712/1712
f 1716/1716/1716 1715/1715/1715 1717/1717/1717
f 1716/1716/1716 1717/1717/1717 1718/1718/1718
f 1719/1719/1719 1720/1720/1720 1721/1721/1721
f 1719/1719/1719 1721/1721/1721 1490/1490/1490
f 1719/1719/1719 1490/1490/1490 1488/1488/1488
f 1719/1719/1719 1488/1488/1488 1487/1487/1487
f 1721/1721/1721 1720/1720/1720 1722/1722/1722
f 1721/1721/1721 1722/1722/1722 1723/1723/1723
f 1721/1721/1721 1723/1723/1723 1724/1724/1724
f 1721/1721/1721 1724/1724/1724 1493/1493/1493
f 1721/1721/1721 1493/1493/1493 1491/1491/1491
f 1721/1721/1721 1491/1491/1491 1490/1490/1490
f 1724/1724/1724 1723/1723/1723 1725/1725/1725
f 1724/1724/1724 1725/1725/1725 1726/1726/1726
f 1724/1724/1724 1726/1726/1726 1727/1727/1727
f 1724/1724/1724 1727/1727/1727 1496/1496/1496
f 1724/1724/1724 1496/1496/1496 1494/1494/1494
f 1724/1724/1724 1494/1494/1494 1493/1493/1493
f 1727/1727/1727 1726/1726/1726 1728/1728/1728
f 1727/1727/1727 1728/1728/1728 1729/1729/1729
f 1727/1727/1727 1729/1729/1729 1730/1730/1730
f 1727/1727/1727 1730/1730/1730 1499/1499/1499
f 1727/1727/1727 1499/1499/1499 1497/1497/1497
f 1727/1727/1727 1497/1497/1497 1496/1496/1496
f 1730/1730/1730 1729/1729/1729 1731/1731/1731
f 1730/1730/1730 1731/1731/1731 1732/1732/1732
f 1730/1730/1730 1732/1732/1732 1733/1733/1733
f 1730/1730/1730 1733/1733/1733 1734/1734/1734
f 1730/1730/1730 1734/1734/1734 1500/1500/1500
f 1730/1730/1730 1500/1500/1500 1499/1499/1499
f 1734/1734/1734 1733/1733/1733 1735/1735/1735
f 1734/1734/1734 1735/1735/1735 1736/1736/1736
f 1734/1734/1734 1736/1736/1736 1501/1501/1501
f 1734/1734/1734 1501/1501/1501 1500/1500/1500
f 1736/1736/1736 1735/1735/1735 1737/1737/1737
f 1736/1736/1736 1737/1737/1737 1738/1738/1738
f 1736/1736/1736 1738/1738/1738 1503/1503/1503
f 1736/1736/1736 1503/1503/1503 1501/1501/1501
f 1738/1738/1738 1737/1737/1737 1739/1739/1739
f 1738/1738/1738 1739/1739/1739 1740/1740/1740
f 1738/1738/1738 1740/1740/1740 1505/1505/1505
f 1738/1738/1738 1505/1505/1505 1503/1503/1503
f 1740/1740/1740 1739/1739/1739 1741/1741/1741
f 1740/1740/1740 1741/1741/1741 1742/1742/1742
f 1740/1740/1740 1742/1742/1742 1507/1507/1507
f 1740/1740/1740 1507/1507/1507 1505/1505/1505
f 1742/1742/1742 1741/1741/1741 1743/1743/1743
f 1742/1742/1742 1743/1743/1743 1744/1744/1744
f 1742/1742/1742 1744/1744/1744 1509/1509/1509
f 1742/1742/1742 1509/1509/1509 1507/1507/1507
f 1744/1744/1744 1743/1743/1743 1745/1745/1745
f 1744/1744/1744 1745/1745/1745 1746/1746/1746
f 1744/1744/1744 1746/1746/1746 1511/1511/1511
f 1744/1744/1744 1511/1511/1511 1509/1509/1509
f 1746/1746/1746 1745/1745/1745 1747/1747/1747
f 1746/1746/1746 1747/1747/1747 1748/1748/1748
f 1746/1746/1746 1748/1748/1748 1513/1513/1513
f 1746/1746/1746 1513/1513/1513 1511/1511/1511
f 1748/1748/1748 1747/1747/1747 1749/1749/1749
f 1748/1748/1748 1749/1749/1749 1750/1750/1750
f 1748/1748/1748 1750/1750/1750 1515/1515/1515
f 1748/1748/1748 1515/1515/1515 1513/1513/1513
f 1750/1750/1750 1749/1749/1749 1751/1751/1751
f 1750/1750/1750 1751/1751/1751 1752/1752/1752
f 1750/1750/1750 1752/1752/1752 1517/1517/1517
f 1750/1750/1750 1517/1517/1517 1515/1515/1515
f 1752/1752/1752 1751/1751/1751 1753/1753/1753
f 1752/1752/1752 1753/1753/1753 1754/1754/1754
f 1752/1752/1752 1754/1754/1754 1519/1519/1519
f 1752/1752/1752 1519/1519/1519 1517/1517/1517
f 1754/1754/1754 1753/1753/1753 1755/1755/1755
f 1754/1754/1754 1755/1755/1755 1756/1756/1756
f 1754/1754/1754 1756/1756/1756 1757/1757/1757
f 1754/1754/1754 1757/1757/1757 1519/1519/1519
f 1757/1757/1757 1756/1756/1756 1758/1758/1758
f 1757/1757/1757 1758/1758/1758 1759/1759/1759
f 1757/1757/1757 1759/1759/1759 1760/1760/1760
f 1757/1757/1757 1760/1760/1760 1522/1522/1522
f 1757/1757/1757 1522/1522/1522 1520/1520/1520
f 1757/1757/1757 1520/1520/1520 1519/1519/1519
f 1760/1760/1760 1759/1759/1759 1761/1761/1761
f 1760/1760/1760 1761/1761/1761 1762/1762/1762
f 1760/1760/1760 1762/1762/1762 1763/1763/1763
f 1760/1760/1760 1763/1763/1763 1525/1525/1525
f 1760/1760/1760 1525/1525/1525 1523/1523/1523
f 1760/1760/1760 1523/1523/1523 1522/1522/1522
f 1763/1763/1763 1762/1762/1762 1764/1764/1764
f 1763/1763/1763 1764/1764/1764 1765/1765/1765
f 1763/1763/1763 1765/1765/1765 1766/1766/1766
f 1763/1763/1763 1766/1766/1766 1528/1528/1528
f 1763/1763/1763 1528/1528/1528 1526/1526/1526
f 1763/1763/1763 1526/1526/1526 1525/1525/1525
f 1766/1766/1766 1765/1765/1765 1767/1767/1767
f 1766/1766/1766 1767/1767/1767 1768/1768/1768
f 1766/1766/1766 1768/1768/1768 1769/1769/1769
f 1766/1766/1766 1769/1769/1769 1531/1531/1531
f 1766/1766/1766 1531/1531/1531 1529/1529/1529
f 1766/1766/1766 1529/1529/1529 1528/1528/1528
f 1769/1769/1769 1768/1768/1768 1770/1770/1770
f 1769/1769/1769 1770/1770/1770 1771/1771/1771
f 1769/1769/1769 1771/1771/1771 1772/1772/1772
f 1769/1769/1769 1772/1772/1772 1534/1534/1534
f 1769/1769/1769 1534/1534/1534 1532/1532/1532
f 1769/1769/1769 1532/1532/1532 1531/1531/1531
f 1772/1772/1772 1771/1771/1771 1773/1773/1773
f 1772/1772/1772 1773/1773/1773 1774/1774/1774
f 1772/1772/1772 1774/1774/1774 1775/1775/1775
f 1772/1772/1772 1775/1775/1775 1776/1776/1776
f 1772/1772/1772 1776/1776/1776 1535/1535/1535
f 1772/1772/1772 1535/1535/1535 1534/1534/1534
f 1776/1776/1776 1775/1775/1775 1777/1777/1777
f 1776/1776/1776 1777/1777/1777 1778/1778/1778
f 1776/1776/1776 1778/1778/1778 1536/1536/1536
f 1776/1776/1776 1536/1536/1536 1535/1535/1535
f 1778/1778/1778 1777/1777/1777 1779/1779/1779
f 1778/1778/1778 1779/1779/1779 1780/1780/1780
f 1778/1778/1778 1780/1780/1780 1538/1538/1538
f 1778/1778/1778 1538/1538/1538 1536/1536/1536
f 1780/1780/1780 1779/1779/1779 1781/1781/1781
f 1780/1780/1780 1781/1781/1781 1782/1782/1782
f 1780/1780/1780 1782/1782/1782 1540/1540/1540
f 1780/1780/1780 1540/1540/1540 1538/1538/1538
f 1782/1782/1782 1781/1781/1781 1783/1783/1783
f 1782/1782/1782 1783/1783/1783 1784/1784/1784
f 1782/1782/1782 1784/1784/1784 1542/1542/1542
f 1782/1782/1782 1542/1542/1542 1540/1540/1540
f 1784/1784/1784 1783/1783/1783 1785/1785/1785
f 1784/1784/1784 1785/1785/1785 1786/1786/1786
f 1784/1784/1784 1786/1786/1786 1544/1544/1544
f 1784/1784/1784 1544/1544/1544 1542/1542/1542
f 1786/1786/1786 1785/1785/1785 1787/1787/1787
f 1786/1786/1786 1787/1787/1787 1788/1788/1788
f 1786/1786/1786 1788/1788/1788 1546/1546/1546
f 1786/1786/1786 1546/1546/1546 1544/1544/1544
f 1788/1788/1788 1787/1787/1787 1789/1789/1789
f 1788/1788/1788 1789/1789/1789 1790/1790/1790
f 1788/1788/1788 1790/1790/1790 1548/1548/1548
f 1788/1788/1788 1548/1548/1548 1546/1546/1546
f 1790/1790/1790 1789/1789/1789 1791/1791/1791
f 1790/1790/1790 1791/1791/1791 1792/1792/1792
f 1790/1790/1790 1792/1792/1792 1550/1550/1550
f 1790/1790/1790 1550/1550/1550 1548/1548/1548
f 1792/1792/1792 1791/1791/1791 1793/1793/1793
f 1792/1792/1792 1793/1793/1793 1794/1794/1794
f 1792/1792/1792 1794/1794/1794 1552/1552/1552
f 1792/1792/1792 1552/1552/1552 1550/1550/1550
f 1794/1794/1794 1793/1793/1793 1795/1795/1795
f 1794/1794/1794 1795/1795/1795 1796/1796/1796
f 1794/1794/1794 1796/1796/1796 1554/1554/1554
f 1794/1794/1794 1554/1554/1554 1552/1552/1552
f 1796/1796/1796 1795/1795/1795 1797/1797/1797
f 1796/1796/1796 1797/1797/1797 1798/1798/1798
f 1796/1796/1796 1798/1798/1798 1799/1799/1799
f 1796/1796/1796 1799/1799/1799 1554/1554/1554
f 1799/1799/1799 1557/1557/1557 1555/1555/1555
f 1799/1799/1799 1555/1555/1555 1554/1554/1554
f 1799/1799/1799 1798/1798/1798 1800/1800/1800
f 1799/1799/1799 1800/1800/1800 1801/1801/1801
f 1799/1799/1799 1801/1801/1801 1802/1802/1802
f 1799/1799/1799 1802/1802/1802 1557/1557/1557
f 1802/1802/1802 1560/1560/1560 1558/1558/1558
f 1802/1802/1802 1558/1558/1558 1557/1557/1557
f 1802/1802/1802 1801/1801/1801 1803/1803/1803
f 1802/1802/1802 1803/1803/1803 1804/1804/1804
f 1802/1802/1802 1804/1804/1804 1805/1805/1805
f 1802/1802/1802 1805/1805/1805 1560/1560/1560
f 1805/1805/1805 1563/1563/1563 1561/1561/1561
f 1805/1805/1805 1561/1561/1561 1560/1560/1560
f 1805/1805/1805 1804/1804/1804 1806/1806/1806
f 1805/1805/1805 1806/1806/1806 1807/1807/1807
f 1805/1805/1805 1807/1807/1807 1808/1808/1808
f 1805/1805/1805 1808/1808/1808 1563/1563/1563
f 1808/1808/1808 1566/1566/1566 1564/1564/1564
f 1808/1808/1808 1564/1564/1564 1563/1563/1563
f 1808/1808/1808 1807/1807/1807 1809/1809/1809
f 1808/1808/1808 1809/1809/1809 1810/1810/1810
f 1808/1808/1808 1810/1810/1810 1811/1811/1811
f 1808/1808/1808 1811/1811/1811 1566/1566/1566
f 1811/1811/1811 1569/1569/1569 1567/1567/1567
f 1811/1811/1811 1567/1567/1567 1566/1566/1566
f 1811/1811/1811 1810/1810/1810 1812/1812/1812
f 1811/1811/1811 1812/1812/1812 1813/1813/1813
f 1811/1811/1811 1813/1813/1813 1814/1814/1814
f 1811/1811/1811 1814/1814/1814 1569/1569/1569
f 1814/1814/1814 1572/1572/1572 1570/1570/1570
f 1814/1814/1814 1570/1570/1570 1569/1569/1569
f 1814/1814/1814 1813/1813/1813 1815/1815/1815
f 1814/1814/1814 1815/1815/1815 1816/1816/1816
f 1814/1814/1814 1816/1816/1816 1817/1817/1817
f 1814/1814/1814 1817/1817/1817 1572/1572/1572
f 1817/1817/1817 1575/1575/1575 1573/1573/1573
f 1817/1817/1817 1573/1573/1573 1572/1572/1572
f 1817/1817/1817 1816/1816/1816 1818/1818/1818
f 1817/1817/1817 1818/1818/1818 1819/1819/1819
f 1817/1817/1817 1819/1819/1819 1820/1820/1820
f 1817/1817/1817 1820/1820/1820 1575/1575/1575
f 1820/1820/1820 1578/1578/1578 1576/1576/1576
f 1820/1820/1820 1576/1576/1576 1575/1575/1575
f 1821/1821/1821 1644/1644/1644 1642/1642/1642
f 1821/1821/1821 1642/1642/1642 1641/1641/1641
f 1821/1821/1821 1641/1641/1641 1822/1822/1822
f 1821/1821/1821 1822/1822/1822 1823/1823/1823
f 1822/1822/1822 1583/1583/1583 1582/1582/1582
f 1822/1822/1822 1582/1582/1582 1823/1823/1823
f 1822/1822/1822 1641/1641/1641 1639/1639/1639
f 1822/1822/1822 1639/1639/1639 1638/1638/1638
f 1822/1822/1822 1638/1638/1638 1824/1824/1824
f 1822/1822/1822 1824/1824/1824 1583/1583/1583
f 1824/1824/1824 1585/1585/1585 1584/1584/1584
f 1824/1824/1824 1584/1584/1584 1583/1583/1583
f 1824/1824/1824 1638/1638/1638 1636/1636/1636
f 1824/1824/1824 1636/1636/1636 1635/1635/1635
f 1824/1824/1824 1635/1635/1635 1825/1825/1825
f 1824/1824/1824 1825/1825/1825 1585/1585/1585
f 1825/1825/1825 1826/1826/1826 1586/1586/1586
f 1825/1825/1825 1586/1586/1586 1585/1585/1585
f 1825/1825/1825 1635/1635/1635 1633/1633/1633
f 1825/1825/1825 1633/1633/1633 1632/1632/1632
f 1825/1825/1825 1632/1632/1632 1827/1827/1827
f 1825/1825/1825 1827/1827/1827 1826/1826/1826
f 1828/1828/1828 1592/1592/1592 1590/1590/1590
f 1828/1828/1828 1590/1590/1590 1589/1589/1589
f 1827/1827/1827 1632/1632/1632 1630/1630/1630
f 1827/1827/1827 1630/1630/1630 1629/1629/1629
f 1828/1828/1828 1829/1829/1829 1830/1830/1830
f 1828/1828/1828 1830/1830/1830 1592/1592/1592
f 1830/1830/1830 1595/1595/1595 1593/1593/1593
f 1830/1830/1830 1593/1593/1593 1592/1592/1592
f 1830/1830/1830 1829/1829/1829 1625/1625/1625
f 1830/1830/1830 1625/1625/1625 1624/1624/1624
f 1830/1830/1830 1624/1624/1624 1831/1831/1831
f 1830/1830/1830 1831/1831/1831 1595/1595/1595
f 1831/1831/1831 1598/1598/1598 1596/1596/1596
f 1831/1831/1831 1596/1596/1596 1595/1595/1595
f 1831/1831/1831 1624/1624/1624 1621/1621/1621
f 1831/1831/1831 1621/1621/1621 1620/1620/1620
f 1831/1831/1831 1620/1620/1620 1832/1832/1832
f 1831/1831/1831 1832/1832/1832 1598/1598/1598
f 1832/1832/1832 1601/1601/1601 1599/1599/1599
f 1832/1832/1832 1599/1599/1599 1598/1598/1598
f 1832/1832/1832 1620/1620/1620 1618/1618/1618
f 1832/1832/1832 1618/1618/1618 1617/1617/1617
f 1832/1832/1832 1617/1617/1617 1833/1833/1833
f 1832/1832/1832 1833/1833/1833 1601/1601/1601
f 1833/1833/1833 1604/1604/1604 1602/1602/1602
f 1833/1833/1833 1602/1602/1602 1601/1601/1601
f 1833/1833/1833 1617/1617/1617 1615/1615/1615
f 1833/1833/1833 1615/1615/1615 1610/1610/1610
f 1833/1833/1833 1610/1610/1610 1608/1608/1608
f 1833/1833/1833 1608/1608/1608 1604/1604/1604
f 1834/1834/1834 1835/1835/1835 1836/1836/1836
f 1834/1834/1834 1836/1836/1836 1837/1837/1837
f 1838/1838/1838 1839/1839/1839 1840/1840/1840
f 1838/1838/1838 1840/1840/1840 1841/1841/1841
f 1840/1840/1840 1839/1839/1839 1842/1842/1842
f 1840/1840/1840 1842/1842/1842 1843/1843/1843
f 1840/1840/1840 1843/1843/1843 1844/1844/1844
f 1840/1840/1840 1844/1844/1844 1649/1649/1649
f 1840/1840/1840 1649/1649/1649 1648/1648/1648
f 1840/1840/1840 1648/1648/1648 1841/1841/1841
f 1844/1844/1844 1843/1843/1843 1845/1845/1845
f 1844/1844/1844 1845/1845/1845 1846/1846/1846
f 1844/1844/1844 1846/1846/1846 1847/1847/1847
f 1844/1844/1844 1847/1847/1847 1653/1653/1653
f 1844/1844/1844 1653/1653/1653 1650/1650/1650
f 1844/1844/1844 1650/1650/1650 1649/1649/1649
f 1847/1847/1847 1846/1846/1846 1848/1848/1848
f 1847/1847/1847 1848/1848/1848 1849/1849/1849
f 1847/1847/1847 1849/1849/1849 1850/1850/1850
f 1847/1847/1847 1850/1850/1850 1656/1656/1656
f 1847/1847/1847 1656/1656/1656 1654/1654/1654
f 1847/1847/1847 1654/1654/1654 1653/1653/1653
f 1850/1850/1850 1849/1849/1849 1851/1851/1851
f 1850/1850/1850 1851/1851/1851 1852/1852/1852
f 1850/1850/1850 1852/1852/1852 1853/1853/1853
f 1850/1850/1850 1853/1853/1853 1659/1659/1659
f 1850/1850/1850 1659/1659/1659 1657/1657/1657
f 1850/1850/1850 1657/1657/1657 1656/1656/1656
f 1853/1853/1853 1852/1852/1852 1854/1854/1854
f 1853/1853/1853 1854/1854/1854 1855/1855/1855
f 1853/1853/1853 1855/1855/1855 1856/1856/1856
f 1853/1853/1853 1856/1856/1856 1662/1662/1662
f 1853/1853/1853 1662/1662/1662 1660/1660/1660
f 1853/1853/1853 1660/1660/1660 1659/1659/1659
f 1856/1856/1856 1855/1855/1855 1857/1857/1857
f 1856/1856/1856 1857/1857/1857 1858/1858/1858
f 1856/1856/1856 1858/1858/1858 1859/1859/1859
f 1856/1856/1856 1859/1859/1859 1665/1665/1665
f 1856/1856/1856 1665/1665/1665 1663/1663/1663
f 1856/1856/1856 1663/1663/1663 1662/1662/1662
f 1859/1859/1859 1858/1858/1858 1860/1860/1860
f 1859/1859/1859 1860/1860/1860 1861/1861/1861
f 1859/1859/1859 1861/1861/1861 1862/1862/1862
f 1859/1859/1859 1862/1862/1862 1668/1668/1668
f 1859/1859/1859 1668/1668/1668 1666/1666/1666
f 1859/1859/1859 1666/1666/1666 1665/1665/1665
f 1862/1862/1862 1861/1861/1861 1863/1863/1863
f 1862/1862/1862 1863/1863/1863 1864/1864/1864
f 1862/1862/1862 1864/1864/1864 1865/1865/1865
f 1862/1862/1862 1865/1865/1865 1671/1671/1671
f 1862/1862/1862 1671/1671/1671 1669/1669/1669
f 1862/1862/1862 1669/1669/1669 1668/1668/1668
f 1865/1865/1865 1864/1864/1864 1866/1866/1866
f 1865/1865/1865 1866/1866/1866 1867/1867/1867
f 1865/1865/1865 1867/1867/1867 1868/1868/1868
f 1865/1865/1865 1868/1868/1868 1674/1674/1674
f 1865/1865/1865 1674/1674/1674 1672/1672/1672
f 1865/1865/1865 1672/1672/1672 1671/1671/1671
f 1868/1868/1868 1867/1867/1867 1869/1869/1869
f 1868/1868/1868 1869/1869/1869 1870/1870/1870
f 1868/1868/1868 1870/1870/1870 1871/1871/1871
f 1868/1868/1868 1871/1871/1871 1677/1677/1677
f 1868/1868/1868 1677/1677/1677 1675/1675/1675
f 1868/1868/1868 1675/1675/1675 1674/1674/1674
f 1871/1871/1871 1870/1870/1870 1872/1872/1872
f 1871/1871/1871 1872/1872/1872 1873/1873/1873
f 1871/1871/1871 1873/1873/1873 1684/1684/1684
f 1871/1871/1871 1684/1684/1684 1680/1680/1680
f 1871/1871/1871 1680/1680/1680 1678/1678/1678
f 1871/1871/1871 1678/1678/1678 1677/1677/1677
f 1873/1873/1873 1872/1872/1872 1874/1874/1874
f 1873/1873/1873 1874/1874/1874 1875/1875/1875
f 1873/1873/1873 1875/1875/1875 1685/1685/1685
f 1873/1873/1873 1685/1685/1685 1684/1684/1684
f 1875/1875/1875 1874/1874/1874 1876/1876/1876
f 1875/1875/1875 1876/1876/1876 1877/1877/1877
f 1875/1875/1875 1877/1877/1877 1687/1687/1687
f 1875/1875/1875 1687/1687/1687 1685/1685/1685
f 1877/1877/1877 1876/1876/1876 1878/1878/1878
f 1877/1877/1877 1878/1878/1878 1879/1879/1879
f 1877/1877/1877 1879/1879/1879 1689/1689/1689
f 1877/1877/1877 1689/1689/1689 1687/1687/1687
f 1879/1879/1879 1878/1878/1878 1880/1880/1880
f 1879/1879/1879 1880/1880/1880 1881/1881/1881
f 1879/1879/1879 1881/1881/1881 1882/1882/1882
f 1879/1879/1879 1882/1882/1882 1689/1689/1689
f 1882/1882/1882 1881/1881/1881 1883/1883/1883
f 1882/1882/1882 1883/1883/1883 1884/1884/1884
f 1882/1882/1882 1884/1884/1884 1885/1885/1885
f 1882/1882/1882 1885/1885/1885 1692/1692/1692
f 1882/1882/1882 1692/1692/1692 1690/1690/1690
f 1882/1882/1882 1690/1690/1690 1689/1689/1689
f 1885/1885/1885 1884/1884/1884 1886/1886/1886
f 1885/1885/1885 1886/1886/1886 1887/1887/1887
f 1885/1885/1885 1887/1887/1887 1888/1888/1888
f 1885/1885/1885 1888/1888/1888 1889/1889/1889
f 1885/1885/1885 1889/1889/1889 1693/1693/1693
f 1885/1885/1885 1693/1693/1693 1692/1692/1692
f 1889/1889/1889 1888/1888/1888 1890/1890/1890
f 1889/1889/1889 1890/1890/1890 1891/1891/1891
f 1889/1889/1889 1891/1891/1891 1694/1694/1694
f 1889/1889/1889 1694/1694/1694 1693/1693/1693
f 1891/1891/1891 1890/1890/1890 1892/1892/1892
f 1891/1891/1891 1892/1892/1892 1699/1699/1699
f 1891/1891/1891 1699/1699/1699 1696/1696/1696
f 1891/1891/1891 1696/1696/1696 1694/1694/1694
f 1892/1892/1892 1890/1890/1890 1893/1893/1893
f 1892/1892/1892 1893/1893/1893 1894/1894/1894
f 1892/1892/1892 1894/1894/1894 1895/1895/1895
f 1892/1892/1892 1895/1895/1895 1702/1702/1702
f 1892/1892/1892 1702/1702/1702 1700/1700/1700
f 1892/1892/1892 1700/1700/1700 1699/1699/1699
f 1895/1895/1895 1894/1894/1894 1896/1896/1896
f 1895/1895/1895 1896/1896/1896 1897/1897/1897
f 1895/1895/1895 1897/1897/1897 1898/1898/1898
f 1895/1895/1895 1898/1898/1898 1705/1705/1705
f 1895/1895/1895 1705/1705/1705 1703/1703/1703
f 1895/1895/1895 1703/1703/1703 1702/1702/1702
f 1898/1898/1898 1897/1897/1897 1899/1899/1899
f 1898/1898/1898 1899/1899/1899 1900/1900/1900
f 1898/1898/1898 1900/1900/1900 1901/1901/1901
f 1898/1898/1898 1901/1901/1901 1902/1902/1902
f 1898/1898/1898 1902/1902/1902 1706/1706/1706
f 1898/1898/1898 1706/1706/1706 1705/1705/1705
f 1902/1902/1902 1901/1901/1901 1714/1714/1714
f 1902/1902/1902 1714/1714/1714 1710/1710/1710
f 1902/1902/1902 1710/1710/1710 1707/1707/1707
f 1902/1902/1902 1707/1707/1707 1706/1706/1706
f 1901/1901/1901 1900/1900/1900 1903/1903/1903
f 1901/1901/1901 1903/1903/1903 1904/1904/1904
f 1901/1901/1901 1904/1904/1904 1905/1905/1905
f 1901/1901/1901 1905/1905/1905 1714/1714/1714
f 1905/1905/1905 1904/1904/1904 1906/1906/1906
f 1905/1905/1905 1906/1906/1906 1907/1907/1907
f 1905/1905/1905 1907/1907/1907 1908/1908/1908
f 1905/1905/1905 1908/1908/1908 1717/1717/1717
f 1905/1905/1905 1717/1717/1717 1715/1715/1715
f 1905/1905/1905 1715/1715/1715 1714/1714/1714
f 1908/1908/1908 1907/1907/1907 1909/1909/1909
f 1908/1908/1908 1909/1909/1909 1910/1910/1910
f 1908/1908/1908 1910/1910/1910 1911/1911/1911
f 1908/1908/1908 1911/1911/1911 1912/1912/1912
f 1908/1908/1908 1912/1912/1912 1718/1718/1718
f 1908/1908/1908 1718/1718/1718 1717/1717/1717
f 1911/1911/1911 1910/1910/1910 10/10/10
f 1911/1911/1911 10/10/10 12/12/12
f 1913/1913/1913 6/6/6 1914/1914/1914
f 1913/1913/1913 1914/1914/1914 1725/1725/1725
f 1913/1913/1913 1725/1725/1725 1723/1723/1723
f 1913/1913/1913 1723/1723/1723 1722/1722/1722
f 1914/1914/1914 6/6/6 5/5/5
f 1914/1914/1914 5/5/5 1915/1915/1915
f 1914/1914/1914 1915/1915/1915 1916/1916/1916
f 1914/1914/1914 1916/1916/1916 1728/1728/1728
f 1914/1914/1914 1728/1728/1728 1726/1726/1726
f 1914/1914/1914 1726/1726/1726 1725/1725/1725
f 1916/1916/1916 1731/1731/1731 1729/1729/1729
f 1916/1916/1916 1729/1729/1729 1728/1728/1728
f 1917/1917/1917 1918/1918/1918 1919/1919/1919
f 1917/1917/1917 1919/1919/1919 1758/1758/1758
f 1917/1917/1917 1758/1758/1758 1756/1756/1756
f 1917/1917/1917 1756/1756/1756 1755/1755/1755
f 1919/1919/1919 1918/1918/1918 1920/1920/1920
f 1919/1919/1919 1920/1920/1920 1921/1921/1921
f 1919/1919/1919 1921/1921/1921 1922/1922/1922
f 1919/1919/1919 1922/1922/1922 1761/1761/1761
f 1919/1919/1919 1761/1761/1761 1759/1759/1759
f 1919/1919/1919 1759/1759/1759 1758/1758/1758
f 1922/1922/1922 1921/1921/1921 1923/1923/1923
f 1922/1922/1922 1923/1923/1923 1924/1924/1924
f 1922/1922/1922 1924/1924/1924 1925/1925/1925
f 1922/1922/1922 1925/1925/1925 1764/1764/1764
f 1922/1922/1922 1764/1764/1764 1762/1762/1762
f 1922/1922/1922 1762/1762/1762 1761/1761/1761
f 1925/1925/1925 1924/1924/1924 1926/1926/1926
f 1925/1925/1925 1926/1926/1926 1927/1927/1927
f 1925/1925/1925 1927/1927/1927 1928/1928/1928
f 1925/1925/1925 1928/1928/1928 1767/1767/1767
f 1925/1925/1925 1767/1767/1767 1765/1765/1765
f 1925/1925/1925 1765/1765/1765 1764/1764/1764
f 1928/1928/1928 1927/1927/1927 1929/1929/1929
f 1928/1928/1928 1929/1929/1929 1930/1930/1930
f 1928/1928/1928 1930/1930/1930 1931/1931/1931
f 1928/1928/1928 1931/1931/1931 1770/1770/1770
f 1928/1928/1928 1770/1770/1770 1768/1768/1768
f 1928/1928/1928 1768/1768/1768 1767/1767/1767
f 1931/1931/1931 1930/1930/1930 1932/1932/1932
f 1931/1931/1931 1932/1932/1932 1933/1933/1933
f 1931/1931/1931 1933/1933/1933 1934/1934/1934
f 1931/1931/1931 1934/1934/1934 1773/1773/1773
f 1931/1931/1931 1773/1773/1773 1771/1771/1771
f 1931/1931/1931 1771/1771/1771 1770/1770/1770
f 1935/1935/1935 1936/1936/1936 1937/1937/1937
f 1935/1935/1935 1937/1937/1937 1938/1938/1938
f 1935/1935/1935 1938/1938/1938 1939/1939/1939
f 1935/1935/1935 1939/1939/1939 1940/1940/1940
f 1934/1934/1934 1941/1941/1941 1774/1774/1774
f 1934/1934/1934 1774/1774/1774 1773/1773/1773
f 1940/1940/1940 1939/1939/1939 1942/1942/1942
f 1940/1940/1940 1942/1942/1942 1943/1943/1943
f 1941/1941/1941 1944/1944/1944 1775/1775/1775
f 1941/1941/1941 1775/1775/1775 1774/1774/1774
f 1943/1943/1943 1942/1942/1942 1945/1945/1945
f 1943/1943/1943 1945/1945/1945 1946/1946/1946
f 1944/1944/1944 1947/1947/1947 1777/1777/1777
f 1944/1944/1944 1777/1777/1777 1775/1775/1775
f 1946/1946/1946 1945/1945/1945 1948/1948/1948
f 1946/1946/1946 1948/1948/1948 1949/1949/1949
f 1947/1947/1947 1950/1950/1950 1779/1779/1779
f 1947/1947/1947 1779/1779/1779 1777/1777/1777
f 1949/1949/1949 1948/1948/1948 1951/1951/1951
f 1949/1949/1949 1951/1951/1951 1952/1952/1952
f 1950/1950/1950 1953/1953/1953 1781/1781/1781
f 1950/1950/1950 1781/1781/1781 1779/1779/1779
f 1952/1952/1952 1951/1951/1951 1954/1954/1954
f 1952/1952/1952 1954/1954/1954 1955/1955/1955
f 1953/1953/1953 1956/1956/1956 1783/1783/1783
f 1953/1953/1953 1783/1783/1783 1781/1781/1781
f 1955/1955/1955 1954/1954/1954 1957/1957/1957
f 1955/1955/1955 1957/1957/1957 1958/1958/1958
f 1956/1956/1956 1959/1959/1959 1785/1785/1785
f 1956/1956/1956 1785/1785/1785 1783/1783/1783
f 1958/1958/1958 1957/1957/1957 1960/1960/1960
f 1958/1958/1958 1960/1960/1960 1961/1961/1961
f 1959/1959/1959 1962/1962/1962 1787/1787/1787
f 1959/1959/1959 1787/1787/1787 1785/1785/1785
f 1961/1961/1961 1960/1960/1960 1963/1963/1963
f 1961/1961/1961 1963/1963/1963 1964/1964/1964
f 1962/1962/1962 1965/1965/1965 1789/1789/1789
f 1962/1962/1962 1789/1789/1789 1787/1787/1787
f 1964/1964/1964 1963/1963/1963 1966/1966/1966
f 1964/1964/1964 1966/1966/1966 1967/1967/1967
f 1965/1965/1965 1968/1968/1968 1791/1791/1791
f 1965/1965/1965 1791/1791/1791 1789/1789/1789
f 1967/1967/1967 1966/1966/1966 1969/1969/1969
f 1967/1967/1967 1969/1969/1969 1970/1970/1970
f 1968/1968/1968 1971/1971/1971 1793/1793/1793
f 1968/1968/1968 1793/1793/1793 1791/1791/1791
f 1970/1970/1970 1969/1969/1969 1972/1972/1972
f 1970/1970/1970 1972/1972/1972 1973/1973/1973
f 1971/1971/1971 1974/1974/1974 1795/1795/1795
f 1971/1971/1971 1795/1795/1795 1793/1793/1793
f 1973/1973/1973 1972/1972/1972 1975/1975/1975
f 1973/1973/1973 1975/1975/1975 1976/1976/1976
f 1974/1974/1974 1977/1977/1977 1797/1797/1797
f 1974/1974/1974 1797/1797/1797 1795/1795/1795
f 1976/1976/1976 1975/1975/1975 1978/1978/1978
f 1976/1976/1976 1978/1978/1978 1979/1979/1979
f 1977/1977/1977 1980/1980/1980 1981/1981/1981
f 1977/1977/1977 1981/1981/1981 1797/1797/1797
f 1981/1981/1981 1800/1800/1800 1798/1798/1798
f 1981/1981/1981 1798/1798/1798 1797/1797/1797
f 1981/1981/1981 1980/1980/1980 1982/1982/1982
f 1981/1981/1981 1982/1982/1982 1983/1983/1983
f 1981/1981/1981 1983/1983/1983 1984/1984/1984
f 1981/1981/1981 1984/1984/1984 1800/1800/1800
f 1984/1984/1984 1803/1803/1803 1801/1801/1801
f 1984/1984/1984 1801/1801/1801 1800/1800/1800
f 1984/1984/1984 1983/1983/1983 1985/1985/1985
f 1984/1984/1984 1985/1985/1985 1986/1986/1986
f 1984/1984/1984 1986/1986/1986 1987/1987/1987
f 1984/1984/1984 1987/1987/1987 1803/1803/1803
f 1987/1987/1987 1806/1806/1806 1804/1804/1804
f 1987/1987/1987 1804/1804/1804 1803/1803/1803
f 1987/1987/1987 1986/1986/1986 1988/1988/1988
f 1987/1987/1987 1988/1988/1988 1989/1989/1989
f 1987/1987/1987 1989/1989/1989 1990/1990/1990
f 1987/1987/1987 1990/1990/1990 1806/1806/1806
f 1990/1990/1990 1809/1809/1809 1807/1807/1807
f 1990/1990/1990 1807/1807/1807 1806/1806/1806
f 1990/1990/1990 1989/1989/1989 1991/1991/1991
f 1990/1990/1990 1991/1991/1991 1992/1992/1992
f 1990/1990/1990 1992/1992/1992 1993/1993/1993
f 1990/1990/1990 1993/1993/1993 1809/1809/1809
f 1993/1993/1993 1812/1812/1812 1810/1810/1810
f 1993/1993/1993 1810/1810/1810 1809/1809/1809
f 1993/1993/1993 1992/1992/1992 1994/1994/1994
f 1993/1993/1993 1994/1994/1994 1995/1995/1995
f 1993/1993/1993 1995/1995/1995 1996/1996/1996
f 1993/1993/1993 1996/1996/1996 1812/1812/1812
f 1996/1996/1996 1815/1815/1815 1813/1813/1813
f 1996/1996/1996 1813/1813/1813 1812/1812/1812
f 1996/1996/1996 1995/1995/1995 1997/1997/1997
f 1996/1996/1996 1997/1997/1997 1998/1998/1998
f 1996/1996/1996 1998/1998/1998 1999/1999/1999
f 1996/1996/1996 1999/1999/1999 1815/1815/1815
f 1999/1999/1999 1818/1818/1818 1816/1816/1816
f 1999/1999/1999 1816/1816/1816 1815/1815/1815
f 2000/2000/2000 2001/2001/2001 2002/2002/2002
f 2000/2000/2000 2002/2002/2002 2003/2003/2003
f 2000/2000/2000 2003/2003/2003 2004/2004/2004
f 2000/2000/2000 2004/2004/2004 2005/2005/2005
f 2004/2004/2004 2003/2003/2003 2006/2006/2006
f 2004/2004/2004 2006/2006/2006 2007/2007/2007
f 2008/2008/2008 2009/2009/2009 2010/2010/2010
f 2008/2008/2008 2010/2010/2010 2011/2011/2011
f 2008/2008/2008 2011/2011/2011 2012/2012/2012
f 2008/2008/2008 2012/2012/2012 2013/2013/2013
f 2014/2014/2014 2007/2007/2007 2015/2015/2015
f 2014/2014/2014 2015/2015/2015 2016/2016/2016
f 2017/2017/2017 2018/2018/2018 2019/2019/2019
f 2017/2017/2017 2019/2019/2019 1842/1842/1842
f 2017/2017/2017 1842/1842/1842 1839/1839/1839
f 2017/2017/2017 1839/1839/1839 2020/2020/2020
f 2021/2021/2021 2022/2022/2022 2023/2023/2023
f 2021/2021/2021 2023/2023/2023 2024/2024/2024
f 2019/2019/2019 2025/2025/2025 2026/2026/2026
f 2019/2019/2019 2026/2026/2026 1845/1845/1845
f 2019/2019/2019 1845/1845/1845 1843/1843/1843
f 2019/2019/2019 1843/1843/1843 1842/1842/1842
f 2026/2026/2026 2025/2025/2025 2027/2027/2027
f 2026/2026/2026 2027/2027/2027 2028/2028/2028
f 2026/2026/2026 2028/2028/2028 2029/2029/2029
f 2026/2026/2026 2029/2029/2029 1848/1848/1848
f 2026/2026/2026 1848/1848/1848 1846/1846/1846
f 2026/2026/2026 1846/1846/1846 1845/1845/1845
f 2029/2029/2029 2028/2028/2028 2030/2030/2030
f 2029/2029/2029 2030/2030/2030 2031/2031/2031
f 2029/2029/2029 2031/2031/2031 2032/2032/2032
f 2029/2029/2029 2032/2032/2032 1851/1851/1851
f 2029/2029/2029 1851/1851/1851 1849/1849/1849
f 2029/2029/2029 1849/1849/1849 1848/1848/1848
f 2032/2032/2032 2031/2031/2031 2033/2033/2033
f 2032/2032/2032 2033/2033/2033 2034/2034/2034
f 2032/2032/2032 2034/2034/2034 2035/2035/2035
f 2032/2032/2032 2035/2035/2035 1854/1854/1854
f 2032/2032/2032 1854/1854/1854 1852/1852/1852
f 2032/2032/2032 1852/1852/1852 1851/1851/1851
f 2035/2035/2035 2034/2034/2034 2036/2036/2036
f 2035/2035/2035 2036/2036/2036 2037/2037/2037
f 2035/2035/2035 2037/2037/2037 2038/2038/2038
f 2035/2035/2035 2038/2038/2038 1857/1857/1857
f 2035/2035/2035 1857/1857/1857 1855/1855/1855
f 2035/2035/2035 1855/1855/1855 1854/1854/1854
f 2038/2038/2038 2037/2037/2037 2039/2039/2039
f 2038/2038/2038 2039/2039/2039 2040/2040/2040
f 2038/2038/2038 2040/2040/2040 2041/2041/2041
f 2038/2038/2038 2041/2041/2041 1860/1860/1860
f 2038/2038/2038 1860/1860/1860 1858/1858/1858
f 2038/2038/2038 1858/1858/1858 1857/1857/1857
f 2041/2041/2041 2040/2040/2040 2042/2042/2042
f 2041/2041/2041 2042/2042/2042 2043/2043/2043
f 2041/2041/2041 2043/2043/2043 2044/2044/2044
f 2041/2041/2041 2044/2044/2044 1863/1863/1863
f 2041/2041/2041 1863/1863/1863 1861/1861/1861
f 2041/2041/2041 1861/1861/1861 1860/1860/1860
f 2044/2044/2044 2043/2043/2043 2045/2045/2045
f 2044/2044/2044 2045/2045/2045 2046/2046/2046
f 2044/2044/2044 2046/2046/2046 2047/2047/2047
f 2044/2044/2044 2047/2047/2047 1866/1866/1866
f 2044/2044/2044 1866/1866/1866 1864/1864/1864
f 2044/2044/2044 1864/1864/1864 1863/1863/1863
f 2047/2047/2047 2046/2046/2046 2048/2048/2048
f 2047/2047/2047 2048/2048/2048 2049/2049/2049
f 2047/2047/2047 2049/2049/2049 2050/2050/2050
f 2047/2047/2047 2050/2050/2050 1869/1869/1869
f 2047/2047/2047 1869/1869/1869 1867/1867/1867
f 2047/2047/2047 1867/1867/1867 1866/1866/1866
f 2050/2050/2050 2049/2049/2049 2051/2051/2051
f 2050/2050/2050 2051/2051/2051 2052/2052/2052
f 2050/2050/2050 2052/2052/2052 1874/1874/1874
f 2050/2050/2050 1874/1874/1874 1872/1872/1872
f 2050/2050/2050 1872/1872/1872 1870/1870/1870
f 2050/2050/2050 1870/1870/1870 1869/1869/1869
f 2052/2052/2052 2051/2051/2051 2053/2053/2053
f 2052/2052/2052 2053/2053/2053 2054/2054/2054
f 2052/2052/2052 2054/2054/2054 1876/1876/1876
f 2052/2052/2052 1876/1876/1876 1874/1874/1874
f 2054/2054/2054 2053/2053/2053 2055/2055/2055
f 2054/2054/2054 2055/2055/2055 2056/2056/2056
f 2054/2054/2054 2056/2056/2056 1878/1878/1878
f 2054/2054/2054 1878/1878/1878 1876/1876/1876
f 2056/2056/2056 2055/2055/2055 2057/2057/2057
f 2056/2056/2056 2057/2057/2057 2058/2058/2058
f 2056/2056/2056 2058/2058/2058 1880/1880/1880
f 2056/2056/2056 1880/1880/1880 1878/1878/1878
f 2058/2058/2058 2057/2057/2057 2059/2059/2059
f 2058/2058/2058 2059/2059/2059 2060/2060/2060
f 2058/2058/2058 2060/2060/2060 2061/2061/2061
f 2058/2058/2058 2061/2061/2061 1880/1880/1880
f 2061/2061/2061 2060/2060/2060 2062/2062/2062
f 2061/2061/2061 2062/2062/2062 2063/2063/2063
f 2061/2061/2061 2063/2063/2063 2064/2064/2064
f 2061/2061/2061 2064/2064/2064 1883/1883/1883
f 2061/2061/2061 1883/1883/1883 1881/1881/1881
f 2061/2061/2061 1881/1881/1881 1880/1880/1880
f 2064/2064/2064 2063/2063/2063 2065/2065/2065
f 2064/2064/2064 2065/2065/2065 2066/2066/2066
f 2064/2064/2064 2066/2066/2066 2067/2067/2067
f 2064/2064/2064 2067/2067/2067 1886/1886/1886
f 2064/2064/2064 1886/1886/1886 1884/1884/1884
f 2064/2064/2064 1884/1884/1884 1883/1883/1883
f 2067/2067/2067 2066/2066/2066 2068/2068/2068
f 2067/2067/2067 2068/2068/2068 2069/2069/2069
f 2067/2067/2067 2069/2069/2069 2070/2070/2070
f 2067/2067/2067 2070/2070/2070 2071/2071/2071
f 2067/2067/2067 2071/2071/2071 1887/1887/1887
f 2067/2067/2067 1887/1887/1887 1886/1886/1886
f 2071/2071/2071 2070/2070/2070 2072/2072/2072
f 2071/2071/2071 2072/2072/2072 2073/2073/2073
f 2071/2071/2071 2073/2073/2073 1888/1888/1888
f 2071/2071/2071 1888/1888/1888 1887/1887/1887
f 2073/2073/2073 2072/2072/2072 2074/2074/2074
f 2073/2073/2073 2074/2074/2074 1893/1893/1893
f 2073/2073/2073 1893/1893/1893 1890/1890/1890
f 2073/2073/2073 1890/1890/1890 1888/1888/1888
f 2074/2074/2074 2072/2072/2072 2075/2075/2075
f 2074/2074/2074 2075/2075/2075 2076/2076/2076
f 2074/2074/2074 2076/2076/2076 2077/2077/2077
f 2074/2074/2074 2077/2077/2077 1896/1896/1896
f 2074/2074/2074 1896/1896/1896 1894/1894/1894
f 2074/2074/2074 1894/1894/1894 1893/1893/1893
f 2077/2077/2077 2076/2076/2076 2078/2078/2078
f 2077/2077/2077 2078/2078/2078 2079/2079/2079
f 2077/2077/2077 2079/2079/2079 2080/2080/2080
f 2077/2077/2077 2080/2080/2080 1899/1899/1899
f 2077/2077/2077 1899/1899/1899 1897/1897/1897
f 2077/2077/2077 1897/1897/1897 1896/1896/1896
f 2080/2080/2080 2079/2079/2079 2081/2081/2081
f 2080/2080/2080 2081/2081/2081 2082/2082/2082
f 2080/2080/2080 2082/2082/2082 2083/2083/2083
f 2080/2080/2080 2083/2083/2083 1903/1903/1903
f 2080/2080/2080 1903/1903/1903 1900/1900/1900
f 2080/2080/2080 1900/1900/1900 1899/1899/1899
f 2083/2083/2083 2082/2082/2082 2084/2084/2084
f 2083/2083/2083 2084/2084/2084 2085/2085/2085
f 2083/2083/2083 2085/2085/2085 2086/2086/2086
f 2083/2083/2083 2086/2086/2086 1906/1906/1906
f 2083/2083/2083 1906/1906/1906 1904/1904/1904
f 2083/2083/2083 1904/1904/1904 1903/1903/1903
f 2086/2086/2086 2085/2085/2085 2087/2087/2087
f 2086/2086/2086 2087/2087/2087 2088/2088/2088
f 2086/2086/2086 2088/2088/2088 2089/2089/2089
f 2086/2086/2086 2089/2089/2089 1909/1909/1909
f 2086/2086/2086 1909/1909/1909 1907/1907/1907
f 2086/2086/2086 1907/1907/1907 1906/1906/1906
f 2089/2089/2089 2088/2088/2088 2090/2090/2090
f 2089/2089/2089 2090/2090/2090 2091/2091/2091
f 2089/2089/2089 2091/2091/2091 11/11/11
f 2089/2089/2089 11/11/11 10/10/10
f 2089/2089/2089 10/10/10 1910/1910/1910
f 2089/2089/2089 1910/1910/1910 1909/1909/1909
f 2092/2092/2092 2093/2093/2093 761/761/761
f 2092/2092/2092 761/761/761 760/760/760
f 2092/2092/2092 760/760/760 2094/2094/2094
f 2092/2092/2092 2094/2094/2094 2095/2095/2095
f 2094/2094/2094 2096/2096/2096 2097/2097/2097
f 2094/2094/2094 2097/2097/2097 2095/2095/2095
f 2094/2094/2094 760/760/760 757/757/757
f 2094/2094/2094 757/757/757 756/756/756
f 2094/2094/2094 756/756/756 2098/2098/2098
f 2094/2094/2094 2098/2098/2098 2096/2096/2096
f 2098/2098/2098 2099/2099/2099 2100/2100/2100
f 2098/2098/2098 2100/2100/2100 2096/2096/2096
f 2098/2098/2098 756/756/756 754/754/754
f 2098/2098/2098 754/754/754 753/753/753
f 2098/2098/2098 753/753/753 2101/2101/2101
f 2098/2098/2098 2101/2101/2101 2099/2099/2099
f 2101/2101/2101 2102/2102/2102 2103/2103/2103
f 2101/2101/2101 2103/2103/2103 2099/2099/2099
f 2101/2101/2101 753/753/753 751/751/751
f 2101/2101/2101 751/751/751 750/750/750
f 2101/2101/2101 750/750/750 2104/2104/2104
f 2101/2101/2101 2104/2104/2104 2102/2102/2102
f 2104/2104/2104 2105/2105/2105 2106/2106/2106
f 2104/2104/2104 2106/2106/2106 2102/2102/2102
f 2104/2104/2104 750/750/750 748/748/748
f 2104/2104/2104 748/748/748 747/747/747
f 2104/2104/2104 747/747/747 2107/2107/2107
f 2104/2104/2104 2107/2107/2107 2105/2105/2105
f 2107/2107/2107 2108/2108/2108 2109/2109/2109
f 2107/2107/2107 2109/2109/2109 2105/2105/2105
f 2107/2107/2107 747/747/747 745/745/745
f 2107/2107/2107 745/745/745 744/744/744
f 2107/2107/2107 744/744/744 2110/2110/2110
f 2107/2107/2107 2110/2110/2110 2108/2108/2108
f 2110/2110/2110 2111/2111/2111 2112/2112/2112
f 2110/2110/2110 2112/2112/2112 2108/2108/2108
f 2110/2110/2110 744/744/744 742/742/742
f 2110/2110/2110 742/742/742 741/741/741
f 2110/2110/2110 741/741/741 2113/2113/2113
f 2110/2110/2110 2113/2113/2113 2111/2111/2111
f 2113/2113/2113 2114/2114/2114 2115/2115/2115
f 2113/2113/2113 2115/2115/2115 2111/2111/2111
f 2113/2113/2113 741/741/741 739/739/739
f 2113/2113/2113 739/739/739 738/738/738
f 2113/2113/2113 738/738/738 2116/2116/2116
f 2113/2113/2113 2116/2116/2116 2114/2114/2114
f 2116/2116/2116 2117/2117/2117 2118/2118/2118
f 2116/2116/2116 2118/2118/2118 2114/2114/2114
f 2116/2116/2116 738/738/738 736/736/736
f 2116/2116/2116 736/736/736 735/735/735
f 2116/2116/2116 735/735/735 2119/2119/2119
f 2116/2116/2116 2119/2119/2119 2117/2117/2117
f 2119/2119/2119 2120/2120/2120 2121/2121/2121
f 2119/2119/2119 2121/2121/2121 2117/2117/2117
f 2119/2119/2119 735/735/735 733/733/733
f 2119/2119/2119 733/733/733 732/732/732
f 2119/2119/2119 732/732/732 2122/2122/2122
f 2119/2119/2119 2122/2122/2122 2120/2120/2120
f 2122/2122/2122 2123/2123/2123 2124/2124/2124
f 2122/2122/2122 2124/2124/2124 2120/2120/2120
f 2122/2122/2122 732/732/732 730/730/730
f 2122/2122/2122 730/730/730 729/729/729
f 2122/2122/2122 729/729/729 2125/2125/2125
f 2122/2122/2122 2125/2125/2125 2123/2123/2123
f 2125/2125/2125 2126/2126/2126 2127/2127/2127
f 2125/2125/2125 2127/2127/2127 2123/2123/2123
f 2125/2125/2125 729/729/729 727/727/727
f 2125/2125/2125 727/727/727 726/726/726
f 2125/2125/2125 726/726/726 2128/2128/2128
f 2125/2125/2125 2128/2128/2128 2126/2126/2126
f 2128/2128/2128 30/30/30 2129/2129/2129
f 2128/2128/2128 2129/2129/2129 2126/2126/2126
f 2128/2128/2128 726/726/726 724/724/724
f 2128/2128/2128 724/724/724 723/723/723
f 2128/2128/2128 723/723/723 27/27/27
f 2128/2128/2128 27/27/27 30/30/30
f 2129/2129/2129 2130/2130/2130 1054/1054/1054
f 2129/2129/2129 1054/1054/1054 2131/2131/2131
f 2129/2129/2129 2131/2131/2131 2127/2127/2127
f 2129/2129/2129 2127/2127/2127 2126/2126/2126
f 2129/2129/2129 30/30/30 29/29/29
f 2129/2129/2129 29/29/29 2130/2130/2130
f 2131/2131/2131 1054/1054/1054 1050/1050/1050
f 2131/2131/2131 1050/1050/1050 1049/1049/1049
f 2131/2131/2131 1049/1049/1049 2132/2132/2132
f 2131/2131/2131 2132/2132/2132 2127/2127/2127
f 2132/2132/2132 1049/1049/1049 1045/1045/1045
f 2132/2132/2132 1045/1045/1045 1044/1044/1044
f 2132/2132/2132 1044/1044/1044 2133/2133/2133
f 2132/2132/2132 2133/2133/2133 2124/2124/2124
f 2132/2132/2132 2124/2124/2124 2123/2123/2123
f 2132/2132/2132 2123/2123/2123 2127/2127/2127
f 2133/2133/2133 1044/1044/1044 1039/1039/1039
f 2133/2133/2133 1039/1039/1039 1038/1038/1038
f 2133/2133/2133 1038/1038/1038 2134/2134/2134
f 2133/2133/2133 2134/2134/2134 2121/2121/2121
f 2133/2133/2133 2121/2121/2121 2120/2120/2120
f 2133/2133/2133 2120/2120/2120 2124/2124/2124
f 2134/2134/2134 1038/1038/1038 1036/1036/1036
f 2134/2134/2134 1036/1036/1036 1035/1035/1035
f 2134/2134/2134 1035/1035/1035 2135/2135/2135
f 2134/2134/2134 2135/2135/2135 2118/2118/2118
f 2134/2134/2134 2118/2118/2118 2117/2117/2117
f 2134/2134/2134 2117/2117/2117 2121/2121/2121
f 2135/2135/2135 1035/1035/1035 1031/1031/1031
f 2135/2135/2135 1031/1031/1031 1030/1030/1030
f 2135/2135/2135 1030/1030/1030 2136/2136/2136
f 2135/2135/2135 2136/2136/2136 2115/2115/2115
f 2135/2135/2135 2115/2115/2115 2114/2114/2114
f 2135/2135/2135 2114/2114/2114 2118/2118/2118
f 2136/2136/2136 1030/1030/1030 1026/1026/1026
f 2136/2136/2136 1026/1026/1026 1025/1025/1025
f 2136/2136/2136 1025/1025/1025 2137/2137/2137
f 2136/2136/2136 2137/2137/2137 2112/2112/2112
f 2136/2136/2136 2112/2112/2112 2111/2111/2111
f 2136/2136/2136 2111/2111/2111 2115/2115/2115
f 2137/2137/2137 1025/1025/1025 1021/1021/1021
f 2137/2137/2137 1021/1021/1021 1020/1020/1020
f 2137/2137/2137 1020/1020/1020 2138/2138/2138
f 2137/2137/2137 2138/2138/2138 2109/2109/2109
f 2137/2137/2137 2109/2109/2109 2108/2108/2108
f 2137/2137/2137 2108/2108/2108 2112/2112/2112
f 2138/2138/2138 1020/1020/1020 1016/1016/1016
f 2138/2138/2138 1016/1016/1016 1015/1015/1015
f 2138/2138/2138 1015/1015/1015 2139/2139/2139
f 2138/2138/2138 2139/2139/2139 2106/2106/2106
f 2138/2138/2138 2106/2106/2106 2105/2105/2105
f 2138/2138/2138 2105/2105/2105 2109/2109/2109
f 2139/2139/2139 1015/1015/1015 1010/1010/1010
f 2139/2139/2139 1010/1010/1010 1009/1009/1009
f 2139/2139/2139 1009/1009/1009 2140/2140/2140
f 2139/2139/2139 2140/2140/2140 2103/2103/2103
f 2139/2139/2139 2103/2103/2103 2102/2102/2102
f 2139/2139/2139 2102/2102/2102 2106/2106/2106
f 2140/2140/2140 1009/1009/1009 1008/1008/1008
f 2140/2140/2140 1008/1008/1008 2141/2141/2141
f 2140/2140/2140 2141/2141/2141 2142/2142/2142
f 2140/2140/2140 2142/2142/2142 2100/2100/2100
f 2140/2140/2140 2100/2100/2100 2099/2099/2099
f 2140/2140/2140 2099/2099/2099 2103/2103/2103
f 2142/2142/2142 2097/2097/2097 2096/2096/2096
f 2142/2142/2142 2096/2096/2096 2100/2100/2100
f 2143/2143/2143 2144/2144/2144 2145/2145/2145
f 2143/2143/2143 2145/2145/2145 2146/2146/2146
f 2143/2143/2143 2146/2146/2146 2147/2147/2147
f 2143/2143/2143 2147/2147/2147 2148/2148/2148
f 2149/2149/2149 2150/2150/2150 2151/2151/2151
f 2149/2149/2149 2151/2151/2151 2152/2152/2152
f 2147/2147/2147 2146/2146/2146 2153/2153/2153
f 2147/2147/2147 2153/2153/2153 2154/2154/2154
f 2149/2149/2149 2155/2155/2155 2156/2156/2156
f 2149/2149/2149 2156/2156/2156 2150/2150/2150
f 2157/2157/2157 2158/2158/2158 2159/2159/2159
f 2157/2157/2157 2159/2159/2159 2160/2160/2160
f 2161/2161/2161 2154/2154/2154 2162/2162/2162
f 2161/2161/2161 2162/2162/2162 2163/2163/2163
f 2157/2157/2157 2164/2164/2164 2165/2165/2165
f 2157/2157/2157 2165/2165/2165 2158/2158/2158
f 2165/2165/2165 1929/1929/1929 2166/2166/2166
f 2165/2165/2165 2166/2166/2166 2158/2158/2158
f 2167/2167/2167 2168/2168/2168 2169/2169/2169
f 2167/2167/2167 2169/2169/2169 2170/2170/2170
f 2165/2165/2165 1932/1932/1932 1930/1930/1930
f 2165/2165/2165 1930/1930/1930 1929/1929/1929
f 2171/2171/2171 2163/2163/2163 2162/2162/2162
f 2171/2171/2171 2162/2162/2162 2172/2172/2172
f 2171/2171/2171 2172/2172/2172 2173/2173/2173
f 2171/2171/2171 2173/2173/2173 2174/2174/2174
f 2175/2175/2175 2176/2176/2176 1933/1933/1933
f 2175/2175/2175 1933/1933/1933 1932/1932/1932
f 2173/2173/2173 2172/2172/2172 2177/2177/2177
f 2173/2173/2173 2177/2177/2177 2178/2178/2178
f 2173/2173/2173 2178/2178/2178 2179/2179/2179
f 2173/2173/2173 2179/2179/2179 2180/2180/2180
f 2181/2181/2181 2182/2182/2182 2183/2183/2183
f 2181/2181/2181 2183/2183/2183 2184/2184/2184
f 2180/2180/2180 2179/2179/2179 2185/2185/2185
f 2180/2180/2180 2185/2185/2185 2186/2186/2186
f 2182/2182/2182 2187/2187/2187 2188/2188/2188
f 2182/2182/2182 2188/2188/2188 2183/2183/2183
f 2186/2186/2186 2185/2185/2185 2189/2189/2189
f 2186/2186/2186 2189/2189/2189 2190/2190/2190
f 2187/2187/2187 2191/2191/2191 2192/2192/2192
f 2187/2187/2187 2192/2192/2192 2188/2188/2188
f 2190/2190/2190 2189/2189/2189 2193/2193/2193
f 2190/2190/2190 2193/2193/2193 2194/2194/2194
f 2191/2191/2191 2195/2195/2195 2196/2196/2196
f 2191/2191/2191 2196/2196/2196 2192/2192/2192
f 2194/2194/2194 2193/2193/2193 2197/2197/2197
f 2194/2194/2194 2197/2197/2197 2198/2198/2198
f 2195/2195/2195 2199/2199/2199 2200/2200/2200
f 2195/2195/2195 2200/2200/2200 2196/2196/2196
f 2198/2198/2198 2197/2197/2197 2201/2201/2201
f 2198/2198/2198 2201/2201/2201 2202/2202/2202
f 2199/2199/2199 2203/2203/2203 2204/2204/2204
f 2199/2199/2199 2204/2204/2204 2200/2200/2200
f 2202/2202/2202 2201/2201/2201 2205/2205/2205
f 2202/2202/2202 2205/2205/2205 2206/2206/2206
f 2203/2203/2203 2207/2207/2207 2208/2208/2208
f 2203/2203/2203 2208/2208/2208 2204/2204/2204
f 2206/2206/2206 2205/2205/2205 2209/2209/2209
f 2206/2206/2206 2209/2209/2209 2210/2210/2210
f 2207/2207/2207 2211/2211/2211 2212/2212/2212
f 2207/2207/2207 2212/2212/2212 2208/2208/2208
f 2210/2210/2210 2209/2209/2209 2213/2213/2213
f 2210/2210/2210 2213/2213/2213 2214/2214/2214
f 2211/2211/2211 2215/2215/2215 2216/2216/2216
f 2211/2211/2211 2216/2216/2216 2212/2212/2212
f 2214/2214/2214 2213/2213/2213 2217/2217/2217
f 2214/2214/2214 2217/2217/2217 2218/2218/2218
f 2215/2215/2215 2219/2219/2219 2220/2220/2220
f 2215/2215/2215 2220/2220/2220 2216/2216/2216
f 2218/2218/2218 2217/2217/2217 2221/2221/2221
f 2218/2218/2218 2221/2221/2221 2222/2222/2222
f 2219/2219/2219 2223/2223/2223 2224/2224/2224
f 2219/2219/2219 2224/2224/2224 2220/2220/2220
f 2222/2222/2222 2221/2221/2221 2225/2225/2225
f 2222/2222/2222 2225/2225/2225 2226/2226/2226
f 2223/2223/2223 2227/2227/2227 2228/2228/2228
f 2223/2223/2223 2228/2228/2228 2224/2224/2224
f 2226/2226/2226 2225/2225/2225 2229/2229/2229
f 2226/2226/2226 2229/2229/2229 2230/2230/2230
f 2227/2227/2227 2231/2231/2231 2232/2232/2232
f 2227/2227/2227 2232/2232/2232 2228/2228/2228
f 2230/2230/2230 2229/2229/2229 2233/2233/2233
f 2230/2230/2230 2233/2233/2233 2234/2234/2234
f 2231/2231/2231 2235/2235/2235 2236/2236/2236
f 2231/2231/2231 2236/2236/2236 2232/2232/2232
f 2234/2234/2234 2233/2233/2233 2030/2030/2030
f 2234/2234/2234 2030/2030/2030 2237/2237/2237
f 2235/2235/2235 2238/2238/2238 2239/2239/2239
f 2235/2235/2235 2239/2239/2239 2236/2236/2236
f 2237/2237/2237 2030/2030/2030 2028/2028/2028
f 2237/2237/2237 2028/2028/2028 2027/2027/2027
f 2238/2238/2238 2240/2240/2240 2241/2241/2241
f 2238/2238/2238 2241/2241/2241 2239/2239/2239
f 2242/2242/2242 1982/1982/1982 1980/1980/1980
f 2242/2242/2242 1980/1980/1980 2243/2243/2243
f 2244/2244/2244 2027/2027/2027 2025/2025/2025
f 2244/2244/2244 2025/2025/2025 2245/2245/2245
f 2242/2242/2242 2246/2246/2246 2247/2247/2247
f 2242/2242/2242 2247/2247/2247 1982/1982/1982
f 2247/2247/2247 1985/1985/1985 1983/1983/1983
f 2247/2247/2247 1983/1983/1983 1982/1982/1982
f 2248/2248/2248 2249/2249/2249 2250/2250/2250
f 2248/2248/2248 2250/2250/2250 2251/2251/2251
f 2247/2247/2247 2015/2015/2015 2252/2252/2252
f 2247/2247/2247 2252/2252/2252 1985/1985/1985
f 2252/2252/2252 1988/1988/1988 1986/1986/1986
f 2252/2252/2252 1986/1986/1986 1985/1985/1985
f 2252/2252/2252 2015/2015/2015 2007/2007/2007
f 2252/2252/2252 2007/2007/2007 2006/2006/2006
f 2252/2252/2252 2006/2006/2006 2253/2253/2253
f 2252/2252/2252 2253/2253/2253 1988/1988/1988
f 2253/2253/2253 1991/1991/1991 1989/1989/1989
f 2253/2253/2253 1989/1989/1989 1988/1988/1988
f 2253/2253/2253 2006/2006/2006 2003/2003/2003
f 2253/2253/2253 2003/2003/2003 2002/2002/2002
f 2253/2253/2253 2002/2002/2002 2254/2254/2254
f 2253/2253/2253 2254/2254/2254 1991/1991/1991
f 2254/2254/2254 1994/1994/1994 1992/1992/1992
f 2254/2254/2254 1992/1992/1992 1991/1991/1991
f 2254/2254/2254 2002/2002/2002 2001/2001/2001
f 2254/2254/2254 2001/2001/2001 2255/2255/2255
f 2254/2254/2254 2255/2255/2255 2256/2256/2256
f 2254/2254/2254 2256/2256/2256 1994/1994/1994
f 2256/2256/2256 1997/1997/1997 1995/1995/1995
f 2256/2256/2256 1995/1995/1995 1994/1994/1994
f 2233/2233/2233 2229/2229/2229 2257/2257/2257
f 2233/2233/2233 2257/2257/2257 2033/2033/2033
f 2233/2233/2233 2033/2033/2033 2031/2031/2031
f 2233/2233/2233 2031/2031/2031 2030/2030/2030
f 2257/2257/2257 2229/2229/2229 2225/2225/2225
f 2257/2257/2257 2225/2225/2225 2258/2258/2258
f 2257/2257/2257 2258/2258/2258 2259/2259/2259
f 2257/2257/2257 2259/2259/2259 2036/2036/2036
f 2257/2257/2257 2036/2036/2036 2034/2034/2034
f 2257/2257/2257 2034/2034/2034 2033/2033/2033
f 2259/2259/2259 2258/2258/2258 2260/2260/2260
f 2259/2259/2259 2260/2260/2260 2261/2261/2261
f 2259/2259/2259 2261/2261/2261 2262/2262/2262
f 2259/2259/2259 2262/2262/2262 2039/2039/2039
f 2259/2259/2259 2039/2039/2039 2037/2037/2037
f 2259/2259/2259 2037/2037/2037 2036/2036/2036
f 2262/2262/2262 2261/2261/2261 2263/2263/2263
f 2262/2262/2262 2263/2263/2263 2264/2264/2264
f 2262/2262/2262 2264/2264/2264 2265/2265/2265
f 2262/2262/2262 2265/2265/2265 2042/2042/2042
f 2262/2262/2262 2042/2042/2042 2040/2040/2040
f 2262/2262/2262 2040/2040/2040 2039/2039/2039
f 2265/2265/2265 2264/2264/2264 2266/2266/2266
f 2265/2265/2265 2266/2266/2266 2267/2267/2267
f 2265/2265/2265 2267/2267/2267 2268/2268/2268
f 2265/2265/2265 2268/2268/2268 2045/2045/2045
f 2265/2265/2265 2045/2045/2045 2043/2043/2043
f 2265/2265/2265 2043/2043/2043 2042/2042/2042
f 2268/2268/2268 2267/2267/2267 2269/2269/2269
f 2268/2268/2268 2269/2269/2269 2270/2270/2270
f 2268/2268/2268 2270/2270/2270 2271/2271/2271
f 2268/2268/2268 2271/2271/2271 2048/2048/2048
f 2268/2268/2268 2048/2048/2048 2046/2046/2046
f 2268/2268/2268 2046/2046/2046 2045/2045/2045
f 2271/2271/2271 2270/2270/2270 2272/2272/2272
f 2271/2271/2271 2272/2272/2272 2273/2273/2273
f 2271/2271/2271 2273/2273/2273 2053/2053/2053
f 2271/2271/2271 2053/2053/2053 2051/2051/2051
f 2271/2271/2271 2051/2051/2051 2049/2049/2049
f 2271/2271/2271 2049/2049/2049 2048/2048/2048
f 2273/2273/2273 2272/2272/2272 2274/2274/2274
f 2273/2273/2273 2274/2274/2274 2275/2275/2275
f 2273/2273/2273 2275/2275/2275 2055/2055/2055
f 2273/2273/2273 2055/2055/2055 2053/2053/2053
f 2275/2275/2275 2274/2274/2274 2276/2276/2276
f 2275/2275/2275 2276/2276/2276 2277/2277/2277
f 2275/2275/2275 2277/2277/2277 2057/2057/2057
f 2275/2275/2275 2057/2057/2057 2055/2055/2055
f 2277/2277/2277 2276/2276/2276 2278/2278/2278
f 2277/2277/2277 2278/2278/2278 2279/2279/2279
f 2277/2277/2277 2279/2279/2279 2059/2059/2059
f 2277/2277/2277 2059/2059/2059 2057/2057/2057
f 2279/2279/2279 2278/2278/2278 2280/2280/2280
f 2279/2279/2279 2280/2280/2280 2281/2281/2281
f 2279/2279/2279 2281/2281/2281 2282/2282/2282
f 2279/2279/2279 2282/2282/2282 2059/2059/2059
f 2282/2282/2282 2281/2281/2281 2283/2283/2283
f 2282/2282/2282 2283/2283/2283 2284/2284/2284
f 2282/2282/2282 2284/2284/2284 2285/2285/2285
f 2282/2282/2282 2285/2285/2285 2062/2062/2062
f 2282/2282/2282 2062/2062/2062 2060/2060/2060
f 2282/2282/2282 2060/2060/2060 2059/2059/2059
f 2285/2285/2285 2284/2284/2284 2286/2286/2286
f 2285/2285/2285 2286/2286/2286 2287/2287/2287
f 2285/2285/2285 2287/2287/2287 2288/2288/2288
f 2285/2285/2285 2288/2288/2288 2065/2065/2065
f 2285/2285/2285 2065/2065/2065 2063/2063/2063
f 2285/2285/2285 2063/2063/2063 2062/2062/2062
f 2288/2288/2288 2287/2287/2287 2289/2289/2289
f 2288/2288/2288 2289/2289/2289 2290/2290/2290
f 2288/2288/2288 2290/2290/2290 2291/2291/2291
f 2288/2288/2288 2291/2291/2291 2068/2068/2068
f 2288/2288/2288 2068/2068/2068 2066/2066/2066
f 2288/2288/2288 2066/2066/2066 2065/2065/2065
f 2291/2291/2291 2290/2290/2290 2292/2292/2292
f 2291/2291/2291 2292/2292/2292 2293/2293/2293
f 2291/2291/2291 2293/2293/2293 2294/2294/2294
f 2291/2291/2291 2294/2294/2294 2295/2295/2295
f 2291/2291/2291 2295/2295/2295 2069/2069/2069
f 2291/2291/2291 2069/2069/2069 2068/2068/2068
f 2295/2295/2295 2294/2294/2294 2296/2296/2296
f 2295/2295/2295 2296/2296/2296 2297/2297/2297
f 2295/2295/2295 2297/2297/2297 2070/2070/2070
f 2295/2295/2295 2070/2070/2070 2069/2069/2069
f 2297/2297/2297 2296/2296/2296 2298/2298/2298
f 2297/2297/2297 2298/2298/2298 2075/2075/2075
f 2297/2297/2297 2075/2075/2075 2072/2072/2072
f 2297/2297/2297 2072/2072/2072 2070/2070/2070
f 2298/2298/2298 2296/2296/2296 2299/2299/2299
f 2298/2298/2298 2299/2299/2299 2300/2300/2300
f 2298/2298/2298 2300/2300/2300 2301/2301/2301
f 2298/2298/2298 2301/2301/2301 2078/2078/2078
f 2298/2298/2298 2078/2078/2078 2076/2076/2076
f 2298/2298/2298 2076/2076/2076 2075/2075/2075
f 2301/2301/2301 2300/2300/2300 2302/2302/2302
f 2301/2301/2301 2302/2302/2302 2303/2303/2303
f 2301/2301/2301 2303/2303/2303 2304/2304/2304
f 2301/2301/2301 2304/2304/2304 2081/2081/2081
f 2301/2301/2301 2081/2081/2081 2079/2079/2079
f 2301/2301/2301 2079/2079/2079 2078/2078/2078
f 2304/2304/2304 2303/2303/2303 2305/2305/2305
f 2304/2304/2304 2305/2305/2305 2306/2306/2306
f 2304/2304/2304 2306/2306/2306 2307/2307/2307
f 2304/2304/2304 2307/2307/2307 2084/2084/2084
f 2304/2304/2304 2084/2084/2084 2082/2082/2082
f 2304/2304/2304 2082/2082/2082 2081/2081/2081
f 2307/2307/2307 2306/2306/2306 2308/2308/2308
f 2307/2307/2307 2308/2308/2308 2309/2309/2309
f 2307/2307/2307 2309/2309/2309 2310/2310/2310
f 2307/2307/2307 2310/2310/2310 2087/2087/2087
f 2307/2307/2307 2087/2087/2087 2085/2085/2085
f 2307/2307/2307 2085/2085/2085 2084/2084/2084
f 2310/2310/2310 2090/2090/2090 2088/2088/2088
f 2310/2310/2310 2088/2088/2088 2087/2087/2087
f 2311/2311/2311 2312/2312/2312 2313/2313/2313
f 2311/2311/2311 2313/2313/2313 2314/2314/2314
f 2311/2311/2311 2314/2314/2314 2315/2315/2315
f 2311/2311/2311 2315/2315/2315 2316/2316/2316
f 2315/2315/2315 2317/2317/2317 2318/2318/2318
f 2315/2315/2315 2318/2318/2318 2316/2316/2316
f 2315/2315/2315 2314/2314/2314 2319/2319/2319
f 2315/2315/2315 2319/2319/2319 2320/2320/2320
f 2315/2315/2315 2320/2320/2320 2321/2321/2321
f 2315/2315/2315 2321/2321/2321 2317/2317/2317
f 2321/2321/2321 2322/2322/2322 2145/2145/2145
f 2321/2321/2321 2145/2145/2145 2317/2317/2317
f 2321/2321/2321 2320/2320/2320 2323/2323/2323
f 2321/2321/2321 2323/2323/2323 2324/2324/2324
f 2321/2321/2321 2324/2324/2324 2325/2325/2325
f 2321/2321/2321 2325/2325/2325 2322/2322/2322
f 2325/2325/2325 2326/2326/2326 2153/2153/2153
f 2325/2325/2325 2153/2153/2153 2322/2322/2322
f 2325/2325/2325 2324/2324/2324 2327/2327/2327
f 2325/2325/2325 2327/2327/2327 2328/2328/2328
f 2325/2325/2325 2328/2328/2328 2177/2177/2177
f 2325/2325/2325 2177/2177/2177 2326/2326/2326
f 2328/2328/2328 2327/2327/2327 2329/2329/2329
f 2328/2328/2328 2329/2329/2329 2330/2330/2330
f 2328/2328/2328 2330/2330/2330 2178/2178/2178
f 2328/2328/2328 2178/2178/2178 2177/2177/2177
f 2330/2330/2330 2329/2329/2329 2331/2331/2331
f 2330/2330/2330 2331/2331/2331 2332/2332/2332
f 2330/2330/2330 2332/2332/2332 2179/2179/2179
f 2330/2330/2330 2179/2179/2179 2178/2178/2178
f 2332/2332/2332 2331/2331/2331 2333/2333/2333
f 2332/2332/2332 2333/2333/2333 2334/2334/2334
f 2332/2332/2332 2334/2334/2334 2185/2185/2185
f 2332/2332/2332 2185/2185/2185 2179/2179/2179
f 2334/2334/2334 2333/2333/2333 2335/2335/2335
f 2334/2334/2334 2335/2335/2335 2336/2336/2336
f 2334/2334/2334 2336/2336/2336 2189/2189/2189
f 2334/2334/2334 2189/2189/2189 2185/2185/2185
f 2336/2336/2336 2335/2335/2335 2337/2337/2337
f 2336/2336/2336 2337/2337/2337 2338/2338/2338
f 2336/2336/2336 2338/2338/2338 2193/2193/2193
f 2336/2336/2336 2193/2193/2193 2189/2189/2189
f 2338/2338/2338 2337/2337/2337 2339/2339/2339
f 2338/2338/2338 2339/2339/2339 2340/2340/2340
f 2338/2338/2338 2340/2340/2340 2197/2197/2197
f 2338/2338/2338 2197/2197/2197 2193/2193/2193
f 2340/2340/2340 2339/2339/2339 2341/2341/2341
f 2340/2340/2340 2341/2341/2341 2342/2342/2342
f 2340/2340/2340 2342/2342/2342 2201/2201/2201
f 2340/2340/2340 2201/2201/2201 2197/2197/2197
f 2342/2342/2342 2341/2341/2341 2343/2343/2343
f 2342/2342/2342 2343/2343/2343 2344/2344/2344
f 2342/2342/2342 2344/2344/2344 2205/2205/2205
f 2342/2342/2342 2205/2205/2205 2201/2201/2201
f 2344/2344/2344 2343/2343/2343 2345/2345/2345
f 2344/2344/2344 2345/2345/2345 2346/2346/2346
f 2344/2344/2344 2346/2346/2346 2209/2209/2209
f 2344/2344/2344 2209/2209/2209 2205/2205/2205
f 2346/2346/2346 2345/2345/2345 2347/2347/2347
f 2346/2346/2346 2347/2347/2347 2348/2348/2348
f 2346/2346/2346 2348/2348/2348 2213/2213/2213
f 2346/2346/2346 2213/2213/2213 2209/2209/2209
f 2348/2348/2348 2347/2347/2347 2263/2263/2263
f 2348/2348/2348 2263/2263/2263 2349/2349/2349
f 2348/2348/2348 2349/2349/2349 2217/2217/2217
f 2348/2348/2348 2217/2217/2217 2213/2213/2213
f 2349/2349/2349 2263/2263/2263 2261/2261/2261
f 2349/2349/2349 2261/2261/2261 2260/2260/2260
f 2349/2349/2349 2260/2260/2260 2221/2221/2221
f 2349/2349/2349 2221/2221/2221 2217/2217/2217
f 2347/2347/2347 2345/2345/2345 2350/2350/2350
f 2347/2347/2347 2350/2350/2350 2266/2266/2266
f 2347/2347/2347 2266/2266/2266 2264/2264/2264
f 2347/2347/2347 2264/2264/2264 2263/2263/2263
f 2350/2350/2350 2345/2345/2345 2343/2343/2343
f 2350/2350/2350 2343/2343/2343 2351/2351/2351
f 2350/2350/2350 2351/2351/2351 2352/2352/2352
f 2350/2350/2350 2352/2352/2352 2269/2269/2269
f 2350/2350/2350 2269/2269/2269 2267/2267/2267
f 2350/2350/2350 2267/2267/2267 2266/2266/2266
f 2352/2352/2352 2351/2351/2351 2353/2353/2353
f 2352/2352/2352 2353/2353/2353 2354/2354/2354
f 2352/2352/2352 2354/2354/2354 2274/2274/2274
f 2352/2352/2352 2274/2274/2274 2272/2272/2272
f 2352/2352/2352 2272/2272/2272 2270/2270/2270
f 2352/2352/2352 2270/2270/2270 2269/2269/2269
f 2354/2354/2354 2353/2353/2353 2355/2355/2355
f 2354/2354/2354 2355/2355/2355 2356/2356/2356
f 2354/2354/2354 2356/2356/2356 2276/2276/2276
f 2354/2354/2354 2276/2276/2276 2274/2274/2274
f 2356/2356/2356 2355/2355/2355 2357/2357/2357
f 2356/2356/2356 2357/2357/2357 2358/2358/2358
f 2356/2356/2356 2358/2358/2358 2278/2278/2278
f 2356/2356/2356 2278/2278/2278 2276/2276/2276
f 2358/2358/2358 2357/2357/2357 2359/2359/2359
f 2358/2358/2358 2359/2359/2359 2360/2360/2360
f 2358/2358/2358 2360/2360/2360 2280/2280/2280
f 2358/2358/2358 2280/2280/2280 2278/2278/2278
f 2360/2360/2360 2359/2359/2359 2361/2361/2361
f 2360/2360/2360 2361/2361/2361 2362/2362/2362
f 2360/2360/2360 2362/2362/2362 2363/2363/2363
f 2360/2360/2360 2363/2363/2363 2280/2280/2280
f 2363/2363/2363 2362/2362/2362 2364/2364/2364
f 2363/2363/2363 2364/2364/2364 2365/2365/2365
f 2363/2363/2363 2365/2365/2365 2366/2366/2366
f 2363/2363/2363 2366/2366/2366 2283/2283/2283
f 2363/2363/2363 2283/2283/2283 2281/2281/2281
f 2363/2363/2363 2281/2281/2281 2280/2280/2280
f 2366/2366/2366 2365/2365/2365 2367/2367/2367
f 2366/2366/2366 2367/2367/2367 2368/2368/2368
f 2366/2366/2366 2368/2368/2368 2369/2369/2369
f 2366/2366/2366 2369/2369/2369 2286/2286/2286
f 2366/2366/2366 2286/2286/2286 2284/2284/2284
f 2366/2366/2366 2284/2284/2284 2283/2283/2283
f 2369/2369/2369 2368/2368/2368 2370/2370/2370
f 2369/2369/2369 2370/2370/2370 2371/2371/2371
f 2369/2369/2369 2371/2371/2371 2372/2372/2372
f 2369/2369/2369 2372/2372/2372 2289/2289/2289
f 2369/2369/2369 2289/2289/2289 2287/2287/2287
f 2369/2369/2369 2287/2287/2287 2286/2286/2286
f 2372/2372/2372 2371/2371/2371 2373/2373/2373
f 2372/2372/2372 2373/2373/2373 2374/2374/2374
f 2372/2372/2372 2374/2374/2374 2375/2375/2375
f 2372/2372/2372 2375/2375/2375 2292/2292/2292
f 2372/2372/2372 2292/2292/2292 2290/2290/2290
f 2372/2372/2372 2290/2290/2290 2289/2289/2289
f 2375/2375/2375 2374/2374/2374 2376/2376/2376
f 2375/2375/2375 2376/2376/2376 2377/2377/2377
f 2375/2375/2375 2377/2377/2377 2378/2378/2378
f 2375/2375/2375 2378/2378/2378 2379/2379/2379
f 2375/2375/2375 2379/2379/2379 2293/2293/2293
f 2375/2375/2375 2293/2293/2293 2292/2292/2292
f 2379/2379/2379 2378/2378/2378 2380/2380/2380
f 2379/2379/2379 2380/2380/2380 2381/2381/2381
f 2379/2379/2379 2381/2381/2381 2294/2294/2294
f 2379/2379/2379 2294/2294/2294 2293/2293/2293
f 2381/2381/2381 2380/2380/2380 2382/2382/2382
f 2381/2381/2381 2382/2382/2382 2299/2299/2299
f 2381/2381/2381 2299/2299/2299 2296/2296/2296
f 2381/2381/2381 2296/2296/2296 2294/2294/2294
f 2382/2382/2382 2380/2380/2380 2383/2383/2383
f 2382/2382/2382 2383/2383/2383 2384/2384/2384
f 2382/2382/2382 2384/2384/2384 2385/2385/2385
f 2382/2382/2382 2385/2385/2385 2302/2302/2302
f 2382/2382/2382 2302/2302/2302 2300/2300/2300
f 2382/2382/2382 2300/2300/2300 2299/2299/2299
f 2385/2385/2385 2384/2384/2384 2386/2386/2386
f 2385/2385/2385 2386/2386/2386 2387/2387/2387
f 2385/2385/2385 2387/2387/2387 2388/2388/2388
f 2385/2385/2385 2388/2388/2388 2305/2305/2305
f 2385/2385/2385 2305/2305/2305 2303/2303/2303
f 2385/2385/2385 2303/2303/2303 2302/2302/2302
f 2388/2388/2388 2308/2308/2308 2306/2306/2306
f 2388/2388/2388 2306/2306/2306 2305/2305/2305
f 2389/2389/2389 2390/2390/2390 2391/2391/2391
f 2389/2389/2389 2391/2391/2391 2392/2392/2392
f 2389/2389/2389 2392/2392/2392 2393/2393/2393
f 2389/2389/2389 2393/2393/2393 2394/2394/2394
f 2393/2393/2393 2313/2313/2313 2312/2312/2312
f 2393/2393/2393 2312/2312/2312 2394/2394/2394
f 2393/2393/2393 2392/2392/2392 2395/2395/2395
f 2393/2393/2393 2395/2395/2395 2396/2396/2396
f 2393/2393/2393 2396/2396/2396 2397/2397/2397
f 2393/2393/2393 2397/2397/2397 2313/2313/2313
f 2397/2397/2397 2319/2319/2319 2314/2314/2314
f 2397/2397/2397 2314/2314/2314 2313/2313/2313
f 2397/2397/2397 2396/2396/2396 2398/2398/2398
f 2397/2397/2397 2398/2398/2398 2399/2399/2399
f 2397/2397/2397 2399/2399/2399 2400/2400/2400
f 2397/2397/2397 2400/2400/2400 2319/2319/2319
f 2400/2400/2400 2323/2323/2323 2320/2320/2320
f 2400/2400/2400 2320/2320/2320 2319/2319/2319
f 2400/2400/2400 2399/2399/2399 2401/2401/2401
f 2400/2400/2400 2401/2401/2401 2402/2402/2402
f 2400/2400/2400 2402/2402/2402 2403/2403/2403
f 2400/2400/2400 2403/2403/2403 2323/2323/2323
f 2403/2403/2403 2327/2327/2327 2324/2324/2324
f 2403/2403/2403 2324/2324/2324 2323/2323/2323
f 2403/2403/2403 2402/2402/2402 2404/2404/2404
f 2403/2403/2403 2404/2404/2404 2405/2405/2405
f 2403/2403/2403 2405/2405/2405 2329/2329/2329
f 2403/2403/2403 2329/2329/2329 2327/2327/2327
f 2405/2405/2405 2404/2404/2404 2364/2364/2364
f 2405/2405/2405 2364/2364/2364 2406/2406/2406
f 2405/2405/2405 2406/2406/2406 2331/2331/2331
f 2405/2405/2405 2331/2331/2331 2329/2329/2329
f 2406/2406/2406 2364/2364/2364 2362/2362/2362
f 2406/2406/2406 2362/2362/2362 2361/2361/2361
f 2406/2406/2406 2361/2361/2361 2333/2333/2333
f 2406/2406/2406 2333/2333/2333 2331/2331/2331
f 2404/2404/2404 2402/2402/2402 2401/2401/2401
f 2404/2404/2404 2401/2401/2401 2367/2367/2367
f 2404/2404/2404 2367/2367/2367 2365/2365/2365
f 2404/2404/2404 2365/2365/2365 2364/2364/2364
f 2401/2401/2401 2399/2399/2399 2398/2398/2398
f 2401/2401/2401 2398/2398/2398 2370/2370/2370
f 2401/2401/2401 2370/2370/2370 2368/2368/2368
f 2401/2401/2401 2368/2368/2368 2367/2367/2367
f 2398/2398/2398 2396/2396/2396 2395/2395/2395
f 2398/2398/2398 2395/2395/2395 2373/2373/2373
f 2398/2398/2398 2373/2373/2373 2371/2371/2371
f 2398/2398/2398 2371/2371/2371 2370/2370/2370
f 2395/2395/2395 2392/2392/2392 2391/2391/2391
f 2395/2395/2395 2391/2391/2391 2376/2376/2376
f 2395/2395/2395 2376/2376/2376 2374/2374/2374
f 2395/2395/2395 2374/2374/2374 2373/2373/2373
f 2391/2391/2391 2390/2390/2390 2407/2407/2407
f 2391/2391/2391 2407/2407/2407 2408/2408/2408
f 2391/2391/2391 2408/2408/2408 2377/2377/2377
f 2391/2391/2391 2377/2377/2377 2376/2376/2376
f 2408/2408/2408 2407/2407/2407 2409/2409/2409
f 2408/2408/2408 2409/2409/2409 2410/2410/2410
f 2408/2408/2408 2410/2410/2410 2378/2378/2378
f 2408/2408/2408 2378/2378/2378 2377/2377/2377
f 2410/2410/2410 2409/2409/2409 2411/2411/2411
f 2410/2410/2410 2411/2411/2411 2383/2383/2383
f 2410/2410/2410 2383/2383/2383 2380/2380/2380
f 2410/2410/2410 2380/2380/2380 2378/2378/2378
f 2411/2411/2411 2386/2386/2386 2384/2384/2384
f 2411/2411/2411 2384/2384/2384 2383/2383/2383
f 2361/2361/2361 2359/2359/2359 2335/2335/2335
f 2361/2361/2361 2335/2335/2335 2333/2333/2333
f 2359/2359/2359 2357/2357/2357 2337/2337/2337
f 2359/2359/2359 2337/2337/2337 2335/2335/2335
f 2357/2357/2357 2355/2355/2355 2339/2339/2339
f 2357/2357/2357 2339/2339/2339 2337/2337/2337
f 2355/2355/2355 2353/2353/2353 2341/2341/2341
f 2355/2355/2355 2341/2341/2341 2339/2339/2339
f 2353/2353/2353 2351/2351/2351 2343/2343/2343
f 2353/2353/2353 2343/2343/2343 2341/2341/2341
f 2326/2326/2326 2162/2162/2162 2154/2154/2154
f 2326/2326/2326 2154/2154/2154 2153/2153/2153
f 2326/2326/2326 2177/2177/2177 2172/2172/2172
f 2326/2326/2326 2172/2172/2172 2162/2162/2162
f 2322/2322/2322 2153/2153/2153 2146/2146/2146
f 2322/2322/2322 2146/2146/2146 2145/2145/2145
f 2317/2317/2317 2145/2145/2145 2144/2144/2144
f 2317/2317/2317 2144/2144/2144 2318/2318/2318
f 2260/2260/2260 2258/2258/2258 2225/2225/2225
f 2260/2260/2260 2225/2225/2225 2221/2221/2221
f 2166/2166/2166 1926/1926/1926 2412/2412/2412
f 2166/2166/2166 2412/2412/2412 2413/2413/2413
f 2166/2166/2166 2413/2413/2413 2159/2159/2159
f 2166/2166/2166 2159/2159/2159 2158/2158/2158
f 2166/2166/2166 1929/1929/1929 1927/1927/1927
f 2166/2166/2166 1927/1927/1927 1926/1926/1926
f 2413/2413/2413 2412/2412/2412 2414/2414/2414
f 2413/2413/2413 2414/2414/2414 2415/2415/2415
f 2413/2413/2413 2415/2415/2415 2416/2416/2416
f 2413/2413/2413 2416/2416/2416 2159/2159/2159
f 2417/2417/2417 2418/2418/2418 2419/2419/2419
f 2417/2417/2417 2419/2419/2419 2420/2420/2420
f 2414/2414/2414 2412/2412/2412 1923/1923/1923
f 2414/2414/2414 1923/1923/1923 2421/2421/2421
f 2421/2421/2421 1923/1923/1923 1921/1921/1921
f 2421/2421/2421 1921/1921/1921 1920/1920/1920
f 2412/2412/2412 1926/1926/1926 1924/1924/1924
f 2412/2412/2412 1924/1924/1924 1923/1923/1923
f 2130/2130/2130 1059/1059/1059 1055/1055/1055
f 2130/2130/2130 1055/1055/1055 1054/1054/1054
f 2130/2130/2130 29/29/29 31/31/31
f 2130/2130/2130 31/31/31 1059/1059/1059
f 1377/1377/1377 1374/1374/1374 1372/1372/1372
f 1377/1377/1377 1372/1372/1372 1371/1371/1371
f 1224/1224/1224 1233/1233/1233 2422/2422/2422
f 1224/1224/1224 2422/2422/2422 1225/1225/1225
f 1217/1217/1217 1091/1091/1091 1085/1085/1085
f 1217/1217/1217 1085/1085/1085 1084/1084/1084
f 1213/1213/1213 1084/1084/1084 1080/1080/1080
f 1213/1213/1213 1080/1080/1080 1079/1079/1079
f 1210/1210/1210 1079/1079/1079 1075/1075/1075
f 1210/1210/1210 1075/1075/1075 1074/1074/1074
f 1208/1208/1208 1069/1069/1069 1065/1065/1065
f 1208/1208/1208 1065/1065/1065 1064/1064/1064
f 1208/1208/1208 1064/1064/1064 31/31/31
f 1208/1208/1208 31/31/31 24/24/24
f 1207/1207/1207 1074/1074/1074 1070/1070/1070
f 1207/1207/1207 1070/1070/1070 1069/1069/1069
f 1110/1110/1110 839/839/839 836/836/836
f 1110/1110/1110 836/836/836 835/835/835
f 1106/1106/1106 1105/1105/1105 845/845/845
f 1106/1106/1106 845/845/845 843/843/843
f 1064/1064/1064 1060/1060/1060 1059/1059/1059
f 1064/1064/1064 1059/1059/1059 31/31/31
f 1149/1149/1149 1033/1033/1033 1037/1037/1037
f 1149/1149/1149 1037/1037/1037 1041/1041/1041
f 2423/2423/2423 2424/2424/2424 2425/2425/2425
f 2423/2423/2423 2425/2425/2425 2426/2426/2426
f 2423/2423/2423 2426/2426/2426 2427/2427/2427
f 2423/2423/2423 2427/2427/2427 2428/2428/2428
f 2427/2427/2427 2426/2426/2426 2429/2429/2429
f 2427/2427/2427 2429/2429/2429 2430/2430/2430
f 2431/2431/2431 2432/2432/2432 2433/2433/2433
f 2431/2431/2431 2433/2433/2433 770/770/770
f 2431/2431/2431 770/770/770 769/769/769
f 2431/2431/2431 769/769/769 2434/2434/2434
f 2433/2433/2433 2432/2432/2432 2435/2435/2435
f 2433/2433/2433 2435/2435/2435 2436/2436/2436
f 2433/2433/2433 2436/2436/2436 2437/2437/2437
f 2433/2433/2433 2437/2437/2437 774/774/774
f 2433/2433/2433 774/774/774 771/771/771
f 2433/2433/2433 771/771/771 770/770/770
f 2437/2437/2437 2436/2436/2436 2438/2438/2438
f 2437/2437/2437 2438/2438/2438 2439/2439/2439
f 2437/2437/2437 2439/2439/2439 2440/2440/2440
f 2437/2437/2437 2440/2440/2440 777/777/777
f 2437/2437/2437 777/777/777 775/775/775
f 2437/2437/2437 775/775/775 774/774/774
f 2440/2440/2440 2439/2439/2439 2441/2441/2441
f 2440/2440/2440 2441/2441/2441 2442/2442/2442
f 2440/2440/2440 2442/2442/2442 2443/2443/2443
f 2440/2440/2440 2443/2443/2443 780/780/780
f 2440/2440/2440 780/780/780 778/778/778
f 2440/2440/2440 778/778/778 777/777/777
f 2443/2443/2443 2442/2442/2442 2444/2444/2444
f 2443/2443/2443 2444/2444/2444 2445/2445/2445
f 2443/2443/2443 2445/2445/2445 2446/2446/2446
f 2443/2443/2443 2446/2446/2446 783/783/783
f 2443/2443/2443 783/783/783 781/781/781
f 2443/2443/2443 781/781/781 780/780/780
f 2446/2446/2446 2445/2445/2445 2447/2447/2447
f 2446/2446/2446 2447/2447/2447 2448/2448/2448
f 2446/2446/2446 2448/2448/2448 2449/2449/2449
f 2446/2446/2446 2449/2449/2449 786/786/786
f 2446/2446/2446 786/786/786 784/784/784
f 2446/2446/2446 784/784/784 783/783/783
f 2449/2449/2449 2448/2448/2448 2450/2450/2450
f 2449/2449/2449 2450/2450/2450 2451/2451/2451
f 2449/2449/2449 2451/2451/2451 2452/2452/2452
f 2449/2449/2449 2452/2452/2452 789/789/789
f 2449/2449/2449 789/789/789 787/787/787
f 2449/2449/2449 787/787/787 786/786/786
f 2452/2452/2452 2451/2451/2451 2453/2453/2453
f 2452/2452/2452 2453/2453/2453 2454/2454/2454
f 2452/2452/2452 2454/2454/2454 2455/2455/2455
f 2452/2452/2452 2455/2455/2455 792/792/792
f 2452/2452/2452 792/792/792 790/790/790
f 2452/2452/2452 790/790/790 789/789/789
f 2455/2455/2455 2454/2454/2454 2456/2456/2456
f 2455/2455/2455 2456/2456/2456 2457/2457/2457
f 2455/2455/2455 2457/2457/2457 2458/2458/2458
f 2455/2455/2455 2458/2458/2458 795/795/795
f 2455/2455/2455 795/795/795 793/793/793
f 2455/2455/2455 793/793/793 792/792/792
f 2458/2458/2458 2457/2457/2457 2459/2459/2459
f 2458/2458/2458 2459/2459/2459 2460/2460/2460
f 2458/2458/2458 2460/2460/2460 802/802/802
f 2458/2458/2458 802/802/802 798/798/798
f 2458/2458/2458 798/798/798 796/796/796
f 2458/2458/2458 796/796/796 795/795/795
f 2460/2460/2460 2459/2459/2459 965/965/965
f 2460/2460/2460 965/965/965 2461/2461/2461
f 2460/2460/2460 2461/2461/2461 803/803/803
f 2460/2460/2460 803/803/803 802/802/802
f 2461/2461/2461 965/965/965 963/963/963
f 2461/2461/2461 963/963/963 962/962/962
f 2461/2461/2461 962/962/962 805/805/805
f 2461/2461/2461 805/805/805 803/803/803
f 2459/2459/2459 968/968/968 966/966/966
f 2459/2459/2459 966/966/966 965/965/965
f 2459/2459/2459 2457/2457/2457 2456/2456/2456
f 2459/2459/2459 2456/2456/2456 968/968/968
f 2456/2456/2456 971/971/971 969/969/969
f 2456/2456/2456 969/969/969 968/968/968
f 2456/2456/2456 2454/2454/2454 2453/2453/2453
f 2456/2456/2456 2453/2453/2453 971/971/971
f 2453/2453/2453 974/974/974 972/972/972
f 2453/2453/2453 972/972/972 971/971/971
f 2453/2453/2453 2451/2451/2451 2450/2450/2450
f 2453/2453/2453 2450/2450/2450 974/974/974
f 2450/2450/2450 977/977/977 975/975/975
f 2450/2450/2450 975/975/975 974/974/974
f 2450/2450/2450 2448/2448/2448 2447/2447/2447
f 2450/2450/2450 2447/2447/2447 977/977/977
f 2447/2447/2447 980/980/980 978/978/978
f 2447/2447/2447 978/978/978 977/977/977
f 2447/2447/2447 2445/2445/2445 2444/2444/2444
f 2447/2447/2447 2444/2444/2444 980/980/980
f 2444/2444/2444 984/984/984 981/981/981
f 2444/2444/2444 981/981/981 980/980/980
f 2444/2444/2444 2442/2442/2442 2441/2441/2441
f 2444/2444/2444 2441/2441/2441 984/984/984
f 2441/2441/2441 988/988/988 985/985/985
f 2441/2441/2441 985/985/985 984/984/984
f 2441/2441/2441 2439/2439/2439 2438/2438/2438
f 2441/2441/2441 2438/2438/2438 988/988/988
f 2438/2438/2438 2462/2462/2462 989/989/989
f 2438/2438/2438 989/989/989 988/988/988
f 2438/2438/2438 2436/2436/2436 2435/2435/2435
f 2438/2438/2438 2435/2435/2435 2462/2462/2462
f 2463/2463/2463 995/995/995 993/993/993
f 2463/2463/2463 993/993/993 992/992/992
f 2463/2463/2463 2430/2430/2430 2429/2429/2429
f 2463/2463/2463 2429/2429/2429 995/995/995
f 2429/2429/2429 998/998/998 996/996/996
f 2429/2429/2429 996/996/996 995/995/995
f 2429/2429/2429 2426/2426/2426 2425/2425/2425
f 2429/2429/2429 2425/2425/2425 998/998/998
f 2425/2425/2425 1001/1001/1001 999/999/999
f 2425/2425/2425 999/999/999 998/998/998
f 2425/2425/2425 2424/2424/2424 2464/2464/2464
f 2425/2425/2425 2464/2464/2464 1001/1001/1001
f 2464/2464/2464 1004/1004/1004 1002/1002/1002
f 2464/2464/2464 1002/1002/1002 1001/1001/1001
f 962/962/962 960/960/960 807/807/807
f 962/962/962 807/807/807 805/805/805
f 958/958/958 810/810/810 808/808/808
f 958/958/958 808/808/808 807/807/807
f 956/956/956 955/955/955 811/811/811
f 956/956/956 811/811/811 810/810/810
f 723/723/723 721/721/721 28/28/28
f 723/723/723 28/28/28 27/27/27
f 719/719/719 718/718/718 25/25/25
f 719/719/719 25/25/25 28/28/28
f 376/376/376 374/374/374 373/373/373
f 376/376/376 373/373/373 14/14/14
f 69/69/69 44/44/44 43/43/43
f 69/69/69 43/43/43 64/64/64
f 2416/2416/2416 2465/2465/2465 2160/2160/2160
f 2416/2416/2416 2160/2160/2160 2159/2159/2159
f 2247/2247/2247 2246/2246/2246 2016/2016/2016
f 2247/2247/2247 2016/2016/2016 2015/2015/2015
f 2466/2466/2466 2467/2467/2467 2246/2246/2246
f 2466/2466/2466 2246/2246/2246 2242/2242/2242
f 2466/2466/2466 2242/2242/2242 2243/2243/2243
f 2466/2466/2466 2243/2243/2243 2468/2468/2468
f 2469/2469/2469 2470/2470/2470 2176/2176/2176
f 2469/2469/2469 2176/2176/2176 2175/2175/2175
f 2165/2165/2165 2164/2164/2164 2175/2175/2175
f 2165/2165/2165 2175/2175/2175 1932/1932/1932
f 2471/2471/2471 2472/2472/2472 2164/2164/2164
f 2471/2471/2471 2164/2164/2164 2157/2157/2157
f 2471/2471/2471 2157/2157/2157 2160/2160/2160
f 2471/2471/2471 2160/2160/2160 2473/2473/2473
f 2474/2474/2474 2014/2014/2014 2016/2016/2016
f 2474/2474/2474 2016/2016/2016 2475/2475/2475
f 2004/2004/2004 2476/2476/2476 2477/2477/2477
f 2004/2004/2004 2477/2477/2477 2005/2005/2005
f 2004/2004/2004 2007/2007/2007 2014/2014/2014
f 2004/2004/2004 2014/2014/2014 2476/2476/2476
f 1977/1977/1977 2478/2478/2478 2243/2243/2243
f 1977/1977/1977 2243/2243/2243 1980/1980/1980
f 1974/1974/1974 2479/2479/2479 2478/2478/2478
f 1974/1974/1974 2478/2478/2478 1977/1977/1977
f 1971/1971/1971 2480/2480/2480 2479/2479/2479
f 1971/1971/1971 2479/2479/2479 1974/1974/1974
f 1968/1968/1968 2481/2481/2481 2480/2480/2480
f 1968/1968/1968 2480/2480/2480 1971/1971/1971
f 1965/1965/1965 2482/2482/2482 2481/2481/2481
f 1965/1965/1965 2481/2481/2481 1968/1968/1968
f 1962/1962/1962 2483/2483/2483 2482/2482/2482
f 1962/1962/1962 2482/2482/2482 1965/1965/1965
f 1959/1959/1959 2484/2484/2484 2483/2483/2483
f 1959/1959/1959 2483/2483/2483 1962/1962/1962
f 1956/1956/1956 2485/2485/2485 2484/2484/2484
f 1956/1956/1956 2484/2484/2484 1959/1959/1959
f 1953/1953/1953 2486/2486/2486 2485/2485/2485
f 1953/1953/1953 2485/2485/2485 1956/1956/1956
f 1950/1950/1950 2487/2487/2487 2486/2486/2486
f 1950/1950/1950 2486/2486/2486 1953/1953/1953
f 1947/1947/1947 2488/2488/2488 2487/2487/2487
f 1947/1947/1947 2487/2487/2487 1950/1950/1950
f 1944/1944/1944 2489/2489/2489 2488/2488/2488
f 1944/1944/1944 2488/2488/2488 1947/1947/1947
f 1941/1941/1941 2490/2490/2490 2489/2489/2489
f 1941/1941/1941 2489/2489/2489 1944/1944/1944
f 1934/1934/1934 2491/2491/2491 2490/2490/2490
f 1934/1934/1934 2490/2490/2490 1941/1941/1941
f 1934/1934/1934 1933/1933/1933 2176/2176/2176
f 1934/1934/1934 2176/2176/2176 2491/2491/2491
f 2492/2492/2492 2244/2244/2244 2245/2245/2245
f 2492/2492/2492 2245/2245/2245 2493/2493/2493
f 2237/2237/2237 2027/2027/2027 2244/2244/2244
f 2237/2237/2237 2244/2244/2244 2494/2494/2494
f 2234/2234/2234 2237/2237/2237 2494/2494/2494
f 2234/2234/2234 2494/2494/2494 2495/2495/2495
f 2230/2230/2230 2234/2234/2234 2495/2495/2495
f 2230/2230/2230 2495/2495/2495 2496/2496/2496
f 2226/2226/2226 2230/2230/2230 2496/2496/2496
f 2226/2226/2226 2496/2496/2496 2497/2497/2497
f 2222/2222/2222 2226/2226/2226 2497/2497/2497
f 2222/2222/2222 2497/2497/2497 2498/2498/2498
f 2218/2218/2218 2222/2222/2222 2498/2498/2498
f 2218/2218/2218 2498/2498/2498 2499/2499/2499
f 2214/2214/2214 2218/2218/2218 2499/2499/2499
f 2214/2214/2214 2499/2499/2499 2500/2500/2500
f 2210/2210/2210 2214/2214/2214 2500/2500/2500
f 2210/2210/2210 2500/2500/2500 2501/2501/2501
f 2206/2206/2206 2210/2210/2210 2501/2501/2501
f 2206/2206/2206 2501/2501/2501 2502/2502/2502
f 2202/2202/2202 2206/2206/2206 2502/2502/2502
f 2202/2202/2202 2502/2502/2502 2503/2503/2503
f 2198/2198/2198 2202/2202/2202 2503/2503/2503
f 2198/2198/2198 2503/2503/2503 2504/2504/2504
f 2194/2194/2194 2198/2198/2198 2504/2504/2504
f 2194/2194/2194 2504/2504/2504 2505/2505/2505
f 2190/2190/2190 2194/2194/2194 2505/2505/2505
f 2190/2190/2190 2505/2505/2505 2506/2506/2506
f 2186/2186/2186 2190/2190/2190 2506/2506/2506
f 2186/2186/2186 2506/2506/2506 2507/2507/2507
f 2180/2180/2180 2186/2186/2186 2507/2507/2507
f 2180/2180/2180 2507/2507/2507 2508/2508/2508
f 2173/2173/2173 2180/2180/2180 2508/2508/2508
f 2173/2173/2173 2508/2508/2508 2174/2174/2174
f 2509/2509/2509 2171/2171/2171 2174/2174/2174
f 2509/2509/2509 2174/2174/2174 2510/2510/2510
f 2509/2509/2509 2511/2511/2511 2163/2163/2163
f 2509/2509/2509 2163/2163/2163 2171/2171/2171
f 2512/2512/2512 2161/2161/2161 2163/2163/2163
f 2512/2512/2512 2163/2163/2163 2511/2511/2511
f 2147/2147/2147 2154/2154/2154 2161/2161/2161
f 2147/2147/2147 2161/2161/2161 2513/2513/2513
f 2147/2147/2147 2513/2513/2513 2514/2514/2514
f 2147/2147/2147 2514/2514/2514 2148/2148/2148
f 2019/2019/2019 2018/2018/2018 2245/2245/2245
f 2019/2019/2019 2245/2245/2245 2025/2025/2025
f 2515/2515/2515 2017/2017/2017 2020/2020/2020
f 2515/2515/2515 2020/2020/2020 2516/2516/2516
f 2515/2515/2515 2517/2517/2517 2018/2018/2018
f 2515/2515/2515 2018/2018/2018 2017/2017/2017
f 1838/1838/1838 2518/2518/2518 2020/2020/2020
f 1838/1838/1838 2020/2020/2020 1839/1839/1839
f 2009/2009/2009 2474/2474/2474 2475/2475/2475
f 2009/2009/2009 2475/2475/2475 2251/2251/2251
f 2519/2519/2519 2471/2471/2471 2473/2473/2473
f 2519/2519/2519 2473/2473/2473 2420/2420/2420
f 2519/2519/2519 2167/2167/2167 2472/2472/2472
f 2519/2519/2519 2472/2472/2472 2471/2471/2471
f 2170/2170/2170 1936/1936/1936 2470/2470/2470
f 2170/2170/2170 2470/2470/2470 2469/2469/2469
f 2520/2520/2520 2466/2466/2466 2468/2468/2468
f 2520/2520/2520 2468/2468/2468 1979/1979/1979
f 2520/2520/2520 2248/2248/2248 2467/2467/2467
f 2520/2520/2520 2467/2467/2467 2466/2466/2466
f 2465/2465/2465 2521/2521/2521 2473/2473/2473
f 2465/2465/2465 2473/2473/2473 2160/2160/2160
f 2246/2246/2246 2467/2467/2467 2475/2475/2475
f 2246/2246/2246 2475/2475/2475 2016/2016/2016
f 2164/2164/2164 2472/2472/2472 2469/2469/2469
f 2164/2164/2164 2469/2469/2469 2175/2175/2175
f 2476/2476/2476 2522/2522/2522 2523/2523/2523
f 2476/2476/2476 2523/2523/2523 2477/2477/2477
f 2476/2476/2476 2014/2014/2014 2474/2474/2474
f 2476/2476/2476 2474/2474/2474 2522/2522/2522
f 2478/2478/2478 2524/2524/2524 2468/2468/2468
f 2478/2478/2478 2468/2468/2468 2243/2243/2243
f 2479/2479/2479 2525/2525/2525 2524/2524/2524
f 2479/2479/2479 2524/2524/2524 2478/2478/2478
f 2480/2480/2480 2526/2526/2526 2525/2525/2525
f 2480/2480/2480 2525/2525/2525 2479/2479/2479
f 2481/2481/2481 2527/2527/2527 2526/2526/2526
f 2481/2481/2481 2526/2526/2526 2480/2480/2480
f 2482/2482/2482 2528/2528/2528 2527/2527/2527
f 2482/2482/2482 2527/2527/2527 2481/2481/2481
f 2483/2483/2483 2529/2529/2529 2528/2528/2528
f 2483/2483/2483 2528/2528/2528 2482/2482/2482
f 2484/2484/2484 2530/2530/2530 2529/2529/2529
f 2484/2484/2484 2529/2529/2529 2483/2483/2483
f 2485/2485/2485 2531/2531/2531 2530/2530/2530
f 2485/2485/2485 2530/2530/2530 2484/2484/2484
f 2486/2486/2486 2532/2532/2532 2531/2531/2531
f 2486/2486/2486 2531/2531/2531 2485/2485/2485
f 2487/2487/2487 2533/2533/2533 2532/2532/2532
f 2487/2487/2487 2532/2532/2532 2486/2486/2486
f 2488/2488/2488 2534/2534/2534 2533/2533/2533
f 2488/2488/2488 2533/2533/2533 2487/2487/2487
f 2489/2489/2489 2535/2535/2535 2534/2534/2534
f 2489/2489/2489 2534/2534/2534 2488/2488/2488
f 2490/2490/2490 2536/2536/2536 2535/2535/2535
f 2490/2490/2490 2535/2535/2535 2489/2489/2489
f 2491/2491/2491 2537/2537/2537 2536/2536/2536
f 2491/2491/2491 2536/2536/2536 2490/2490/2490
f 2491/2491/2491 2176/2176/2176 2470/2470/2470
f 2491/2491/2491 2470/2470/2470 2537/2537/2537
f 2538/2538/2538 2021/2021/2021 2517/2517/2517
f 2538/2538/2538 2517/2517/2517 2515/2515/2515
f 2538/2538/2538 2515/2515/2515 2516/2516/2516
f 2538/2538/2538 2516/2516/2516 1837/1837/1837
f 2155/2155/2155 2512/2512/2512 2511/2511/2511
f 2155/2155/2155 2511/2511/2511 2539/2539/2539
f 2540/2540/2540 2539/2539/2539 2511/2511/2511
f 2540/2540/2540 2511/2511/2511 2509/2509/2509
f 2540/2540/2540 2509/2509/2509 2510/2510/2510
f 2540/2540/2540 2510/2510/2510 2181/2181/2181
f 2240/2240/2240 2492/2492/2492 2493/2493/2493
f 2240/2240/2240 2493/2493/2493 2024/2024/2024
f 2494/2494/2494 2244/2244/2244 2492/2492/2492
f 2494/2494/2494 2492/2492/2492 2541/2541/2541
f 2495/2495/2495 2494/2494/2494 2541/2541/2541
f 2495/2495/2495 2541/2541/2541 2542/2542/2542
f 2496/2496/2496 2495/2495/2495 2542/2542/2542
f 2496/2496/2496 2542/2542/2542 2543/2543/2543
f 2497/2497/2497 2496/2496/2496 2543/2543/2543
f 2497/2497/2497 2543/2543/2543 2544/2544/2544
f 2498/2498/2498 2497/2497/2497 2544/2544/2544
f 2498/2498/2498 2544/2544/2544 2545/2545/2545
f 2499/2499/2499 2498/2498/2498 2545/2545/2545
f 2499/2499/2499 2545/2545/2545 2546/2546/2546
f 2500/2500/2500 2499/2499/2499 2546/2546/2546
f 2500/2500/2500 2546/2546/2546 2547/2547/2547
f 2501/2501/2501 2500/2500/2500 2547/2547/2547
f 2501/2501/2501 2547/2547/2547 2548/2548/2548
f 2502/2502/2502 2501/2501/2501 2548/2548/2548
f 2502/2502/2502 2548/2548/2548 2549/2549/2549
f 2503/2503/2503 2502/2502/2502 2549/2549/2549
f 2503/2503/2503 2549/2549/2549 2550/2550/2550
f 2504/2504/2504 2503/2503/2503 2550/2550/2550
f 2504/2504/2504 2550/2550/2550 2551/2551/2551
f 2505/2505/2505 2504/2504/2504 2551/2551/2551
f 2505/2505/2505 2551/2551/2551 2552/2552/2552
f 2506/2506/2506 2505/2505/2505 2552/2552/2552
f 2506/2506/2506 2552/2552/2552 2553/2553/2553
f 2507/2507/2507 2506/2506/2506 2553/2553/2553
f 2507/2507/2507 2553/2553/2553 2554/2554/2554
f 2508/2508/2508 2507/2507/2507 2554/2554/2554
f 2508/2508/2508 2554/2554/2554 2555/2555/2555
f 2174/2174/2174 2508/2508/2508 2555/2555/2555
f 2174/2174/2174 2555/2555/2555 2510/2510/2510
f 2513/2513/2513 2161/2161/2161 2512/2512/2512
f 2513/2513/2513 2512/2512/2512 2556/2556/2556
f 2513/2513/2513 2556/2556/2556 2557/2557/2557
f 2513/2513/2513 2557/2557/2557 2514/2514/2514
f 2018/2018/2018 2517/2517/2517 2493/2493/2493
f 2018/2018/2018 2493/2493/2493 2245/2245/2245
f 2518/2518/2518 2558/2558/2558 2516/2516/2516
f 2518/2518/2518 2516/2516/2516 2020/2020/2020
f 2241/2241/2241 2240/2240/2240 2024/2024/2024
f 2241/2241/2241 2024/2024/2024 2023/2023/2023
f 2559/2559/2559 2540/2540/2540 2181/2181/2181
f 2559/2559/2559 2181/2181/2181 2184/2184/2184
f 2559/2559/2559 2560/2560/2560 2539/2539/2539
f 2559/2559/2559 2539/2539/2539 2540/2540/2540
f 2156/2156/2156 2155/2155/2155 2539/2539/2539
f 2156/2156/2156 2539/2539/2539 2560/2560/2560
f 2561/2561/2561 2538/2538/2538 1837/1837/1837
f 2561/2561/2561 1837/1837/1837 1836/1836/1836
f 2561/2561/2561 2022/2022/2022 2021/2021/2021
f 2561/2561/2561 2021/2021/2021 2538/2538/2538
f 2541/2541/2541 2492/2492/2492 2240/2240/2240
f 2541/2541/2541 2240/2240/2240 2238/2238/2238
f 2542/2542/2542 2541/2541/2541 2238/2238/2238
f 2542/2542/2542 2238/2238/2238 2235/2235/2235
f 2543/2543/2543 2542/2542/2542 2235/2235/2235
f 2543/2543/2543 2235/2235/2235 2231/2231/2231
f 2544/2544/2544 2543/2543/2543 2231/2231/2231
f 2544/2544/2544 2231/2231/2231 2227/2227/2227
f 2545/2545/2545 2544/2544/2544 2227/2227/2227
f 2545/2545/2545 2227/2227/2227 2223/2223/2223
f 2546/2546/2546 2545/2545/2545 2223/2223/2223
f 2546/2546/2546 2223/2223/2223 2219/2219/2219
f 2547/2547/2547 2546/2546/2546 2219/2219/2219
f 2547/2547/2547 2219/2219/2219 2215/2215/2215
f 2548/2548/2548 2547/2547/2547 2215/2215/2215
f 2548/2548/2548 2215/2215/2215 2211/2211/2211
f 2549/2549/2549 2548/2548/2548 2211/2211/2211
f 2549/2549/2549 2211/2211/2211 2207/2207/2207
f 2550/2550/2550 2549/2549/2549 2207/2207/2207
f 2550/2550/2550 2207/2207/2207 2203/2203/2203
f 2551/2551/2551 2550/2550/2550 2203/2203/2203
f 2551/2551/2551 2203/2203/2203 2199/2199/2199
f 2552/2552/2552 2551/2551/2551 2199/2199/2199
f 2552/2552/2552 2199/2199/2199 2195/2195/2195
f 2553/2553/2553 2552/2552/2552 2195/2195/2195
f 2553/2553/2553 2195/2195/2195 2191/2191/2191
f 2554/2554/2554 2553/2553/2553 2191/2191/2191
f 2554/2554/2554 2191/2191/2191 2187/2187/2187
f 2555/2555/2555 2554/2554/2554 2187/2187/2187
f 2555/2555/2555 2187/2187/2187 2182/2182/2182
f 2510/2510/2510 2555/2555/2555 2182/2182/2182
f 2510/2510/2510 2182/2182/2182 2181/2181/2181
f 2556/2556/2556 2512/2512/2512 2155/2155/2155
f 2556/2556/2556 2155/2155/2155 2149/2149/2149
f 2556/2556/2556 2149/2149/2149 2152/2152/2152
f 2556/2556/2556 2152/2152/2152 2557/2557/2557
f 2517/2517/2517 2021/2021/2021 2024/2024/2024
f 2517/2517/2517 2024/2024/2024 2493/2493/2493
f 2558/2558/2558 1834/1834/1834 1837/1837/1837
f 2558/2558/2558 1837/1837/1837 2516/2516/2516
f 2562/2562/2562 2249/2249/2249 2248/2248/2248
f 2562/2562/2562 2248/2248/2248 2520/2520/2520
f 2562/2562/2562 2520/2520/2520 1979/1979/1979
f 2562/2562/2562 1979/1979/1979 1978/1978/1978
f 2169/2169/2169 1937/1937/1937 1936/1936/1936
f 2169/2169/2169 1936/1936/1936 2170/2170/2170
f 2563/2563/2563 2168/2168/2168 2167/2167/2167
f 2563/2563/2563 2167/2167/2167 2519/2519/2519
f 2563/2563/2563 2519/2519/2519 2420/2420/2420
f 2563/2563/2563 2420/2420/2420 2419/2419/2419
f 2010/2010/2010 2009/2009/2009 2251/2251/2251
f 2010/2010/2010 2251/2251/2251 2250/2250/2250
f 2521/2521/2521 2417/2417/2417 2420/2420/2420
f 2521/2521/2521 2420/2420/2420 2473/2473/2473
f 2467/2467/2467 2248/2248/2248 2251/2251/2251
f 2467/2467/2467 2251/2251/2251 2475/2475/2475
f 2472/2472/2472 2167/2167/2167 2170/2170/2170
f 2472/2472/2472 2170/2170/2170 2469/2469/2469
f 2522/2522/2522 2008/2008/2008 2013/2013/2013
f 2522/2522/2522 2013/2013/2013 2523/2523/2523
f 2522/2522/2522 2474/2474/2474 2009/2009/2009
f 2522/2522/2522 2009/2009/2009 2008/2008/2008
f 2524/2524/2524 1976/1976/1976 1979/1979/1979
f 2524/2524/2524 1979/1979/1979 2468/2468/2468
f 2525/2525/2525 1973/1973/1973 1976/1976/1976
f 2525/2525/2525 1976/1976/1976 2524/2524/2524
f 2526/2526/2526 1970/1970/1970 1973/1973/1973
f 2526/2526/2526 1973/1973/1973 2525/2525/2525
f 2527/2527/2527 1967/1967/1967 1970/1970/1970
f 2527/2527/2527 1970/1970/1970 2526/2526/2526
f 2528/2528/2528 1964/1964/1964 1967/1967/1967
f 2528/2528/2528 1967/1967/1967 2527/2527/2527
f 2529/2529/2529 1961/1961/1961 1964/1964/1964
f 2529/2529/2529 1964/1964/1964 2528/2528/2528
f 2530/2530/2530 1958/1958/1958 1961/1961/1961
f 2530/2530/2530 1961/1961/1961 2529/2529/2529
f 2531/2531/2531 1955/1955/1955 1958/1958/1958
f 2531/2531/2531 1958/1958/1958 2530/2530/2530
f 2532/2532/2532 1952/1952/1952 1955/1955/1955
f 2532/2532/2532 1955/1955/1955 2531/2531/2531
f 2533/2533/2533 1949/1949/1949 1952/1952/1952
f 2533/2533/2533 1952/1952/1952 2532/2532/2532
f 2534/2534/2534 1946/1946/1946 1949/1949/1949
f 2534/2534/2534 1949/1949/1949 2533/2533/2533
f 2535/2535/2535 1943/1943/1943 1946/1946/1946
f 2535/2535/2535 1946/1946/1946 2534/2534/2534
f 2536/2536/2536 1940/1940/1940 1943/1943/1943
f 2536/2536/2536 1943/1943/1943 2535/2535/2535
f 2537/2537/2537 1935/1935/1935 1940/1940/1940
f 2537/2537/2537 1940/1940/1940 2536/2536/2536
f 2537/2537/2537 2470/2470/2470 1936/1936/1936
f 2537/2537/2537 1936/1936/1936 1935/1935/1935
